word,transcription
aada,/ˈɑːdɑ/
aaloi,/ˈɑːloi̯/
aastaika,/ˈɑːstɑi̯kɑ/
aampuussen,/ˈɑːmpuːsːen/
Aabrama,/ˈɑːbrɑmɑ/
aamu,/ˈɑːmu/
aamuiseel,/ˈɑːmui̯selːɑ/
aatto,/ˈɑːtːo/
aazbukki,/ˈɑːzbukːi/
a,/ˈɑ/
Aato,/ˈɑːto/
aarnitsa,/ˈɑːrnit͡sɑ/
aattua,/ˈɑːtːuɑ/
aanua,/ˈɑːnuɑ/
abessiva,/ˈɑbesːiʋɑ/
adra,/ˈɑdrɑ/
adessiva,/ˈɑdesːiʋɑ/
adjala,/ˈɑdjɑlɑ/
adressi,/ˈɑdresːi/
Afrikka,/ˈɑfrikːɑ/
aeroplana,/ˈɑeroplɑnɑ/
ackat,/ˈɑt͡ʃkɑt/
adria,/ˈɑdriɑ/
ah,/ˈɑh/
Agaffona,/ˈɑɡɑfːonɑ/
ablativa,/ˈɑblɑtiʋɑ/
aatuttaa,/ˈɑːtutːɑː/
ahavain,/ˈɑhɑʋɑi̯ne/
ahavoa,/ˈɑhɑʋoɑ/
ahkera,/ˈɑhkerɑ/
ahassos,/ˈɑhɑsːos/
ahavoja,/ˈɑhɑʋojɑ/
ahkerast,/ˈɑhkerɑstɑ/
adverba,/ˈɑdʋerbɑ/
adjektiva,/ˈɑdjektiʋɑ/
ahmastaa,/ˈɑhmɑstɑː/
ahmo,/ˈɑhmo/
ahas,/ˈɑhɑs/
ahava,/ˈɑhɑʋɑ/
ahnas,/ˈɑhnɑs/
ahissos,/ˈɑhisːos/
ahmia,/ˈɑhmiɑ/
ahistaa,/ˈɑhistɑː/
ahos,/ˈɑhos/
aho,/ˈɑho/
aattonna,/ˈɑːtːonːɑ/
ahven,/ˈɑhʋen/
ahteriseili,/ˈɑhterisei̯li/
ahteri,/ˈɑhteri/
ahteritammes,/ˈɑhteritɑmːes/
ai,/ˈɑi̯/
ahterispeili,/ˈɑhterispei̯li/
aika,/ˈɑi̯kɑ/
ahteritoppi,/ˈɑhteritopːi/
aijaa,/ˈɑjɑː/
aijanseiväs,/ˈɑi̯jɑnsei̯ʋæs/
aijan,/ˈɑi̯jɑn/
ahtaa,/ˈɑhtɑː/
aijas,/ˈɑi̯jɑs/
aikkaa,/ˈɑi̯kːɑː/
aikain,/ˈɑi̯kɑi̯ne/
aima,/ˈɑi̯mɑ/
aikaisee,/ˈɑi̯kɑi̯seː/
ain,/ˈɑi̯n/
aikointaikoin,/ˈɑi̯koi̯n ˈtɑi̯koi̯n/
aimastaa,/ˈɑi̯mɑstɑː/
airo,/ˈɑi̯ro/
aikamitta,/ˈɑi̯kɑmitːɑ/
aikaa,/ˈɑi̯kɑː/
aisakello,/ˈɑi̯sɑkelːo/
ainava,/ˈɑi̯nɑʋɑ/
aina,/ˈɑi̯nɑ/
aita,/ˈɑi̯tɑ/
aitta,/ˈɑi̯tːɑ/
aisarauta,/ˈɑi̯sɑrɑu̯tɑ/
aine,/ˈɑi̯ne/
aivas,/ˈɑi̯ʋɑs/
aivastaissa,/ˈɑi̯ʋɑstɑi̯sːɑ/
aista,/ˈɑistɑ/
aivot,/ˈɑi̯ʋot/
aivina,/ˈɑi̯ʋinɑ/
ajama,/ˈɑjɑmɑ/
aivinain,/ˈɑi̯ʋinɑi̯ne/
ajatos,/ˈɑjɑtos/
aivassus,/ˈɑi̯ʋɑsːus/
ajotee,/ˈɑjoteː/
ajella,/ˈɑjelːɑ/
ak,/ˈɑk/
akka,/ˈɑkːɑ/
akkuna,/ˈɑkːunɑ/
akko,/ˈɑkːo/
ajanveetto,/ˈɑjɑnʋeːtːo/
al,/ˈɑlːɑ/
aktinidia,/ˈɑktinidiɑ/
akatsia,/ˈɑkɑt͡siɑ/
akula,/ˈɑkulɑ/
ala,/ˈɑlɑ/
alakeeli,/ˈɑlɑkeːli/
alaitse,/ˈɑlɑi̯t͡se/
alahuuli,/ˈɑlɑhuːli/
alas,/ˈɑlɑs/
alaosa,/ˈɑlɑosɑ/
alasokka,/ˈɑlɑsokːɑ/
alaselys,/ˈɑlɑselys/
alasvirta,/ˈɑlɑsʋirtɑ/
alatasanko,/ˈɑlɑtɑsɑŋko/
alaspäin,/ˈɑlɑspæi̯/
alastoin,/ˈɑlɑstoi̯n/
ali,/ˈɑli/
alassi,/ˈɑlɑsːi/
alileuka,/ˈɑlileu̯kɑ/
alfavitta,/ˈɑlfɑʋitːɑ/
alkamaa,/ˈɑlkɑmɑː/
alkaa,/ˈɑlkɑː/
aleta,/ˈɑletɑ/
alkukonsonantta,/ˈɑlkukonsonɑntːɑ/
alkujutto,/ˈɑlkujutːo/
alkuperä,/ˈɑlkuperæ/
alkuškoulu,/ˈɑlkuʃkou̯lu/
alkutiito,/ˈɑlkutiːto/
alt,/ˈɑltɑ/
allaalt,/ˈɑlɑːltɑ/
alle,/ˈɑlːe/
alto,/ˈɑlto/
allativa,/ˈɑlːɑtiʋɑ/
aluhame,/ˈɑluhɑme/
aluhuuli,/ˈɑluhuːli/
alttari,/ˈɑltːɑri/
alusmeisteri,/ˈɑlusmei̯steri/
alumain,/ˈɑlumɑi̯ne/
alutella,/ˈɑlutelːɑ/
alutos,/ˈɑlutos/
aluotsa,/ˈɑluot͡sɑ/
aluttaa,/ˈɑlutːɑː/
ammi,/ˈɑmːi/
aluspoduška,/ˈɑluspoduʃkɑ/
ammatti,/ˈɑmːɑtːi/
ammua,/ˈɑmːuɑ/
aluverkko,/ˈɑluʋerkːo/
ampumiin,/ˈɑmpumine/
ammattimees,/ˈɑmːɑtːimeːs/
anna,/ˈɑnːɑ/
ankkuriis,/ˈɑŋkːurisːɑ/
ammus,/ˈɑmːus/
Andree,/ˈɑndreː/
Annuška,/ˈɑnːuʃkɑ/
ansa,/ˈɑnsɑ/
antelikas,/ˈɑntelikɑs/
Anttikristus,/ˈɑntːikristus/
antura,/ˈɑnturɑ/
antakaa,/ˈɑntɑkɑː/
antiissa,/ˈɑntiːsːɑ/
aposteli,/ˈɑposteli/
apilain,/ˈɑpilɑi̯ne/
apu,/ˈɑpu/
apaja,/ˈɑpɑjɑ/
api,/ˈɑpi/
arassutella,/ˈɑrɑsːutelːɑ/
apihua,/ˈɑpihuɑ/
apreli,/ˈɑpreli/
arassuttaa,/ˈɑrɑsːutːɑː/
arbuza,/ˈɑrbuzɑ/
apulain,/ˈɑpulɑi̯ne/
aressoittaa,/ˈɑresːoi̯tːɑː/
apusana,/ˈɑpusɑnɑ/
aresti,/ˈɑresti/
arastua,/ˈɑrɑstuɑ/
Arhippa,/ˈɑripːɑ/
arastaa,/ˈɑrɑstɑː/
arhirei,/ˈɑrhirei̯/
arkirooka,/ˈɑrkiroːkɑ/
armas,/ˈɑrmɑs/
arkipäiväin,/ˈɑrkipæi̯ʋæi̯ne/
armo,/ˈɑrmo/
arkkana,/ˈɑrkːɑnɑ/
arkaloontoin,/ˈɑrkɑloːntoi̯ne/
armimain,/ˈɑrmimɑi̯ne/
aroittaa,/ˈɑroi̯tːɑː/
arpi,/ˈɑrpi/
armastaa,/ˈɑrmɑstɑː/
armahtaa,/ˈɑrmɑhtɑː/
armotoin,/ˈɑrmotoi̯n/
arvata,/ˈɑrʋɑtɑ/
arvo,/ˈɑrʋo/
arvaavalliin,/ˈɑrʋɑːʋɑlːine/
artteli,/ˈɑrtːeli/
arpa,/ˈɑrpɑ/
arvoittaa,/ˈɑrʋoi̯tːɑː/
arvolliin,/ˈɑrʋolːine/
arvaava,/ˈɑrʋɑːʋɑ/
asettaa,/ˈɑsetːɑː/
arvokas,/ˈɑrʋokɑs/
asettaissa,/ˈɑsetːɑi̯sːɑ/
ast,/ˈɑstɑ/
asettua,/ˈɑsetːuɑ/
asse,/ˈɑsːe/
astava,/ˈɑstɑʋɑ/
astarga,/ˈɑstɑrɡɑ/
astua,/ˈɑstuɑ/
atlasnoi,/ˈɑtlɑsnoi̯/
astavoittaa,/ˈɑstɑʋoi̯tːɑː/
aukinain,/ˈɑu̯kinɑi̯ne/
auki,/ˈɑu̯ki/
aukka,/ˈɑu̯kːɑ/
Australia,/ˈɑu̯strɑliɑ/
atamaani,/ˈɑtɑmɑːni/
Atu,/ˈɑtu/
aukko,/ˈɑu̯kːo/
avahua,/ˈɑʋɑhuɑ/
avaro,/ˈɑʋɑro/
avata,/ˈɑʋɑtɑ/
avgusta,/ˈɑʋɡustɑ/
avahtua,/ˈɑʋɑhtuɑ/
aula,/ˈɑulɑ/
avaroittaa,/ˈɑʋɑroi̯tːɑː/
avanto,/ˈɑʋɑnto/
avattu,/ˈɑʋɑtːu/
avvain,/ˈɑʋɑi̯ne/
avonain,/ˈɑʋonɑi̯ne/
azbukki,/ˈɑzbukːi/
avollaa,/ˈɑʋolːɑː/
avittaa,/ˈɑʋitːɑː/
baabuška,/ˈbɑːbuʃkɑ/
avosuu,/ˈɑʋosuː/
avuttaa,/ˈɑʋutːɑː/
balagana,/ˈbɑlɑɡɑnɑ/
babka,/ˈbɑbkɑ/
banttasolmi,/ˈbɑntːɑsolmi/
bajani,/ˈbɑjɑni/
balalaikka,/ˈbɑlɑlɑi̯kːɑ/
bankivakana,/ˈbɑŋkiʋɑkɑnɑ/
bankivakukko,/ˈbɑŋkiʋɑkukːo/
barabana,/ˈbɑrɑbɑnɑ/
barometra,/ˈbɑrometrɑ/
begemootta,/ˈbeɡemoːtːɑ/
bantta,/ˈbɑntːɑ/
bardakka,/ˈbɑrdɑkːɑ/
bašmakki,/ˈbɑʃmɑkːi/
bibliotekka,/ˈbibliotekːɑ/
bedra,/ˈbedrɑ/
bašmakka,/ˈbɑʃmɑkːɑ/
beekki,/ˈbeːkːi/
Bibliä,/ˈbibliæ/
bläättiä,/ˈblæːtːiæ/
bläädi,/ˈblæːdi/
bintta,/ˈbintːɑ/
boinoi,/ˈboi̯noi̯/
bomba,/ˈbombɑ/
boltuška,/ˈboltuʃkɑ/
borkkana,/ˈborkːɑnɑ/
bohatteri,/ˈbohɑtːeri/
bortsa,/ˈbort͡sɑ/
bolnitsa,/ˈbolnit͡sɑ/
boravikko,/ˈborɑʋikːo/
broška,/ˈbroʃkɑ/
bombittaa,/ˈbombitːɑː/
brigada,/ˈbriɡɑdɑ/
bukva,/ˈbukʋɑ/
bukvat,/ˈbukʋɑt/
bronha,/ˈbronhɑ/
braakkaa,/ˈbrɑːkːɑː/
budilnikka,/ˈbudilnikːɑ/
bulafka,/ˈbulɑfkɑ/
bulkka,/ˈbulkːɑ/
bumaga,/ˈbumɑɡɑ/
burnoi,/ˈburnoi̯/
bähättää,/ˈbæhætːæː/
bäkättää,/ˈbækætːæː/
cakatella,/ˈt͡ʃɑkɑtelːɑ/
bälättää,/ˈbælætːæː/
cerdakka,/ˈt͡ʃerdɑkːɑ/
bärämä,/ˈbæræmæ/
cernila,/ˈt͡ʃernilɑ/
cecevitsa,/ˈt͡ʃet͡ʃeʋit͡sɑ/
cereda,/ˈt͡ʃeredɑ/
cerepaha,/ˈt͡ʃerepɑhɑ/
cakattaa,/ˈt͡ʃɑkɑtːɑː/
certežä,/ˈt͡ʃerteʒæ/
cikertää,/ˈt͡ʃikertæː/
cesnokka,/ˈt͡ʃesnokːɑ/
ciukkaa,/ˈt͡ʃiu̯kːɑː/
certeža,/ˈt͡ʃerteʒɑ/
cudakka,/ˈt͡ʃudɑkːɑ/
clena,/ˈt͡ʃlenɑ/
cuguna,/ˈt͡ʃuɡunɑ/
cortta,/ˈt͡ʃortːɑ/
curahtaa,/ˈt͡ʃurɑhtɑː/
cukca,/ˈt͡ʃukt͡ʃɑ/
cäinikkä,/ˈt͡ʃæi̯nikːæ/
cur,/ˈt͡ʃur/
da,/ˈdɑ/
cugunikka,/ˈt͡ʃuɡunikːɑ/
dai,/ˈdɑi/
cäinöi,/ˈt͡ʃæi̯nøi̯/
cäsönä,/ˈt͡ʃæsønæ/
davai,/ˈdɑʋɑi̯/
dekabri,/ˈdekɑbri/
Darja,/ˈdɑrjɑ/
detsi,/ˈdet͡si/
daže,/ˈdɑʒe/
Danila,/ˈdɑnilɑ/
dobra,/ˈdobrɑ/
dialekta,/ˈdiɑlektɑ/
dekabrikuu,/ˈdekɑbrikuː/
detsimetra,/ˈdet͡simetrɑ/
dohteri,/ˈdohteri/
doska,/ˈdoskɑ/
draastui,/ˈdrɑːstui̯/
duuba,/ˈduːbɑ/
dohtori,/ˈdohtori/
duumata,/ˈduːmɑtɑ/
dvortsa,/ˈdʋort͡sɑ/
eglen,/ˈeɡlen/
däädä,/ˈdæːdæ/
ehkä,/ˈehkæ/
eelus,/ˈeːlus/
egliin,/ˈeɡline/
ei,/ˈei̯/
ehtiissä,/ˈehtiːsːæ/
eine,/ˈei̯ne/
eik,/ˈei̯kæ/
eitsi,/ˈei̯t͡si/
ehittää,/ˈehitːæː/
ekskavatora,/ˈekskɑʋɑtorɑ/
elektricestva,/ˈelektrit͡ʃestʋɑ/
eksessiva,/ˈeksesːiʋɑ/
elellä,/ˈelelːæ/
eli,/ˈeli/
elektrostantsia,/ˈelektrostɑnt͡siɑ/
eitsinikka,/ˈei̯t͡sinikːɑ/
elo,/ˈelo/
ellää,/ˈelæː/
elohoone,/ˈelohoːne/
elativa,/ˈelɑtiʋɑ/
elokas,/ˈelokɑs/
elkää,/ˈelkæː/
elpyä,/ˈelpyæ/
elokasmaailma,/ˈelokɑsmɑːilmɑ/
elvyttää,/ˈelʋytːæː/
elämä,/ˈelæmæ/
elähtää,/ˈelæhtæː/
elopaikka,/ˈelopɑi̯kːɑ/
elosooni,/ˈelosoːni/
elävä,/ˈelæʋæ/
elustaa,/ˈelustɑː/
emä,/ˈemæ/
elävähoppia,/ˈelæʋæhopiɑ/
elättäjä,/ˈelætːæjæ/
emäin,/ˈemæi̯ne/
emintimä,/ˈemintimæ/
emälammas,/ˈemælɑmːɑs/
emäkasvo,/ˈemækɑsʋo/
emohut,/ˈemohut/
emäkana,/ˈemækɑnɑ/
emo,/ˈemo/
emänoora,/ˈemænoːrɑ/
emätöin,/ˈemætøi̯n/
en,/ˈen/
emäntä,/ˈemæntæ/
emänain,/ˈemænɑi̯ne/
emäpuu,/ˈemæpuː/
enemmittee,/ˈenemːitːeː/
enne,/ˈenːe/
energia,/ˈenerɡiɑ/
enemp,/ˈenempi/
ennää,/ˈenæː/
ennettää,/ˈenːetːæː/
ensi,/ˈensi/
ensikää,/ˈensikæː/
ensistää,/ˈensistæː/
ensiks,/ˈensikse/
entiin,/ˈentine/
ensimäin,/ˈensimæi̯ne/
ensipäivä,/ˈensipæi̯ʋæ/
epäjumala,/ˈepæjumɑlɑ/
epäellä,/ˈepæelːæ/
eri,/ˈeri/
erahussa,/ˈerɑhusːɑ/
epässyttää,/ˈepæsːytːæː/
epästyä,/ˈepæstyæ/
eriksee,/ˈerikseː/
erimittee,/ˈerimitːeː/
erahus,/ˈerɑhus/
erittäin,/ˈeritːæi̯n/
erittyä,/ˈeritːyæ/
ero,/ˈero/
eriliin,/ˈeriline/
erillää,/ˈerilːæː/
erittää,/ˈeritːæː/
erota,/ˈerotɑ/
erojaiset,/ˈerojɑi̯set/
esi,/ˈesi/
erityin,/ˈerityi̯ne/
esimerkiks,/ˈesimerkikse/
eroittaa,/ˈeroi̯tːɑː/
esipertti,/ˈesipertːi/
erroissa,/ˈeroi̯sːɑ/
esijalka,/ˈesijɑlkɑ/
esipaju,/ˈesipɑju/
eso,/ˈeso/
esse,/ˈesːe/
Estonia,/ˈestoniɑ/
estyä,/ˈestyæ/
et,/ˈet/
esipooli,/ˈesipoːli/
estää,/ˈestæː/
eskimosa,/ˈeskimosɑ/
etemmäks,/ˈetemːækse/
essiiva,/ˈesːiːʋɑ/
etemmälle,/ˈetemːælːe/
etemp,/ˈetemp/
etemmäitse,/ˈetemːæi̯t͡se/
etemmittee,/ˈetemːitːeː/
etemmält,/ˈetemːæltæ/
etsijä,/ˈet͡sijæ/
etempäin,/ˈetempæi̯ne/
etso,/ˈet͡so/
etsiä,/ˈet͡siæ/
ettee,/ˈeteː/
etujalka,/ˈetujɑlkɑ/
etähäisys,/ˈetæhæi̯sys/
etähittee,/ˈetæhitːeː/
etähäitse,/ˈetæhæi̯t͡se/
etähääl,/ˈetæːlːæ/
evenka,/ˈeʋeŋkɑ/
evät,/ˈeʋæt/
eus,/ˈeus/
familia,/ˈfɑmiliɑ/
etähält,/ˈetæːltæ/
Europpa,/ˈeu̯ropːɑ/
farfori,/ˈfɑrfori/
fizkulttuura,/ˈfizkultːuːrɑ/
flakku,/ˈflɑkːu/
fartukki,/ˈfɑrtukːi/
flaneli,/ˈflɑneli/
fevralikuu,/ˈfeʋrɑlikuː/
fookusnikka,/ˈfoːkusnikːɑ/
fonettiin,/ˈfonetːine/
forma,/ˈformɑ/
fortocka,/ˈfortot͡ʃkɑ/
fonari,/ˈfonɑri/
frantsilain,/ˈfrɑnt͡silɑi̯ne/
frovva,/ˈfroʋːɑ/
fundamentti,/ˈfundɑmentːi/
furskata,/ˈfurskɑtɑ/
Frantsia,/ˈfrɑnt͡siɑ/
Frolkka,/ˈfrolkːɑ/
gaika,/ˈɡɑi̯kɑ/
föklä,/ˈføklæ/
garmani,/ˈɡɑrmɑni/
garmonššikka,/ˈɡɑrmonʃːikːɑ/
genetiva,/ˈɡenetiʋɑ/
geografia,/ˈɡeoɡrɑfiɑ/
glaisa,/ˈɡlɑi̯sɑ/
gazetti,/ˈɡɑzetːi/
geografiakartta,/ˈɡeoɡrɑfiɑkɑrtːɑ/
glaisikko,/ˈɡlɑi̯sikːo/
glasi,/ˈɡlɑsi/
geografiatunni,/ˈɡeoɡrɑfiɑtunːi/
glava,/ˈɡlɑʋɑ/
gorilla,/ˈɡorilːɑ/
gloobusa,/ˈɡloːbusɑ/
glavnoi,/ˈɡlɑʋnoi̯/
gluuhhoi,/ˈɡluːxːoi̯/
golubi,/ˈɡolubi/
granitta,/ˈɡrɑnitːɑ/
gluuhkoi,/ˈɡluːhkoi̯/
gorba,/ˈɡorbɑ/
gorbain,/ˈɡorbɑi̯ne/
greecinain,/ˈɡreːt͡ʃinɑi̯ne/
gramma,/ˈɡrɑmːɑ/
greecinasuurima,/ˈɡreːt͡ʃinɑsuːrimɑ/
gruppa,/ˈɡrupːɑ/
greecina,/ˈɡreːt͡ʃinɑ/
gruuša,/ˈɡruːʃɑ/
gruušapuu,/ˈɡruːʃɑpuː/
guberni,/ˈɡuberni/
grusti,/ˈɡrusti/
haapakookka,/ˈhɑːpɑkoːkːɑ/
grььzi,/ˈɡrɨːzi/
gubernaattori,/ˈɡubernɑːtːori/
haapametsä,/ˈhɑːpɑmet͡sæ/
haapaseeni,/ˈhɑːpɑseːni/
haapakoukku,/ˈhɑːpɑkou̯kːu/
haara,/ˈhɑːrɑ/
haavavoije,/ˈhɑːʋɑʋoi̯je/
haava,/ˈhɑːʋɑ/
haaveri,/ˈhɑːʋeri/
haijoissa,/ˈhɑjoi̯sːɑ/
haarikas,/ˈhɑːrikɑs/
haikotella,/ˈhɑi̯kotelːɑ/
haikotus,/ˈhɑi̯kotus/
Haililooto,/ˈhɑi̯liloːto/
haikotuttaa,/ˈhɑi̯kotutːɑː/
haiso,/ˈhɑi̯so/
haissa,/ˈhɑi̯sːɑ/
haisua,/ˈhɑi̯suɑ/
haju,/ˈhɑju/
haisotella,/ˈhɑi̯sotelːɑ/
hajahtaa,/ˈhɑjɑhtɑː/
halata,/ˈhɑlɑtɑ/
hakuli,/ˈhɑkuli/
hajottaa,/ˈhɑjotːɑː/
halkomytty,/ˈhɑlkomytːy/
hakkiissa,/ˈhɑkːiːsːɑ/
halli,/ˈhɑlːi/
haleri,/ˈhɑleri/
hako,/ˈhɑko/
hallia,/ˈhɑliɑ/
hallia,/ˈhɑlːiɑ/
halluus,/ˈhɑlːuːs/
halva,/ˈhɑlʋɑ/
halla,/ˈhɑlːɑ/
hamara,/ˈhɑmɑrɑ/
hanhi,/ˈhɑne/
hana,/ˈhɑnɑ/
hanhenpaju,/ˈhɑnenpɑju/
Hanikki,/ˈhɑnikːi/
hapan,/ˈhɑpɑn/
hantara,/ˈhɑntɑrɑ/
hankkia,/ˈhɑŋkːiɑ/
hanko,/ˈhɑŋko/
hapalka,/ˈhɑpɑlkɑ/
hanki,/ˈhɑŋki/
hapa,/ˈhɑpɑ/
hapata,/ˈhɑpɑtɑ/
hapantaa,/ˈhɑpɑntɑː/
harakka,/ˈhɑrɑkːɑ/
hapuella,/ˈhɑpuelːɑ/
haravoija,/ˈhɑrɑʋoi̯jɑ/
hapukoitella,/ˈhɑpukoi̯telːɑ/
hapanvesi,/ˈhɑpɑnʋesi/
harja,/ˈhɑrjɑ/
happo,/ˈhɑpːo/
harkkia,/ˈhɑrkːiɑ/
harava,/ˈhɑrɑʋɑ/
harmaansiniin,/ˈhɑrmɑːnsinine/
harpata,/ˈhɑrpɑtɑ/
hartia,/ˈhɑrtiɑ/
harmaa,/ˈhɑrmɑː/
hartiajäsen,/ˈhɑrtiɑjæsen/
harotella,/ˈhɑrotelːɑ/
harva,/ˈhɑrʋɑ/
hattara,/ˈhɑtːɑrɑ/
hatara,/ˈhɑtɑrɑ/
hattu,/ˈhɑtːu/
hauki,/ˈhɑu̯ki/
haukka,/ˈhɑu̯kːɑ/
haukkumiin,/ˈhɑu̯kːumine/
hauta,/ˈhɑu̯tɑ/
hattarain,/ˈhɑtːɑrɑi̯ne/
harveta,/ˈhɑrʋetɑ/
haukkua,/ˈhɑu̯kːuɑ/
harvoin,/ˈhɑrʋoi̯n/
hattula,/ˈhɑtːulɑ/
heeno,/ˈheːno/
havupuu,/ˈhɑʋupuː/
havumetsä,/ˈhɑʋumet͡sæ/
hehettää,/ˈhehetːæː/
heikko,/ˈhei̯kːo/
havvata,/ˈhɑʋːɑtɑ/
hehkua,/ˈhehkuɑ/
heimo,/ˈhei̯mo/
heinä,/ˈhei̯næ/
heinäaika,/ˈhei̯næɑi̯kɑ/
hei,/ˈhei̯/
heil,/ˈhei̯lːæ/
heinähanko,/ˈhei̯næhɑŋko/
heinikko,/ˈhei̯nikːo/
heille,/ˈhei̯lːe/
heinämerta,/ˈhei̯næmertɑ/
heinähäkki,/ˈhei̯næhækːi/
heinäkäs,/ˈhei̯nækæs/
heinälaine,/ˈhei̯nælɑi̯ne/
helissä,/ˈhelisːæ/
heinämylly,/ˈhei̯næmylːy/
heinäserkka,/ˈhei̯næserkːɑ/
heittiissä,/ˈhei̯tːiːsːæ/
heinäsika,/ˈhei̯næsikɑ/
helliä,/ˈheliæ/
helliä,/ˈhelːijæ/
helmivirka,/ˈhelmiʋirkɑ/
helppo,/ˈhelpːo/
helmikerta,/ˈhelmikertɑ/
henki,/ˈheŋki/
henkähös,/ˈheŋkæhøs/
hepo,/ˈhepo/
helmusti,/ˈhelmusti/
hepoisenjooksu,/ˈhepoi̯senjoːksu/
hepoin,/ˈhepoi̯ne/
henkähösvoima,/ˈheŋkæhøsʋoi̯mɑ/
hepoisenriissat,/ˈhepoi̯senriːsːɑt/
heppoin,/ˈhepːoi̯n/
hepoislangokset,/ˈhepoi̯slɑŋɡokset/
herne,/ˈherne/
herkku,/ˈherkːu/
hepokala,/ˈhepokɑlɑ/
herkkä,/ˈherkːæ/
herttä,/ˈhertːæ/
Herra,/ˈherːɑ/
herissellä,/ˈherisːelːæ/
hers,/ˈhirsi/
hetin,/ˈhetin/
hernua,/ˈhernuɑ/
hialliin,/ˈhiɑlːine/
hiekäs,/ˈhiekæs/
hetas,/ˈhetɑs/
hietöin,/ˈhietøi̯n/
hiessöittää,/ˈhiesːøi̯tːæː/
hiirenherne,/ˈhiːrenherne/
hiirensitta,/ˈhiːrensitːɑ/
hiiri,/ˈhiːri/
hiilihappo,/ˈhiːlihɑpːo/
hiirenheinä,/ˈhiːrenhei̯næ/
hiirenvalkia,/ˈhiːrenʋɑlkiɑ/
hiiva,/ˈhiːʋɑ/
hiisnikka,/ˈhiːsnikːɑ/
hiki,/ˈhiki/
hiivakas,/ˈhiːʋɑkɑs/
hiiro,/ˈhiːro/
hiisnoi,/ˈhiːsnoi̯/
hiisnikkakala,/ˈhiːsnikːɑkɑlɑ/
himo,/ˈhimo/
hinta,/ˈhintɑ/
himottaa,/ˈhimotːɑː/
hiljakaistaa,/ˈhiljɑkɑi̯stɑː/
hiljetä,/ˈhiljetæ/
hirvi,/ˈhirʋi/
hiljaksee,/ˈhiljɑkseː/
hiljaa,/ˈhiljɑː/
hirnahtaa,/ˈhirnɑhtɑː/
hitto,/ˈhitːo/
hippiä,/ˈhipiæ/
hittolain,/ˈhitːolɑi̯ne/
hirnua,/ˈhirnuɑ/
hirvillää,/ˈhirʋilːæː/
hirnuksennella,/ˈhirnuksenːelːɑ/
hius,/ˈhiu̯s/
hivuttaa,/ˈhiʋutːɑː/
hirvistää,/ˈhirʋistæː/
hiutale,/ˈhiu̯tɑle/
hittoa,/ˈhitoɑ/
hoi,/ˈhoi̯/
hohottaa,/ˈhohotːɑː/
hoikkasooli,/ˈhoi̯kːɑsoːli/
hoitaja,/ˈhoi̯tɑjɑ/
hoitaa,/ˈhoi̯tɑː/
hoitua,/ˈhoi̯tuɑ/
homehoittaa,/ˈhomehoi̯tːɑː/
honka,/ˈhoŋkɑ/
hongakas,/ˈhoŋɡɑkɑs/
homehtua,/ˈhomehtuɑ/
honkametsä,/ˈhoŋkɑmet͡sæ/
hoitiissa,/ˈhoi̯tiːsːɑ/
hoolimatoin,/ˈhoːlimɑtoi̯n/
hooli,/ˈhoːli/
hookua,/ˈhoːkuɑ/
hoomata,/ˈhoːmɑtɑ/
hoomeen,/ˈhoːmeːn/
hoopa,/ˈhoːpɑ/
hoomukseel,/ˈhoːmukselːæ/
hoolia,/ˈhoːliɑ/
hoolia,/ˈhoːlijɑ/
hooriissa,/ˈhoːriːsːɑ/
hoomeniin,/ˈhoːmenine/
hopiain,/ˈhopiɑi̯ne/
hoovata,/ˈhoːʋɑtɑ/
Hospodi,/ˈhospodi/
hooranlaps,/ˈhoːrɑnlɑps/
hootava,/ˈhoːtɑʋɑ/
hot,/ˈhot/
horjua,/ˈhorjuɑ/
houkka,/ˈhou̯kːɑ/
hotka,/ˈhotkɑ/
horoma,/ˈhoromɑ/
houkas,/ˈhou̯kɑs/
huitsata,/ˈhui̯t͡sɑtɑ/
huja,/ˈhujɑ/
hukka,/ˈhukːɑ/
huimata,/ˈhui̯mɑtɑ/
huima,/ˈhui̯mɑ/
huiskia,/ˈhui̯skiɑ/
huimakas,/ˈhui̯mɑkɑs/
hovi,/ˈhoʋi/
huimattaa,/ˈhui̯mɑtːɑː/
hullukkain,/ˈhulːukːɑi̯ne/
hullust,/ˈhulːustɑ/
hukkahua,/ˈhukːɑhuɑ/
hukkahus,/ˈhukːɑhus/
humala,/ˈhumɑlɑ/
hullussella,/ˈhulːusːelːɑ/
hulkkua,/ˈhulkːuɑ/
hullu,/ˈhulːu/
hulpela,/ˈhulpelɑ/
hummer,/ˈhumːer/
humine,/ˈhumine/
humalluttaa,/ˈhumɑlːutːɑː/
humissa,/ˈhumisːɑ/
humuri,/ˈhumuri/
hutja,/ˈhutjɑ/
huuhtoa,/ˈhuːhtoɑ/
huuli,/ˈhuːli/
hursti,/ˈhursti/
hyle,/ˈhyle/
huntti,/ˈhuntːi/
hyppy,/ˈhypːy/
hylätä,/ˈhylætæ/
hyvin,/ˈhyʋin/
hylky,/ˈhylky/
hyvvyys,/ˈhyʋyːs/
hyvä,/ˈhyʋæ/
hyppiä,/ˈhypːiæ/
hyväntaholliin,/ˈhyʋæntɑholːine/
hyypiäs,/ˈhyːpiæs/
hyväntapain,/ˈhyʋæntɑpɑi̯ne/
häglä,/ˈhæɡlæ/
häikävälliin,/ˈhæi̯kæʋælːine/
häkki,/ˈhækːi/
häilytellä,/ˈhæi̯lytelːæ/
häjätä,/ˈhæjætæ/
häkä,/ˈhækæ/
hämmennellä,/ˈhæmːenːelːæ/
häikävä,/ˈhæi̯kæʋæ/
hämäri,/ˈhæmæri/
hämöverkko,/ˈhæmøʋerkːo/
hällö,/ˈhælːø/
hämärä,/ˈhæmæræ/
hän,/ˈhæn/
hännäkäs,/ˈhænːækæs/
hämärtyä,/ˈhæmærtyæ/
hänel,/ˈhænelːæ/
häpy,/ˈhæpy/
hänen,/ˈhænen/
härkä,/ˈhærkæ/
hännätöin,/ˈhænːætøi̯n/
häntäpiiluu,/ˈhæntæpiːluː/
härkin,/ˈhærkin/
häppiä,/ˈhæpiæ/
häpelikäs,/ˈhæpelikæs/
hätä,/ˈhætæ/
häryt,/ˈhæryt/
härytmaa,/ˈhærytmɑː/
härkäin,/ˈhærkæi̯ne/
hässiä,/ˈhæsːiæ/
hätämöry,/ˈhætæmøry/
hätähyä,/ˈhætæhyæ/
hätäapi,/ˈhætæɑpi/
hävviimiin,/ˈhæʋiːmine/
hävitöin,/ˈhæʋitøi̯n/
hävätä,/ˈhæʋætæ/
häylytellä,/ˈhæy̯lytelːæ/
hään,/ˈhæːn/
häät,/ˈhæːt/
häylää,/ˈhæy̯læː/
häylyttää,/ˈhæy̯lytːæː/
höblä,/ˈhøblæ/
hörkkä,/ˈhørkːæ/
hämmentyä,/ˈhæmːentyæ/
höyry,/ˈhøy̯ry/
hönkä,/ˈhøŋkæ/
i,/ˈi/
hörsky,/ˈhørsky/
hörhöläin,/ˈhørølæi̯ne/
höökö,/ˈhøːkø/
hötissä,/ˈhøtisːæ/
ihan,/ˈihɑn/
ien,/ˈien/
hövelin,/ˈhøʋelin/
ihastua,/ˈihɑstuɑ/
ihmetellä,/ˈihmetelːæ/
ihmekäs,/ˈihmekæs/
ihmiin,/ˈihmine/
ihmanne,/ˈihmɑnːe/
iho,/ˈiho/
ihmelliin,/ˈihmelːine/
Iilia,/ˈiːliɑ/
iimenäiset,/ˈiːmenæi̯set/
ikinää,/ˈikinæː/
ikkee,/ˈikeː/
ikä,/ˈikæ/
ikkunalle,/ˈikːunɑlːe/
ikostaa,/ˈikostɑː/
ikävys,/ˈikæʋys/
ikäyks,/ˈikæyks/
ilkiä,/ˈilkiæ/
ikkunalus,/ˈikːunɑlus/
ikävöijä,/ˈikæʋøi̯jæ/
ilma,/ˈilmɑ/
illaal,/ˈilːɑlːɑ/
ilmahtua,/ˈilmɑhtuɑ/
ilo,/ˈilo/
ilata,/ˈilɑtɑ/
ilta,/ˈiltɑ/
illastaa,/ˈilːɑstɑː/
ilmolintu,/ˈilmolintu/
ilve,/ˈilʋe/
ilves,/ˈilʋes/
iltain,/ˈiltɑi̯ne/
ilveskissa,/ˈilʋeskisːɑ/
imikko,/ˈimikːo/
imettävä,/ˈimetːæʋæ/
ilvehtiä,/ˈilʋehtiæ/
iltanna,/ˈiltɑnːɑ/
imikkohyle,/ˈimikːohyle/
India,/ˈindiɑ/
imikkoporsas,/ˈimikːoporsɑs/
imi,/ˈimi/
imisä,/ˈimisæ/
imikkosika,/ˈimikːosikɑ/
immiä,/ˈimiæ/
inhota,/ˈinotɑ/
inhimiin,/ˈinimine/
inhotos,/ˈinotos/
inari,/ˈinɑri/
inho,/ˈino/
inmiin,/ˈinmine/
instruktiva,/ˈinstruktiʋɑ/
Inkeri,/ˈiŋkeri/
irine,/ˈirine/
Iriska,/ˈiriskɑ/
inkerikko,/ˈiŋkerikːo/
inkerläin,/ˈiŋkerlæi̯ne/
irtonain,/ˈirtonɑi̯ne/
inženera,/ˈinʒenerɑ/
irvissös,/ˈirʋisːøs/
irvillää,/ˈirʋilːæː/
iskiä,/ˈiskiæ/
isku,/ˈisku/
issukki,/ˈisːukːi/
irvistää,/ˈirʋistæː/
Issakka,/ˈisːɑkːɑ/
isost,/ˈisostɑ/
issuttaa,/ˈisːutːɑː/
issukkivooro,/ˈisːukːiʋoːro/
issutella,/ˈisːutelːɑ/
istoria,/ˈistoriɑ/
isä,/ˈisæ/
istua,/ˈistuɑ/
itikka,/ˈitikːɑ/
itettää,/ˈitetːæː/
itse,/ˈit͡se/
itkiä,/ˈitkiæ/
isäntä,/ˈisæntæ/
ity,/ˈity/
itä,/ˈitæ/
itähyä,/ˈitæhyæ/
itkuin,/ˈitkui̯ne/
itkuin,/ˈitkui̯n/
ittää,/ˈitæː/
Ivo,/ˈiʋo/
itu,/ˈitu/
iys,/ˈiys/
itälounat,/ˈitælou̯nɑt/
ižora,/ˈiʒorɑ/
ižoralain,/ˈiʒorɑlɑi̯ne/
iättää,/ˈiætːæː/
ja,/ˈjɑ/
ižori,/ˈiʒori/
ižoran,/ˈiʒorɑn/
iäkäs,/ˈiækæs/
Jaakko,/ˈjɑːkːo/
jaadukas,/ˈjɑːdukɑs/
jaadu,/ˈjɑːdu/
jaanikukka,/ˈjɑːnikukːɑ/
Jaani,/ˈjɑːni/
jaama,/ˈjɑːmɑ/
jaala,/ˈjɑːlɑ/
jakkaa,/ˈjɑkɑː/
jaavali,/ˈjɑːʋɑli/
jaanikutu,/ˈjɑːnikutu/
jahtimees,/ˈjɑhtimeːs/
jakutta,/ˈjɑkutːɑ/
jahti,/ˈjɑhti/
jakahus,/ˈjɑkɑhus/
jaksaa,/ˈjɑksɑː/
jalka,/ˈjɑlkɑ/
jalas,/ˈjɑlɑs/
jalas,/ˈjɑlɑsːɑ/
jalanpohja,/ˈjɑlɑnpohjɑ/
jalkaja,/ˈjɑlkɑjɑ/
jalkamuna,/ˈjɑlkɑmunɑ/
jalkarätti,/ˈjɑlkɑrætːi/
jaloitella,/ˈjɑloi̯telːɑ/
jalkaisin,/ˈjɑlkɑi̯sin/
jalkakätyt,/ˈjɑlkɑkætyt/
jammoa,/ˈjɑmoɑ/
janvari,/ˈjɑnʋɑri/
jalussin,/ˈjɑlusːin/
jaloille,/ˈjɑloi̯lːe/
jamakka,/ˈjɑmɑkːɑ/
jaššikka,/ˈjɑʃːikːɑ/
jauhaa,/ˈjɑu̯hɑː/
jauho,/ˈjɑu̯ho/
jauhoa,/ˈjɑu̯hoɑ/
jauhakivi,/ˈjɑu̯hɑkiʋi/
jatkaa,/ˈjɑtkɑː/
jaslit,/ˈjɑslit/
Jefima,/ˈjefimɑ/
Jekima,/ˈjekimɑ/
jauha,/ˈjɑu̯hɑ/
jauhokas,/ˈjɑu̯hokɑs/
Jeppifana,/ˈjepːifɑnɑ/
Jauza,/ˈjɑuzɑ/
Jelena,/ˈjelenɑ/
jet,/ˈjet/
jo,/ˈjo/
jevangeli,/ˈjeʋɑŋɡeli/
joka,/ˈjokɑ/
jerantka,/ˈjerɑntkɑ/
Jelissee,/ˈjelisːeː/
jokapäiväin,/ˈjokɑpæi̯ʋæi̯ne/
jokaaikain,/ˈjokɑɑi̯kɑi̯ne/
jevree,/ˈjeʋreː/
joelt,/ˈjoeltɑ/
jokahiin,/ˈjokɑhine/
Johorka,/ˈjohorkɑ/
jompakumpa,/ˈjompɑkumpɑ/
jokko,/ˈjokːo/
joonitella,/ˈjoːnitelːɑ/
jooksu,/ˈjoːksu/
Joko,/ˈjoko/
jorvia,/ˈjorʋiɑ/
jooksuaika,/ˈjoːksuɑi̯kɑ/
jot,/ˈjot/
joossennella,/ˈjoːsːenːelːɑ/
joovva,/ˈjoːʋːɑ/
joomari,/ˈjoːmɑri/
joomukka,/ˈjoːmukːɑ/
joulujolkka,/ˈjou̯lujolkːɑ/
jos,/ˈjos/
joršši,/ˈjorʃːi/
jouhikas,/ˈjou̯hikɑs/
joulunveetto,/ˈjou̯lunʋeːtːo/
joutaa,/ˈjou̯tɑː/
jumala,/ˈjumɑlɑ/
Joulu,/ˈjou̯lu/
jouten,/ˈjou̯ten/
joutsen,/ˈjou̯t͡sen/
jumalanlintu,/ˈjumɑlɑnlintu/
jurmast,/ˈjurmɑstɑ/
jussi,/ˈjusːi/
jumalalliin,/ˈjumɑlɑlːine/
julittaa,/ˈjulitːɑː/
just,/ˈjust/
jute,/ˈjute/
jurma,/ˈjurmɑ/
jussikkoniitty,/ˈjusːikːoniːtːy/
jumalanlehmä,/ˈjumɑlɑnlehmæ/
jumaliin,/ˈjumɑline/
jumaliin,/ˈjumɑliːn/
juuri,/ˈjuːri/
jussikko,/ˈjusːikːo/
jutto,/ˈjutːo/
juustomaito,/ˈjuːstomɑi̯to/
jyllätä,/ˈjylːætæ/
juusto,/ˈjuːsto/
juutalain,/ˈjuːtɑlɑi̯ne/
jyrysae,/ˈjyrysɑe/
juurikarva,/ˈjuːrikɑrʋɑ/
jyry,/ˈjyry/
jyvä,/ˈjyʋæ/
jyrytellä,/ˈjyrytelːæ/
jyrähtää,/ˈjyræhtæː/
jäles,/ˈjælesːæ/
jälki,/ˈjælki/
jyvänsööjä,/ˈjyʋænsøːjæ/
jälkiä,/ˈjælkiæ/
jäinnä,/ˈjæi̯nːæ/
jälkinootta,/ˈjælkinoːtːɑ/
jänis,/ˈjænis/
jäniksensoolaheinä,/ˈjæniksensoːlɑhei̯næ/
jäns,/ˈjæns/
jällee,/ˈjælːeː/
jänö,/ˈjænø/
järkenää,/ˈjærkenæː/
järvi,/ˈjærʋi/
jämmiä,/ˈjæmiæ/
jättää,/ˈjætːæː/
jäntsähtää,/ˈjænt͡sæhtæː/
jäähytellä,/ˈjæːhytelːæ/
jäsensuma,/ˈjæsensumɑ/
jäägeli,/ˈjæːɡeli/
jäännös,/ˈjæːnːøs/
jäähyttää,/ˈjæːhytːæː/
jäähtyä,/ˈjæːhtyæ/
jäärunni,/ˈjæːrunːi/
jääkerros,/ˈjæːkerːos/
jäärävä,/ˈjæːræʋæ/
jääteli,/ˈjæːteli/
kaakattamiin,/ˈkɑːkɑtːɑmine/
kaakka,/ˈkɑːkːɑ/
jäättyä,/ˈjæːtːyæ/
kaakku,/ˈkɑːkːu/
kaaliain,/ˈkɑːlijɑi̯ne/
kaalimaali,/ˈkɑːlimɑːli/
kaarre,/ˈkɑːrːe/
kaanu,/ˈkɑːnu/
kaartaa,/ˈkɑːrtɑː/
kabakka,/ˈkɑbɑkːɑ/
kaarto,/ˈkɑːrto/
kaavi,/ˈkɑːʋi/
kagla,/ˈkɑɡlɑ/
kaaska,/ˈkɑːskɑ/
kaglarätti,/ˈkɑɡlɑrætːi/
kaataa,/ˈkɑːtɑː/
kablukka,/ˈkɑblukːɑ/
kaglaluu,/ˈkɑɡlɑluː/
kaglašarffi,/ˈkɑɡlɑʃɑrfːi/
kagrapelto,/ˈkɑɡrɑpelto/
kagrasuurima,/ˈkɑɡrɑsuːrimɑ/
kagranrummen,/ˈkɑɡrɑnrumːen/
kaglus,/ˈkɑɡlus/
kaheks,/ˈkɑhekse/
kagrain,/ˈkɑɡrɑi̯ne/
kagrapurnu,/ˈkɑɡrɑpurnu/
kahmola,/ˈkɑhmolɑ/
kagrariihi,/ˈkɑɡrɑriːhi/
kaihoella,/ˈkɑi̯hoelːɑ/
kaheksaskymmenäs,/ˈkɑheksɑskymːenæs/
kaheksantoist,/ˈkɑheksɑntoi̯stɑ/
kaihota,/ˈkɑi̯hotɑ/
kaikellain,/ˈkɑi̯kelːɑi̯ne/
kaikkia,/ˈkɑi̯kːiɑ/
kainalo,/ˈkɑi̯nɑlo/
kaikenlain,/ˈkɑi̯kenlɑi̯ne/
kaivaa,/ˈkɑi̯ʋɑː/
kaikin,/ˈkɑi̯kin/
kaivo,/ˈkɑi̯ʋo/
kaila,/ˈkɑi̯lɑ/
kaikua,/ˈkɑi̯kuɑ/
kajava,/ˈkɑjɑʋɑ/
kaivokokka,/ˈkɑi̯ʋokokːɑ/
kaks,/ˈkɑks/
kaivertaa,/ˈkɑi̯ʋertɑː/
kakka,/ˈkɑkːɑ/
kaksikko,/ˈkɑksikːo/
kakko,/ˈkɑkːo/
kakskertain,/ˈkɑkskertɑi̯ne/
kaksnaaglain,/ˈkɑksnɑːɡlɑi̯ne/
kakshaarain,/ˈkɑkshɑːrɑi̯ne/
kaksikkoin,/ˈkɑksikːoi̯ne/
kaksikkoin,/ˈkɑksikːoi̯n/
kakskolmatta,/ˈkɑkskolmɑtːɑ/
kakskymmenäs,/ˈkɑkskymːenæs/
kala,/ˈkɑlɑ/
kakspohjain,/ˈkɑkspohjɑi̯ne/
kaksvootiin,/ˈkɑksʋoːtine/
kalakajava,/ˈkɑlɑkɑjɑʋɑ/
kaksznacnoi,/ˈkɑksznɑt͡ʃnoi̯/
kalamerta,/ˈkɑlɑmertɑ/
kalapiirakka,/ˈkɑlɑpiːrɑkːɑ/
kalanmukain,/ˈkɑlɑnmukɑi̯ne/
kalanrakko,/ˈkɑlɑnrɑkːo/
kalapaikka,/ˈkɑlɑpɑi̯kːɑ/
kalbassi,/ˈkɑlbɑsːi/
kalastaa,/ˈkɑlɑstɑː/
kalatoin,/ˈkɑlɑtoi̯n/
kalanpyytö,/ˈkɑlɑnpyːtø/
kalitka,/ˈkɑlitkɑ/
kalasuppi,/ˈkɑlɑsupːi/
kalinamarja,/ˈkɑlinɑmɑrjɑ/
kalla,/ˈkɑlːɑ/
kalkkuna,/ˈkɑlkːunɑ/
kallas,/ˈkɑlːɑs/
kallis,/ˈkɑlːis/
Kalinin,/ˈkɑlinin/
kalmaluu,/ˈkɑlmɑluː/
kalindora,/ˈkɑlindorɑ/
kallio,/ˈkɑljo/
kamala,/ˈkɑmɑlɑ/
kambala,/ˈkɑmbɑlɑ/
kalliokas,/ˈkɑljokɑs/
kamenšikka,/ˈkɑmenʃikːɑ/
kana,/ˈkɑnɑ/
kamppania,/ˈkɑmpːɑniɑ/
kaloja,/ˈkɑlojɑ/
kanajoukko,/ˈkɑnɑjou̯kːo/
kaltain,/ˈkɑltɑi̯ne/
kamara,/ˈkɑmɑrɑ/
kammari,/ˈkɑmːɑri/
kananmuna,/ˈkɑnɑnmunɑ/
kananhaukka,/ˈkɑnɑnhɑu̯kːɑ/
kanansilmä,/ˈkɑnɑnsilmæ/
kanava,/ˈkɑnɑʋɑ/
kanaporoda,/ˈkɑnɑporodɑ/
kankaroittaa,/ˈkɑŋkɑroi̯tːɑː/
kanerva,/ˈkɑnerʋɑ/
kaneppi,/ˈkɑnepːi/
kannattaa,/ˈkɑnːɑtːɑː/
kannikka,/ˈkɑnːikːɑ/
kanki,/ˈkɑŋki/
kanta,/ˈkɑntɑ/
kanini,/ˈkɑnini/
kannus,/ˈkɑnːus/
kanto,/ˈkɑnto/
kantosammal,/ˈkɑntosɑmːɑl/
kapa,/ˈkɑpɑ/
kapale,/ˈkɑpɑle/
kantaa,/ˈkɑntɑː/
kapalo,/ˈkɑpɑlo/
kapkana,/ˈkɑpkɑnɑ/
kapitalisticeskoi,/ˈkɑpitɑlistit͡ʃeskoi̯/
kaottaa,/ˈkɑotːɑː/
kapsoli,/ˈkɑpsoli/
kapusta,/ˈkɑpustɑ/
kapussantaimi,/ˈkɑpusːɑntɑi̯mi/
kapalovöö,/ˈkɑpɑloʋøː/
karhu,/ˈkɑru/
karavooda,/ˈkɑrɑʋoːdɑ/
karata,/ˈkɑrɑtɑ/
karjala,/ˈkɑrjɑlɑ/
kare,/ˈkɑre/
karjalain,/ˈkɑrjɑlɑi̯ne/
karassi,/ˈkɑrɑsːi/
karja,/ˈkɑrjɑ/
karjaprogona,/ˈkɑrjɑproɡonɑ/
karmu,/ˈkɑrmu/
karkia,/ˈkɑrkiɑ/
karpala,/ˈkɑrpɑlɑ/
Karppa,/ˈkɑrpːɑ/
karjamaa,/ˈkɑrjɑmɑː/
karppi,/ˈkɑrpːi/
karsina,/ˈkɑrsinɑ/
karsittaa,/ˈkɑrsitːɑː/
karta,/ˈkɑrtɑ/
karsia,/ˈkɑrsiɑ/
kartain,/ˈkɑrtɑi̯ne/
kartta,/ˈkɑrtːɑ/
kartauhlu,/ˈkɑrtɑuhlu/
karvahattu,/ˈkɑrʋɑhɑtːu/
karva,/ˈkɑrʋɑ/
kas,/ˈkɑs/
kasis,/ˈkɑsisːɑ/
kasi,/ˈkɑsi/
karttaa,/ˈkɑrtːɑː/
karvakas,/ˈkɑrʋɑkɑs/
kastua,/ˈkɑstuɑ/
karvaverkko,/ˈkɑrʋɑʋerkːo/
kasvaa,/ˈkɑsʋɑː/
kasvattaa,/ˈkɑsʋɑtːɑː/
kate,/ˈkɑte/
kateta,/ˈkɑtetɑ/
kasvattua,/ˈkɑsʋɑtːuɑ/
katolle,/ˈkɑtolːe/
katolt,/ˈkɑtoltɑ/
katkiissa,/ˈkɑtkiːsːɑ/
kataja,/ˈkɑtɑjɑ/
kattaa,/ˈkɑtːɑː/
katos,/ˈkɑtos/
katos,/ˈkɑtosːɑ/
kattopäre,/ˈkɑtːopære/
katselain,/ˈkɑt͡selɑi̯n/
katsella,/ˈkɑt͡selːɑ/
katsomus,/ˈkɑt͡somus/
kaunis,/ˈkɑu̯nis/
kautta,/ˈkɑu̯tːɑ/
katu,/ˈkɑtu/
kavuta,/ˈkɑʋutɑ/
kavvaks,/ˈkɑʋːɑkse/
katuškarihma,/ˈkɑtuʃkɑrihmɑ/
kaupanmees,/ˈkɑu̯pɑnmeːs/
kavvoa,/ˈkɑʋoɑ/
kaus,/ˈkɑu̯s/
kedrätä,/ˈkedrætæ/
keehuttaa,/ˈkeːhutːɑː/
keeli,/ˈkeːli/
kavvaa,/ˈkɑʋːɑː/
kedräsluu,/ˈkedræsluː/
keelitöö,/ˈkeːlitøː/
keeltiissä,/ˈkeːltiːsːæ/
keeletöin,/ˈkeːletøi̯n/
keelto,/ˈkeːlto/
keeropäre,/ˈkeːropære/
keero,/ˈkeːro/
kehittää,/ˈkehitːæː/
keerrellä,/ˈkeːrːelːæ/
kehnokkain,/ˈkehnokːɑi̯ne/
kehvelikäs,/ˈkehʋelikæs/
kehno,/ˈkehno/
kekelä,/ˈkekelæ/
keertyä,/ˈkeːrtyæ/
kelkka,/ˈkelkːɑ/
keihäs,/ˈkei̯hæs/
kekele,/ˈkekele/
kello,/ˈkelːo/
kekäle,/ˈkekæle/
kehvel,/ˈkehʋel/
kelmiä,/ˈkelmiæ/
kelpaamatoin,/ˈkelpɑːmɑtoi̯n/
kelta,/ˈkeltɑ/
keko,/ˈkeko/
keltacirkkulain,/ˈkeltɑt͡ʃirkːulɑi̯n/
ken,/ˈken/
kena,/ˈkenɑ/
kelto,/ˈkelto/
keltatauti,/ˈkeltɑtɑu̯ti/
kenle,/ˈkenle/
kengätä,/ˈkeŋɡætæ/
kenen,/ˈkenen/
keltulain,/ˈkeltulɑi̯ne/
kenlee,/ˈkenleː/
kenkää,/ˈkeŋkæː/
kepsahtaa,/ˈkepsɑhtɑː/
kera,/ˈkerɑ/
kepka,/ˈkepkɑ/
kero,/ˈkero/
keritä,/ˈkeritæ/
kerppu,/ˈkerpːu/
kerros,/ˈkerːos/
kerkiäliha,/ˈkerkiælihɑ/
kerosana,/ˈkerosɑnɑ/
keroella,/ˈkeroelːɑ/
kersi,/ˈkersi/
kerraal,/ˈkerːɑlːɑ/
kerrääjät,/ˈkeræːjæt/
keräkapusta,/ˈkerækɑpustɑ/
kerta,/ˈkertɑ/
kerttää,/ˈkertːæː/
kerus,/ˈkerus/
keräjä,/ˈkeræjæ/
keräjät,/ˈkeræjæt/
kerä,/ˈkeræ/
keskeel,/ˈkeskelːæ/
kesoin,/ˈkesoi̯ne/
keskikohta,/ˈkeskikohtɑ/
kesä,/ˈkesæ/
keskinäin,/ˈkeskinæi̯ne/
kesäomena,/ˈkesæomenɑ/
kevät,/ˈkeʋæt/
kevätkuu,/ˈkeʋætkuː/
keskipaikka,/ˈkeskipɑi̯kːɑ/
kesäpäivä,/ˈkesæpæi̯ʋæ/
kihlat,/ˈkihlɑt/
kevätlumi,/ˈkeʋætlumi/
kesävari,/ˈkesæʋɑri/
kesälintu,/ˈkesælintu/
kiikari,/ˈkiːkɑri/
kiin,/ˈkiːn/
kiintiä,/ˈkiːntiæ/
kiisseli,/ˈkiːsːeli/
kiire,/ˈkiːre/
kiiliäin,/ˈkiːlijæi̯ne/
kiirehtää,/ˈkiːrehtæː/
kiitos,/ˈkiːtos/
kiiree,/ˈkiːreː/
kiissata,/ˈkiːsːɑtɑ/
Kiko,/ˈkiko/
kiissellä,/ˈkiːsːelːæ/
kiitta,/ˈkiːtːɑ/
kilinä,/ˈkilinæ/
kilina,/ˈkilinɑ/
kilo,/ˈkilo/
kiittää,/ˈkiːtːæː/
kiljua,/ˈkiljuɑ/
kilissä,/ˈkilisːæ/
kino,/ˈkino/
kimalain,/ˈkimɑlɑi̯ne/
Kingisepp,/ˈkiŋɡisepːi/
kilogramma,/ˈkiloɡrɑmːɑ/
kipu,/ˈkipu/
kilometra,/ˈkilometrɑ/
kipuna,/ˈkipunɑ/
kirja,/ˈkirjɑ/
kirjailija,/ˈkirjɑi̯lijɑ/
kirissä,/ˈkirisːæ/
kirjamees,/ˈkirjɑmeːs/
kirjamerkki,/ˈkirjɑmerkːi/
kintakkain,/ˈkintɑkːɑi̯ne/
kippiä,/ˈkipiæ/
kirjakeeli,/ˈkirjɑkeːli/
kirjutella,/ˈkirjutelːɑ/
kirjutospraavila,/ˈkirjutosprɑːʋilɑ/
kirjanahka,/ˈkirjɑnɑhkɑ/
kirjutos,/ˈkirjutos/
kirkassuttaa,/ˈkirkɑsːutːɑː/
kirkko,/ˈkirkːo/
kirkkokirja,/ˈkirkːokirjɑ/
Kirjo,/ˈkirjo/
kirkkoaika,/ˈkirkːoɑi̯kɑ/
kirkkostaarosta,/ˈkirkːostɑːrostɑ/
Kirkonmäki,/ˈkirkonmæki/
kirkkostoroža,/ˈkirkːostoroʒɑ/
kirkonmänö,/ˈkirkonmænø/
kirkkovers,/ˈkirkːoʋers/
kirnahka,/ˈkirnɑhkɑ/
kirppu,/ˈkirpːu/
kirves,/ˈkirʋes/
kirkonvahti,/ˈkirkonʋɑhti/
kirnuta,/ˈkirnutɑ/
kisloroda,/ˈkislorodɑ/
kisko,/ˈkisko/
kiskis,/ˈkis ˈkis/
kitsas,/ˈkit͡sɑs/
kissa,/ˈkisːɑ/
kiukaa,/ˈkiu̯kɑː/
kives,/ˈkiʋes/
kives,/ˈkiʋesːæ/
kiuru,/ˈkiu̯ru/
kivi,/ˈkiʋi/
kistocka,/ˈkistot͡ʃkɑ/
kivikallio,/ˈkiʋikɑljo/
kivilooto,/ˈkiʋiloːto/
Kiukaansaari,/ˈkiu̯kɑːnsɑːri/
kiusata,/ˈkiu̯sɑtɑ/
kivimylly,/ˈkiʋimylːy/
kivikirkko,/ˈkiʋikirkːo/
kivimatara,/ˈkiʋimɑtɑrɑ/
kiviraunio,/ˈkiʋirɑu̯nio/
kivimäki,/ˈkiʋimæki/
kivitee,/ˈkiʋiteː/
kivistää,/ˈkiʋistæː/
klaassa,/ˈklɑːsːɑ/
klasiputeli,/ˈklɑsiputeli/
klaiza,/ˈklɑi̯zɑ/
kleittää,/ˈklei̯tːæː/
kleeveri,/ˈkleːʋeri/
kleima,/ˈklei̯mɑ/
klina,/ˈklinɑ/
klazi,/ˈklɑzi/
kloksaa,/ˈkloksɑː/
klonksu,/ˈkloŋksu/
ko,/ˈko/
klingata,/ˈkliŋɡɑtɑ/
klinata,/ˈklinɑtɑ/
koblata,/ˈkoblɑtɑ/
kloksuttaa,/ˈkloksutːɑː/
kohentaa,/ˈkohentɑː/
kluuba,/ˈkluːbɑ/
koheta,/ˈkohetɑ/
kohta,/ˈkohtɑ/
kohalliin,/ˈkohɑlːine/
koi,/ˈkoi̯/
kohvimylly,/ˈkohʋimylːy/
koikka,/ˈkoi̯kːɑ/
koira,/ˈkoi̯rɑ/
kohme,/ˈkohme/
koinia,/ˈkoi̯niɑ/
koiralt,/ˈkoi̯rɑltɑ/
koinvahti,/ˈkoinʋɑhti/
koipi,/ˈkoi̯pi/
koiranmarjapuu,/ˈkoi̯rɑnmɑrjɑpuː/
koiranputki,/ˈkoi̯rɑnputki/
koirapoika,/ˈkoi̯rɑpoi̯kɑ/
koivu,/ˈkoi̯ʋu/
koirus,/ˈkoi̯rus/
koiria,/ˈkoi̯riɑ/
koiria,/ˈkoi̯rijɑ/
koivuin,/ˈkoi̯ʋui̯ne/
koivuin,/ˈkoi̯ʋui̯n/
kokka,/ˈkokːɑ/
koirustaa,/ˈkoi̯rustɑː/
koitella,/ˈkoi̯telːɑ/
koivupuu,/ˈkoi̯ʋupuː/
koivusikko,/ˈkoi̯ʋusikːo/
kokko,/ˈkokːo/
Kokkasaari,/ˈkokːɑsɑːri/
kokonaa,/ˈkokonɑː/
kokkaleukain,/ˈkokːɑleu̯kɑi̯ne/
kokki,/ˈkokːi/
kokkia,/ˈkokːiɑ/
kokkia,/ˈkokːijɑ/
kokkomaito,/ˈkokːomɑi̯to/
kolbassi,/ˈkolbɑsːi/
kolhoza,/ˈkolhozɑ/
kolmaspäivä,/ˈkolmɑspæi̯ʋæ/
kolissa,/ˈkolisːɑ/
kolkuttaa,/ˈkolkutːɑː/
kolmipäin,/ˈkolmipæi̯ne/
koloda,/ˈkolodɑ/
kolmanneks,/ˈkolmɑnːekse/
koltslogain,/ˈkoltsloɡɑi̯ne/
kolmiriukuin,/ˈkolmiriu̯kui̯ne/
koltznacnoi,/ˈkoltznɑt͡ʃnoi̯/
kolmivootiin,/ˈkolmiʋoːtine/
kolt,/ˈkolt/
komandoittaa,/ˈkomɑndoi̯tːɑː/
komentaa,/ˈkomentɑː/
komi,/ˈkomi/
komalle,/ˈkomɑlːe/
komitetta,/ˈkomitetːɑ/
kommunisticeskoi,/ˈkomːunistit͡ʃeskoi̯/
komissa,/ˈkomisːɑ/
konna,/ˈkonːɑ/
komkka,/ˈkomkːɑ/
kommi,/ˈkomːi/
konjunktsia,/ˈkonjuŋkt͡siɑ/
konsonantta,/ˈkonsonɑntːɑ/
konsaa,/ˈkonsɑː/
kontia,/ˈkontiɑ/
konservazavoda,/ˈkonserʋɑzɑʋodɑ/
kontti,/ˈkontːi/
konvertti,/ˈkonʋertːi/
koohuissa,/ˈkoːhui̯sːɑ/
konttoori,/ˈkontːoːri/
koolle,/ˈkoːlːe/
koolleensanoma,/ˈkoːlːeːnsɑnomɑ/
kookkaveeras,/ˈkoːkːɑʋeːrɑs/
koollut,/ˈkoːlːut/
koorimaito,/ˈkoːrimɑi̯to/
kooma,/ˈkoːmɑ/
kooria,/ˈkoːriɑ/
kooria,/ˈkoːrijɑ/
koorma,/ˈkoːrmɑ/
koorre,/ˈkoːrːe/
koositoin,/ˈkoːsitoi̯n/
koormain,/ˈkoːrmɑi̯ne/
koormittee,/ˈkoːrmitːeː/
koosi,/ˈkoːsi/
korina,/ˈkorinɑ/
kori,/ˈkori/
korissa,/ˈkorisːɑ/
kopekka,/ˈkopekːɑ/
korissella,/ˈkorisːelːɑ/
korkiaškoulu,/ˈkorkiɑʃkou̯lu/
korkia,/ˈkorkiɑ/
kormano,/ˈkormɑno/
korjahua,/ˈkorjɑhuɑ/
kormento,/ˈkormento/
korma,/ˈkormɑ/
koro,/ˈkoro/
korpi,/ˈkorpi/
Korpiniitty,/ˈkorpiniːtːy/
korkehus,/ˈkorkehus/
korsku,/ˈkorsku/
korppu,/ˈkorpːu/
korva,/ˈkorʋɑ/
kortsuta,/ˈkort͡sutɑ/
korvalappu,/ˈkorʋɑlɑpːu/
korria,/ˈkoriɑ/
kosjoa,/ˈkosjoɑ/
kosi,/ˈkosi/
koski,/ˈkoski/
korppi,/ˈkorpːi/
Koskina,/ˈkoskinɑ/
kosija,/ˈkosijɑ/
koskelo,/ˈkoskelo/
koskia,/ˈkoskiɑ/
koti,/ˈkoti/
kotihanhi,/ˈkotihɑne/
kosikkivers,/ˈkosikːiʋers/
kosolain,/ˈkosolɑi̯ne/
kotikana,/ˈkotikɑnɑ/
kotipääskö,/ˈkotipæːskø/
kotisorsa,/ˈkotisorsɑ/
kotihaltias,/ˈkotihɑltiɑs/
kova,/ˈkoʋɑ/
kotilintu,/ˈkotilintu/
kotisarka,/ˈkotisɑrkɑ/
kotsena,/ˈkot͡senɑ/
kovast,/ˈkoʋɑstɑ/
kotipuu,/ˈkotipuː/
koverus,/ˈkoʋerus/
koulu,/ˈkou̯lu/
kraami,/ˈkrɑːmi/
kovain,/ˈkoʋɑne/
kraasata,/ˈkrɑːsɑtɑ/
kraamia,/ˈkrɑːmiɑ/
koveranenä,/ˈkoʋerɑnenæ/
krahmala,/ˈkrɑhmɑlɑ/
kraba,/ˈkrɑbɑ/
kovin,/ˈkoʋin/
krahmali,/ˈkrɑhmɑli/
krahmalo,/ˈkrɑhmɑlo/
kraappi,/ˈkrɑːpːi/
krandašši,/ˈkrɑndɑʃːi/
krapu,/ˈkrɑpu/
krandošši,/ˈkrɑndoʃːi/
krasnoflotsa,/ˈkrɑsnoflot͡sɑ/
Kristus,/ˈkristus/
krepostnoi,/ˈkrepostnoi̯/
kronni,/ˈkronːi/
kreeposti,/ˈkreːposti/
krokodila,/ˈkrokodilɑ/
Krontsi,/ˈkront͡si/
kruglova,/ˈkruɡloʋɑ/
kroolikka,/ˈkroːlikːɑ/
krookkaa,/ˈkroːkːɑː/
ku,/ˈku/
kruga,/ˈkruɡɑ/
kuerihma,/ˈkuerihmɑ/
krääkki,/ˈkræːkːi/
kui,/ˈkui̯/
kuin,/ˈkui̯n/
kuettaa,/ˈkuetːɑː/
kuha,/ˈkuhɑ/
kuhu,/ˈkuhu/
kuherrella,/ˈkuherːelːɑ/
kuivus,/ˈkui̯ʋus/
kuja,/ˈkujɑ/
kuivaa,/ˈkui̯ʋɑː/
kukkaaika,/ˈkukːɑɑi̯kɑ/
kukka,/ˈkukːɑ/
kujalt,/ˈkujɑltɑ/
kukikas,/ˈkukikɑs/
kukkia,/ˈkukːiɑ/
kukkia,/ˈkukːijɑ/
kuka,/ˈkukɑ/
kukko,/ˈkukːo/
kukkoi,/ˈkukːoi̯sːe/
kujal,/ˈkujɑlːɑ/
kukkakapusta,/ˈkukːɑkɑpustɑ/
kukkakimppu,/ˈkukːɑkimpːu/
kukkapata,/ˈkukːɑpɑtɑ/
kukkain,/ˈkukːɑi̯ne/
kukkura,/ˈkukːurɑ/
kulisavva,/ˈkulisɑʋːɑ/
kukkohanhi,/ˈkukːohɑne/
kulkku,/ˈkulkːu/
kulkia,/ˈkulkiɑ/
kulakka,/ˈkulɑkːɑ/
kukkula,/ˈkukːulɑ/
kulju,/ˈkulju/
kulikka,/ˈkulikːɑ/
kulli,/ˈkulːi/
kulma,/ˈkulmɑ/
kulkkusolmi,/ˈkulkːusolmi/
kullikoira,/ˈkulːikoi̯rɑ/
kulmakarva,/ˈkulmɑkɑrʋɑ/
kullileva,/ˈkulːileʋɑ/
kulo,/ˈkulo/
kultalappa,/ˈkultɑlɑpːɑ/
kullisika,/ˈkulːisikɑ/
kultuuri,/ˈkultuːri/
kultaharja,/ˈkultɑhɑrjɑ/
kultapää,/ˈkultɑpæː/
kummitus,/ˈkumːitus/
kulu,/ˈkulu/
kumpa,/ˈkumpɑ/
kumma,/ˈkumːɑ/
kulvehto,/ˈkulʋehto/
kunikaanhattu,/ˈkunikɑːnhɑtːu/
kunis,/ˈkunis/
kumpassi,/ˈkumpɑsːi/
kunitsa,/ˈkunit͡sɑ/
kumpainki,/ˈkumpɑi̯neki/
kunikas,/ˈkunikɑs/
kuningas,/ˈkuniŋɡɑs/
kupikkain,/ˈkupikːɑi̯ne/
kupahain,/ˈkupɑi̯ne/
kupo,/ˈkupo/
kuppia,/ˈkupːiɑ/
kupeli,/ˈkupeli/
kuri,/ˈkuri/
kurimus,/ˈkurimus/
kuppari,/ˈkupːɑri/
kurissos,/ˈkurisːos/
kuras,/ˈkurɑs/
kuras,/ˈkurɑsːɑ/
kuristiissa,/ˈkuristiːsːɑ/
kuppi,/ˈkupːi/
kuppikapja,/ˈkupːikɑpjɑ/
kurki,/ˈkurki/
Kurenmäki,/ˈkurenmæki/
kuris,/ˈkurisːɑ/
kuropatka,/ˈkuropɑtkɑ/
kurja,/ˈkurjɑ/
kurva,/ˈkurʋɑ/
kurissospatsas,/ˈkurisːospɑt͡sɑs/
kurvikapa,/ˈkurʋikɑpɑ/
kuristua,/ˈkuristuɑ/
kus,/ˈkusːɑ/
kuruli,/ˈkuruli/
kurssi,/ˈkursːi/
kuskaa,/ˈkuskɑː/
kusi,/ˈkusi/
kurvi,/ˈkurʋi/
kusilain,/ˈkusilɑi̯ne/
kurviverkko,/ˈkurʋiʋerkːo/
kusirakko,/ˈkusirɑkːo/
kust,/ˈkustɑ/
kust,/ˈkust/
kutsumus,/ˈkut͡sumus/
kussaa,/ˈkusɑː/
kussaa,/ˈkusːɑː/
kuu,/ˈkuː/
kuttoa,/ˈkutoɑ/
kuudra,/ˈkuːdrɑ/
kuulla,/ˈkuːlːɑ/
kututtaa,/ˈkututːɑː/
kutu,/ˈkutu/
kututella,/ˈkututelːɑ/
kuulua,/ˈkuːluɑ/
kuuluva,/ˈkuːluʋɑ/
kuuma,/ˈkuːmɑ/
kuumattaa,/ˈkuːmɑtːɑː/
kuunnella,/ˈkuːnːelːɑ/
kuumeta,/ˈkuːmetɑ/
kuusi,/ˈkuːsi/
kuumahtava,/ˈkuːmɑhtɑʋɑ/
kuus,/ˈkuːsi/
kuus,/ˈkuːsːɑ/
kuusamiin,/ˈkuːsɑmine/
kuusamiin,/ˈkuːsɑmiːn/
kuusiriuku,/ˈkuːsiriu̯ku/
kuusan,/ˈkuːsɑn/
kuuskymment,/ˈkuːskymːentæ/
kuva,/ˈkuʋɑ/
kuuskolmatta,/ˈkuːskolmɑtːɑ/
kuuvveskymmenäs,/ˈkuːʋːeskymːenæs/
kuusnännäin,/ˈkuːsnænːæi̯ne/
kuustoist,/ˈkuːstoi̯stɑ/
kuvetuuli,/ˈkuʋetuːli/
kuuvalkia,/ˈkuːʋɑlkiɑ/
kuvikas,/ˈkuʋikɑs/
kuve,/ˈkuʋe/
kvadratta,/ˈkʋɑdrɑtːɑ/
kvadratti,/ˈkʋɑdrɑtːi/
kvadrattimetra,/ˈkʋɑdrɑtːimetrɑ/
kvadraatta,/ˈkʋɑdrɑːtːɑ/
kyli,/ˈkyli/
kvadrattisantimetra,/ˈkʋɑdrɑtːisɑntimetrɑ/
kylki,/ˈkylki/
kylläisemp,/ˈkylːæi̯sempi/
kyllääs,/ˈkylːæsːæ/
kylmänväry,/ˈkylmænʋæry/
kylläin,/ˈkylːæi̯ne/
kylmäsuurima,/ˈkylmæsuːrimɑ/
kylvää,/ˈkylʋæː/
kylpyvasta,/ˈkylpyʋɑstɑ/
kylvö,/ˈkylʋø/
kylvömaa,/ˈkylʋømɑː/
kylpy,/ˈkylpy/
kylä,/ˈkylæ/
kylvömašina,/ˈkylʋømɑʃinɑ/
kymmenäs,/ˈkymːenæs/
kynnys,/ˈkynːys/
kyns,/ˈkynsi/
kynsvars,/ˈkynsiʋɑrsi/
kymmenikkö,/ˈkymːenikːø/
kynsi,/ˈkynsi/
kyntteli,/ˈkyntːeli/
kynnetty,/ˈkynːetːy/
kysellä,/ˈkyselːæ/
kynttelä,/ˈkyntːelæ/
kysymys,/ˈkysymys/
kyrpä,/ˈkyrpæ/
kytyt,/ˈkytyt/
kysymysforma,/ˈkysymysformɑ/
kyynärä,/ˈkyːnæræ/
kytin,/ˈkytin/
kyyry,/ˈkyːry/
kyyryselkäin,/ˈkyːryselkæi̯ne/
kyty,/ˈkyty/
kyttämees,/ˈkytːæmeːs/
kyttä,/ˈkytːæ/
kyytti,/ˈkyːtːi/
kähnätä,/ˈkæhnætæ/
kähäkkä,/ˈkæhækːæ/
käly,/ˈkæly/
käet,/ˈkæet/
kämmel,/ˈkæmːel/
käherä,/ˈkæheræ/
kännö,/ˈkænːø/
käppiäst,/ˈkæpiæstæ/
kämärä,/ˈkæmæræ/
käpö,/ˈkæpø/
kärki,/ˈkærki/
käpälä,/ˈkæpælæ/
käpehys,/ˈkæpehys/
känkky,/ˈkæŋkːy/
käppiä,/ˈkæpiæ/
kärkky,/ˈkærkːy/
Kärenki,/ˈkæreŋki/
kärppä,/ˈkærpːæ/
kärhiäin,/ˈkærijæi̯ne/
kärnäkonna,/ˈkærnækonːɑ/
kärri,/ˈkærːi/
kärnäkäs,/ˈkærnækæs/
kärttyä,/ˈkærtːyæ/
käsi,/ˈkæsi/
kärsiä,/ˈkærsiæ/
käsihohla,/ˈkæsihohlɑ/
käsin,/ˈkæsin/
käsipuu,/ˈkæsipuː/
käsivasara,/ˈkæsiʋɑsɑrɑ/
käsiranne,/ˈkæsirɑnːe/
kätyt,/ˈkætyt/
käskyforma,/ˈkæskyformɑ/
käsky,/ˈkæsky/
käyvvä,/ˈkæʋːæ/
käskiä,/ˈkæskiæ/
käyttää,/ˈkæy̯tːæː/
kävely,/ˈkæʋely/
kävellä,/ˈkæʋelːæ/
köhhiä,/ˈkøhiæ/
köhhiä,/ˈkøhijæ/
käännös,/ˈkæːnːøs/
kääntiissä,/ˈkæːntiːsːæ/
kääntiellä,/ˈkæːntielːæ/
kääriä,/ˈkæːriæ/
köyhä,/ˈkøy̯hæ/
könkörä,/ˈkøŋkøræ/
köys,/ˈkøy̯s/
köhä,/ˈkøhæ/
laaja,/ˈlɑːjɑ/
laageri,/ˈlɑːɡeri/
köyhykkäin,/ˈkøy̯hykːæi̯ne/
laari,/ˈlɑːri/
köyttää,/ˈkøy̯tːæː/
Kьzьl,/ˈkɨzɨl/
laatka,/ˈlɑːtkɑ/
laappa,/ˈlɑːpːɑ/
laatia,/ˈlɑːtiɑ/
laatihussa,/ˈlɑːtihusːɑ/
laatihua,/ˈlɑːtihuɑ/
lafka,/ˈlɑfkɑ/
laatta,/ˈlɑːtːɑ/
lagla,/ˈlɑɡlɑ/
laattiissa,/ˈlɑːtːiːsːɑ/
laglut,/ˈlɑɡlut/
lablahaili,/ˈlɑblɑhɑi̯li/
laho,/ˈlɑho/
laija,/ˈlɑi̯jɑ/
lahe,/ˈlɑhe/
lahokas,/ˈlɑhokɑs/
laita,/ˈlɑi̯tɑ/
lahti,/ˈlɑhti/
laki,/ˈlɑki/
lakki,/ˈlɑkːi/
laimia,/ˈlɑi̯miɑ/
laina,/ˈlɑi̯nɑ/
lakkia,/ˈlɑkiɑ/
lakkia,/ˈlɑkːiɑ/
lakiain,/ˈlɑkijɑi̯ne/
laiva,/ˈlɑi̯ʋɑ/
lakoitella,/ˈlɑkoi̯telːɑ/
lamppi,/ˈlɑmpːi/
lakso,/ˈlɑkso/
laksu,/ˈlɑksu/
langettaa,/ˈlɑŋɡetːɑː/
langeta,/ˈlɑŋɡetɑ/
lamppu,/ˈlɑmpːu/
lantsi,/ˈlɑnt͡si/
lanka,/ˈlɑŋkɑ/
langetella,/ˈlɑŋɡetelːɑ/
langokset,/ˈlɑŋɡokset/
lanttupiirakka,/ˈlɑntːupiːrɑkːɑ/
lankain,/ˈlɑŋkɑi̯ne/
laottaa,/ˈlɑotːɑː/
lanttuvesi,/ˈlɑntːuʋesi/
lappi,/ˈlɑpːi/
lantuntaimi,/ˈlɑntuntɑi̯mi/
laota,/ˈlɑotɑ/
lappasooli,/ˈlɑpːɑsoːli/
lapseel,/ˈlɑpselːɑ/
lapsenlaulu,/ˈlɑpsenlɑu̯lu/
lapus,/ˈlɑpus/
lappu,/ˈlɑpːu/
laskiella,/ˈlɑskielːɑ/
Lari,/ˈlɑri/
lasku,/ˈlɑsku/
lapsenna,/ˈlɑpsenːɑ/
lasta,/ˈlɑstɑ/
lassukkain,/ˈlɑsːukːɑi̯ne/
lassata,/ˈlɑsːɑtɑ/
lattoa,/ˈlɑtoɑ/
latsukkain,/ˈlɑt͡sukːɑi̯ne/
latva,/ˈlɑtʋɑ/
lauhketa,/ˈlɑu̯hketɑ/
laukaalain,/ˈlɑu̯kɑːlɑi̯ne/
laukkaheinä,/ˈlɑu̯kːɑhei̯næ/
Laukaansuu,/ˈlɑu̯kɑːnsuː/
Laukko,/ˈlɑu̯kːo/
laulaja,/ˈlɑu̯lɑjɑ/
laulattaa,/ˈlɑu̯lɑtːɑː/
lauhkia,/ˈlɑu̯hkiɑ/
laulo,/ˈlɑu̯lo/
lautain,/ˈlɑu̯tɑi̯ne/
lauta,/ˈlɑu̯tɑ/
lautajalka,/ˈlɑu̯tɑjɑlkɑ/
laurinlehti,/ˈlɑu̯rinlehti/
Lavvas,/ˈlɑʋːɑs/
leehku,/ˈleːhku/
lausa,/ˈlɑu̯sɑ/
leemi,/ˈleːmi/
leeka,/ˈleːkɑ/
lava,/ˈlɑʋɑ/
leetsa,/ˈleːt͡sɑ/
lehmä,/ˈlehmæ/
lehmäin,/ˈlehmæi̯ne/
leenöö,/ˈleːnøː/
lehmänvoi,/ˈlehmænʋoi̯/
lehmäkarja,/ˈlehmækɑrjɑ/
lehti,/ˈlehti/
lehmuri,/ˈlehmuri/
legenda,/ˈleɡendɑ/
lehtolaps,/ˈlehtolɑps/
lehmävasikka,/ˈlehmæʋɑsikːɑ/
leikata,/ˈlei̯kɑtɑ/
leikellä,/ˈlei̯kelːæ/
lehto,/ˈlehto/
lehtivimpa,/ˈlehtiʋimpɑ/
lehtimetsä,/ˈlehtimet͡sæ/
leinätä,/ˈlei̯nætæ/
leipäaitta,/ˈlei̯pæɑi̯tːɑ/
leipähammas,/ˈlei̯pæhɑmːɑs/
leipämaa,/ˈlei̯pæmɑː/
leipää,/ˈlei̯pæː/
leipoa,/ˈlei̯poɑ/
leipä,/ˈlei̯pæ/
leipäveitsi,/ˈlei̯pæʋei̯t͡si/
leipämulta,/ˈlei̯pæmultɑ/
leivykkäin,/ˈlei̯ʋykːæi̯ne/
lekkaa,/ˈlekːɑː/
leninskoi,/ˈleninskoi̯/
lens,/ˈlensi/
lekko,/ˈlekːo/
lennellä,/ˈlenːelːæ/
lentäjä,/ˈlentæjæ/
lentää,/ˈlentæː/
lentiissä,/ˈlentiːsːæ/
Leningrad,/ˈleniŋɡrɑd/
leppä,/ˈlepːæ/
leppälintu,/ˈlepːælintu/
Lenoblono,/ˈlenoblono/
lentämä,/ˈlentæmæ/
lento,/ˈlento/
leppyä,/ˈlepːyæ/
lesalesa,/ˈlesɑ ˈlesɑ/
leppäsikko,/ˈlepːæsikːo/
leppäsarka,/ˈlepːæsɑrkɑ/
leppävitsa,/ˈlepːæʋit͡sɑ/
leppäin,/ˈlepːæi̯ne/
lepo,/ˈlepo/
lesorirattaat,/ˈlesorirɑtːɑːt/
letti,/ˈletːi/
lepyttää,/ˈlepytːæː/
leski,/ˈleski/
leuka,/ˈleu̯kɑ/
leventää,/ˈleʋentæː/
lesorit,/ˈlesorit/
leva,/ˈleʋɑ/
levvyys,/ˈleʋyːs/
levehys,/ˈleʋehys/
levetä,/ˈleʋetæ/
lihaallas,/ˈlihɑɑlːɑs/
ležžiä,/ˈleʒiæ/
levviä,/ˈleʋiæ/
lihakas,/ˈlihɑkɑs/
lihava,/ˈlihɑʋɑ/
lihoittua,/ˈlihoi̯tːuɑ/
lihapiirakka,/ˈlihɑpiːrɑkːɑ/
lihoja,/ˈlihojɑ/
liikkumisorgana,/ˈliːkːumisorɡɑnɑ/
liikaa,/ˈliːkɑː/
liijan,/ˈliːjɑn/
liikkumiin,/ˈliːkːumine/
liikuttaa,/ˈliːkutːɑː/
liittyä,/ˈliːtːyæ/
liikkua,/ˈliːkːuɑ/
liiva,/ˈliːʋɑ/
liitsa,/ˈliːt͡sɑ/
liitsaluu,/ˈliːt͡sɑluː/
liittää,/ˈliːtːæː/
liivain,/ˈliːʋɑi̯ne/
liivamäki,/ˈliːʋɑmæki/
liivamaa,/ˈliːʋɑmɑː/
lika,/ˈlikɑ/
liki,/ˈliki/
liivakko,/ˈliːʋɑkːo/
liivamätäs,/ˈliːʋɑmætæs/
liivakehvel,/ˈliːʋɑkehʋel/
linna,/ˈlinːɑ/
liivaperäin,/ˈliːʋɑperæi̯ne/
linevoittaa,/ˈlineʋoi̯tːɑː/
lintu,/ˈlintu/
linnast,/ˈlinːɑstɑ/
linnalain,/ˈlinːɑlɑi̯ne/
lintuin,/ˈlintui̯ne/
lintuin,/ˈlintui̯n/
lippiä,/ˈlipiæ/
lisätä,/ˈlisætæ/
liota,/ˈliotɑ/
litkiä,/ˈlitkiæ/
liottaa,/ˈliotːɑː/
lissäämiin,/ˈlisæːmine/
Liukupäivä,/ˈliu̯kupæi̯ʋæ/
livvari,/ˈliʋːɑri/
livvuttaa,/ˈliʋːutːɑː/
Litva,/ˈlitʋɑ/
loheta,/ˈlohetɑ/
lohi,/ˈlohi/
lohkulaatka,/ˈlohkulɑːtkɑ/
lollo,/ˈlolːo/
longuttaa,/ˈloŋɡutːɑː/
loba,/ˈlobɑ/
lonka,/ˈloŋkɑ/
looja,/ˈloːjɑ/
looks,/ˈloːkse/
loimi,/ˈloi̯mi/
lohko,/ˈlohko/
lonkka,/ˈloŋkːɑ/
loimirihma,/ˈloi̯mirihmɑ/
loonto,/ˈloːnto/
loon,/ˈloːn/
looksepääsemätöin,/ˈloːksepæːsemætøi̯n/
lootin,/ˈloːtine/
looma,/ˈloːmɑ/
looto,/ˈloːto/
loovva,/ˈloːʋːɑ/
lopputalvi,/ˈlopːutɑlʋi/
loru,/ˈloru/
loppu,/ˈlopːu/
loovve,/ˈloːʋːe/
loukkulain,/ˈlou̯kːulɑi̯ne/
loukuttaa,/ˈlou̯kutːɑː/
lopettaa,/ˈlopetːɑː/
loukata,/ˈlou̯kɑtɑ/
Loukkula,/ˈlou̯kːulɑ/
lovi,/ˈloʋi/
lounat,/ˈlou̯nɑt/
lovine,/ˈloʋine/
luetella,/ˈluetelːɑ/
luettaa,/ˈluetːɑː/
luhka,/ˈluhkɑ/
luikkamus,/ˈlui̯kːɑmus/
luhta,/ˈluhtɑ/
luiska,/ˈlui̯skɑ/
luisata,/ˈlui̯sɑtɑ/
lukku,/ˈlukːu/
luku,/ˈluku/
lumi,/ˈlumi/
lumihanki,/ˈlumihɑŋki/
luikata,/ˈlui̯kɑtɑ/
lumihiutale,/ˈlumihiu̯tɑle/
lumiin,/ˈlumine/
lumikulvehto,/ˈlumikulʋehto/
luiskakivi,/ˈlui̯skɑkiʋi/
lumituisku,/ˈlumitui̯sku/
lumiukko,/ˈlumiukːo/
lumimees,/ˈlumimeːs/
lumipyry,/ˈlumipyry/
lunt,/ˈluntɑ/
lunastaa,/ˈlunɑstɑː/
lusikka,/ˈlusikːɑ/
lusikkain,/ˈlusikːɑi̯ne/
lunta,/ˈluntɑ/
luu,/ˈluː/
luukas,/ˈluːkɑs/
lunata,/ˈlunɑtɑ/
luun,/ˈluːn/
lutistaa,/ˈlutistɑː/
luta,/ˈlutɑ/
luuta,/ˈluːtɑ/
lyhyt,/ˈlyhyt/
lyhhyemp,/ˈlyhyempi/
luvata,/ˈluʋɑtɑ/
lyhytväliin,/ˈlyhytʋæline/
lyhentyä,/ˈlyhentyæ/
lykkähys,/ˈlykːæhys/
lupa,/ˈlupɑ/
lykky,/ˈlykːy/
lyhhyys,/ˈlyhyːs/
lähe,/ˈlæhe/
lypsäjä,/ˈlypsæjæ/
lähtiisvers,/ˈlæhtiːsʋers/
lypsylehmä,/ˈlypsylehmæ/
lypsö,/ˈlypsø/
lähtämä,/ˈlæhtæmæ/
lähtiä,/ˈlæhtiæ/
lämmin,/ˈlæmːin/
läkkämys,/ˈlækːæmys/
läkäellä,/ˈlækæelːæ/
lämmike,/ˈlæmːike/
lämmitös,/ˈlæmːitøs/
läkkämyskeeli,/ˈlækːæmyskeːli/
lämmittää,/ˈlæmːitːæː/
läpi,/ˈlæpi/
läpituuli,/ˈlæpituːli/
lätikkä,/ˈlætikːæ/
länget,/ˈlæŋɡet/
läävä,/ˈlæːʋæ/
länsilounat,/ˈlænsilou̯nɑt/
maa,/ˈmɑː/
maaheinä,/ˈmɑːhei̯næ/
löyly,/ˈløy̯ly/
löyhyttää,/ˈløy̯hytːæː/
Maahenkeys,/ˈmɑːheŋkey̯s/
löövvä,/ˈlyʋːæ/
maackalehti,/ˈmɑːt͡ʃkɑlehti/
maakimalain,/ˈmɑːkimɑlɑi̯ne/
maakoma,/ˈmɑːkomɑ/
maamees,/ˈmɑːmeːs/
maahiin,/ˈmɑːhine/
maamunapumppu,/ˈmɑːmunɑpumpːu/
maamunavelli,/ˈmɑːmunɑʋelːi/
maakkoin,/ˈmɑːkːoi̯ne/
maamygrä,/ˈmɑːmyɡræ/
maanpäälys,/ˈmɑːnpæːlys/
maamunakooppa,/ˈmɑːmunɑkoːpːɑ/
maanšaara,/ˈmɑːnʃɑːrɑ/
maapaikka,/ˈmɑːpɑi̯kːɑ/
maanalain,/ˈmɑːnɑlɑi̯ne/
maantaki,/ˈmɑːntɑki/
maansyän,/ˈmɑːnsyæn/
maapala,/ˈmɑːpɑlɑ/
Maarianpyhä,/ˈmɑːriɑnpyhæ/
maapökkö,/ˈmɑːpøkːø/
maantee,/ˈmɑːnteː/
maarit,/ˈmɑːrit/
maarot,/ˈmɑːrot/
maasteroittaa,/ˈmɑːsteroi̯tːɑː/
Maarianpäivä,/ˈmɑːriɑnpæi̯ʋæ/
maatalohusprodukta,/ˈmɑːtɑlohusproduktɑ/
maasipuli,/ˈmɑːsipuli/
maazi,/ˈmɑːzi/
Madagaskara,/ˈmɑdɑɡɑskɑrɑ/
maattuška,/ˈmɑːtːuʃkɑ/
maata,/ˈmɑɑtɑ/
maata,/ˈmɑːtɑ/
mae,/ˈmɑe/
maatrenki,/ˈmɑːtreŋki/
mahtaa,/ˈmɑhtɑː/
mahlain,/ˈmɑhlɑi̯ne/
mai,/ˈmɑi̯/
mahlakas,/ˈmɑhlɑkɑs/
maikuu,/ˈmɑi̯kuː/
mahomettiläin,/ˈmɑhometːilæi̯ne/
maina,/ˈmɑi̯nɑ/
maijokas,/ˈmɑi̯jokɑs/
maissella,/ˈmɑi̯sːelːɑ/
mainia,/ˈmɑi̯niɑ/
maito,/ˈmɑi̯to/
Maipraaznikka,/ˈmɑi̯prɑːznikːɑ/
maitopata,/ˈmɑi̯topɑtɑ/
mainita,/ˈmɑi̯nitɑ/
maitosarvi,/ˈmɑi̯tosɑrʋi/
maitovarsa,/ˈmɑi̯toʋɑrsɑ/
majamees,/ˈmɑjɑmeːs/
maitse,/ˈmɑi̯t͡se/
makjassella,/ˈmɑkjɑsːelːɑ/
maitokukka,/ˈmɑi̯tokukːɑ/
maja,/ˈmɑjɑ/
maklakka,/ˈmɑklɑkːɑ/
Makara,/ˈmɑkɑrɑ/
makoittaa,/ˈmɑkoi̯tːɑː/
mako,/ˈmɑko/
maksa,/ˈmɑksɑ/
makoitos,/ˈmɑkoi̯tos/
makuin,/ˈmɑkui̯ne/
maku,/ˈmɑku/
malketa,/ˈmɑlketɑ/
malja,/ˈmɑljɑ/
malitva,/ˈmɑlitʋɑ/
maksaa,/ˈmɑksɑː/
manasteri,/ˈmɑnɑsteri/
mallas,/ˈmɑlːɑs/
mammata,/ˈmɑmːɑtɑ/
manna,/ˈmɑnːɑ/
mantere,/ˈmɑntere/
manitella,/ˈmɑnitelːɑ/
Marfa,/ˈmɑrfɑ/
marja,/ˈmɑrjɑ/
mankua,/ˈmɑŋkuɑ/
marjakas,/ˈmɑrjɑkɑs/
maokas,/ˈmɑokɑs/
marakatti,/ˈmɑrɑkɑtːi/
marjakärkkä,/ˈmɑrjɑkærkːæ/
marjasaadu,/ˈmɑrjɑsɑːdu/
mama,/ˈmɑmɑ/
marjamerta,/ˈmɑrjɑmertɑ/
marli,/ˈmɑrli/
marjavesi,/ˈmɑrjɑʋesi/
marjukkain,/ˈmɑrjukːɑi̯ne/
markittana,/ˈmɑrkitːɑnɑ/
marjavars,/ˈmɑrjɑʋɑrsi/
markkinat,/ˈmɑrkːinɑt/
marttikuu,/ˈmɑrtːikuː/
masštaaba,/ˈmɑsʃtɑːbɑ/
martti,/ˈmɑrtːi/
matalain,/ˈmɑtɑlɑi̯ne/
masterskoi,/ˈmɑsterskoi̯/
Maslitsa,/ˈmɑslit͡sɑ/
matalus,/ˈmɑtɑlus/
mašinista,/ˈmɑʃinistɑ/
mašina,/ˈmɑʃinɑ/
maštiin,/ˈmɑʃtine/
matka,/ˈmɑtkɑ/
matala,/ˈmɑtɑlɑ/
matalaisest,/ˈmɑtɑlɑi̯sestɑ/
matoheinä,/ˈmɑtohei̯næ/
matkustaa,/ˈmɑtkustɑː/
matokkain,/ˈmɑtokːɑi̯ne/
meehensolmi,/ˈmeːhensolmi/
matsaa,/ˈmɑt͡sɑː/
maukas,/ˈmɑukɑs/
meekka,/ˈmeːkːɑ/
meebeli,/ˈmeːbeli/
meehusta,/ˈmeːhustɑ/
meeselokas,/ˈmeːselokɑs/
meeseläjä,/ˈmeːselæjæ/
mato,/ˈmɑto/
meeskooma,/ˈmeːskoːmɑ/
meeletöin,/ˈmeːletøi̯n/
meest,/ˈmeːst/
meel,/ˈmeːl/
meesta,/ˈmeːstɑ/
mehiläin,/ˈmehilæi̯ne/
mehetöin,/ˈmehetøi̯n/
meettiä,/ˈmeːtːiæ/
mehiläispatsas,/ˈmehilæi̯spɑt͡sɑs/
meil,/ˈmei̯lːæ/
meille,/ˈmei̯lːe/
meijen,/ˈmei̯jen/
meist,/ˈmei̯stæ/
mehtää,/ˈmehtæː/
meistari,/ˈmei̯stɑri/
mela,/ˈmelɑ/
mekko,/ˈmekːo/
Merensuu,/ˈmerensuː/
meri,/ˈmeri/
mekkiä,/ˈmekːiæ/
meis,/ˈmei̯sːæ/
meisteri,/ˈmei̯steri/
merijoršši,/ˈmerijorʃːi/
merenvaahto,/ˈmerenʋɑːhto/
merenajo,/ˈmerenɑjo/
merihärkä,/ˈmerihærkæ/
merinoora,/ˈmerinoːrɑ/
meriglaisa,/ˈmeriɡlɑi̯sɑ/
meritee,/ˈmeriteː/
merimees,/ˈmerimeːs/
merinootta,/ˈmerinoːtːɑ/
merisavi,/ˈmerisɑʋi/
meriportta,/ˈmeriportːɑ/
meritse,/ˈmerit͡se/
merkitty,/ˈmerkitːy/
meritähti,/ˈmeritæhti/
merta,/ˈmertɑ/
merivesi,/ˈmeriʋesi/
mero,/ˈmero/
merizveeri,/ˈmerizʋeːri/
mesimarja,/ˈmesimɑrjɑ/
mesto,/ˈmesto/
mertatovvi,/ˈmertɑtoʋːi/
merkki,/ˈmerkːi/
mesipatsas,/ˈmesipɑt͡sɑs/
metsokana,/ˈmet͡sokɑnɑ/
metra,/ˈmetrɑ/
metsokukko,/ˈmet͡sokukːo/
mesi,/ˈmesi/
metsikäs,/ˈmet͡sikæs/
metsähiin,/ˈmet͡sæhine/
metsäemä,/ˈmet͡sæemæ/
metsittyä,/ˈmet͡sitːyæ/
metsäherra,/ˈmet͡sæherːɑ/
metsäkarhu,/ˈmet͡sækɑru/
metsälucikkain,/ˈmet͡sælut͡ʃikːɑi̯ne/
Metsäkylä,/ˈmet͡sækylæ/
metsäomenapuu,/ˈmet͡sæomenɑpuː/
metsäniitty,/ˈmet͡sæniːtːy/
metsävahti,/ˈmet͡sæʋɑhti/
metsäomena,/ˈmet͡sæomenɑ/
metsätee,/ˈmet͡sæteː/
miina,/ˈmiːnɑ/
metsävoohi,/ˈmet͡sæʋoːhi/
miira,/ˈmiːrɑ/
mikkää,/ˈmikæː/
miks,/ˈmikse/
mikäli,/ˈmikæli/
Mihalka,/ˈmihɑlkɑ/
mikroba,/ˈmikrobɑ/
milli,/ˈmilːi/
mikä,/ˈmikæ/
mikälitse,/ˈmikælit͡se/
millain,/ˈmilːɑi̯ne/
millimetra,/ˈmilːimetrɑ/
miltain,/ˈmiltɑi̯ne/
miltäin,/ˈmiltæi̯ne/
mis,/ˈmisːæ/
minni,/ˈminːi/
miltäläin,/ˈmiltælæi̯ne/
minnua,/ˈminuɑ/
minjä,/ˈminjæ/
miten,/ˈmiten/
minutti,/ˈminutːi/
miuhu,/ˈmiu̯hu/
miulle,/ˈmiu̯lːe/
mitellä,/ˈmitelːæ/
miust,/ˈmiu̯stɑ/
mius,/ˈmiu̯sːɑ/
miunna,/ˈmiu̯nːɑ/
mockovatoi,/ˈmot͡ʃkoʋɑtoi̯/
moisnikka,/ˈmoi̯snikːɑ/
min,/ˈmin/
moiso,/ˈmoi̯so/
mokkoo,/ˈmokoː/
mokoma,/ˈmokomɑ/
moni,/ˈmoni/
molemmat,/ˈmolemːɑt/
molotsa,/ˈmolot͡sɑ/
molommat,/ˈmolomːɑt/
mont,/ˈmont/
monetta,/ˈmonetːɑ/
mookkahua,/ˈmoːkːɑhuɑ/
mooto,/ˈmoːto/
mookata,/ˈmoːkɑtɑ/
mookka,/ˈmoːkːɑ/
morkuna,/ˈmorkunɑ/
moru,/ˈmoru/
morsia,/ˈmorsiɑ/
morža,/ˈmorʒɑ/
mookkahus,/ˈmoːkːɑhus/
morkofka,/ˈmorkofkɑ/
mufta,/ˈmuftɑ/
muhukas,/ˈmuhukɑs/
muila,/ˈmui̯lɑ/
muilakas,/ˈmui̯lɑkɑs/
Moskova,/ˈmoskoʋɑ/
mraamori,/ˈmrɑːmori/
muilata,/ˈmui̯lɑtɑ/
muhku,/ˈmuhku/
muakas,/ˈmuɑkɑs/
muites,/ˈmui̯tes/
muinaa,/ˈmui̯nɑː/
mukava,/ˈmukɑʋɑ/
mukahua,/ˈmukɑhuɑ/
muistaa,/ˈmui̯stɑː/
mukkaa,/ˈmukɑː/
muitas,/ˈmui̯tɑs/
mukkura,/ˈmukːurɑ/
mukertaa,/ˈmukertɑː/
mukomuko,/ˈmuko ˈmuko/
mukistaa,/ˈmukistɑː/
mulkku,/ˈmulkːu/
mukistaja,/ˈmukistɑjɑ/
mullittaa,/ˈmulːitːɑː/
mukoittaa,/ˈmukoi̯tːɑː/
mummukkain,/ˈmumːukːɑi̯ne/
muna,/ˈmunɑ/
mullakas,/ˈmulːɑkɑs/
multamaa,/ˈmultɑmɑː/
munakooppa,/ˈmunɑkoːpːɑ/
munapudro,/ˈmunɑpudro/
munalohko,/ˈmunɑlohko/
munalaatka,/ˈmunɑlɑːtkɑ/
munain,/ˈmunɑi̯ne/
multa,/ˈmultɑ/
munittaa,/ˈmunitːɑː/
munakakku,/ˈmunɑkɑkːu/
munnia,/ˈmuniɑ/
munnia,/ˈmunijɑ/
munavoi,/ˈmunɑʋoi̯/
munapesä,/ˈmunɑpesæ/
murkina,/ˈmurkinɑ/
murjata,/ˈmurjɑtɑ/
murhata,/ˈmurɑtɑ/
murkinoija,/ˈmurkinoi̯jɑ/
murhe,/ˈmure/
murjoa,/ˈmurjoɑ/
muru,/ˈmuru/
murna,/ˈmurnɑ/
muromaito,/ˈmuromɑi̯to/
muruin,/ˈmurui̯ne/
murria,/ˈmuriɑ/
mussikka,/ˈmusːikːɑ/
murnapooli,/ˈmurnɑpoːli/
muskula,/ˈmuskulɑ/
musta,/ˈmustɑ/
murukkain,/ˈmurukːɑi̯ne/
murtaa,/ˈmurtɑː/
mussanmaa,/ˈmusːɑnmɑː/
mussikkain,/ˈmusːikːɑi̯ne/
Mussikki,/ˈmusːikːi/
mut,/ˈmut/
muta,/ˈmutɑ/
mustarästähäin,/ˈmustɑræstæhæi̯ne/
Muti,/ˈmuti/
muu,/ˈmuː/
muudra,/ˈmuːdrɑ/
mutkikas,/ˈmutkikɑs/
mustapertti,/ˈmustɑpertːi/
mutissa,/ˈmutisːɑ/
muukalain,/ˈmuːkɑlɑi̯ne/
muuttiissa,/ˈmuːtːiːsːɑ/
mutkitella,/ˈmutkitelːɑ/
mutka,/ˈmutkɑ/
muuttumiin,/ˈmuːtːumine/
mygrä,/ˈmyɡræ/
muurain,/ˈmuːrɑi̯n/
myhhiä,/ˈmyhiæ/
muuttua,/ˈmuːtːuɑ/
myhähtää,/ˈmyhæhtæː/
muuzeja,/ˈmuːzejɑ/
mytty,/ˈmytːy/
myssy,/ˈmysːy/
myrkky,/ˈmyrkːy/
mygrikäs,/ˈmyɡrikæs/
myrsky,/ˈmyrsky/
mylly,/ˈmylːy/
myykiä,/ˈmyːkiæ/
Mäkkylä,/ˈmækːylæ/
mytykkäin,/ˈmytykːæi̯ne/
mäki,/ˈmæki/
männä,/ˈmænːæ/
myykkiä,/ˈmyːkːiæ/
mämlä,/ˈmæmlæ/
mänettää,/ˈmænetːæː/
männävootiin,/ˈmænːæʋoːtine/
märkä,/ˈmærkæ/
märkänevä,/ˈmærkæneʋæ/
märetä,/ˈmæretæ/
märätä,/ˈmærætæ/
männöö,/ˈmænøː/
männöö,/ˈmænːøː/
mänö,/ˈmænø/
märkänessä,/ˈmærkænesːæ/
mätäkeeli,/ˈmætækeːli/
mäsnikkä,/ˈmæsnikːæ/
määrätty,/ˈmæːrætːy/
määrä,/ˈmæːræ/
mätökset,/ˈmætøkset/
mörnää,/ˈmørnæː/
mätänäpykkä,/ˈmætænæpykːæ/
möry,/ˈmøry/
möit,/ˈmøi̯t/
mömmöttää,/ˈmømːøtːæː/
mörähtää,/ˈmøræhtæː/
mööhää,/ˈmøːhæː/
mööhässellä,/ˈmøːhæsːelːæ/
naaglia,/ˈnɑːɡliɑ/
mööt,/ˈmøːt/
naaglan,/ˈnɑːɡlɑn/
naagla,/ˈnɑːɡlɑ/
naaglita,/ˈnɑːɡlitɑ/
naappapää,/ˈnɑːpːɑpæː/
naarata,/ˈnɑːrɑtɑ/
naappojain,/ˈnɑːpːojɑi̯ne/
naappopää,/ˈnɑːpːopæː/
naakeli,/ˈnɑːkeli/
nagrahtaa,/ˈnɑɡrɑhtɑː/
nagraa,/ˈnɑɡrɑː/
nagratella,/ˈnɑɡrɑtelːɑ/
nagres,/ˈnɑɡres/
naapurikeeli,/ˈnɑːpurikeːli/
nagraksennella,/ˈnɑɡrɑksenːelːɑ/
Naasto,/ˈnɑːsto/
nahatoin,/ˈnɑhɑtoi̯n/
nahkalappa,/ˈnɑhkɑlɑpːɑ/
nagreskapusta,/ˈnɑɡreskɑpustɑ/
nahkamuna,/ˈnɑhkɑmunɑ/
nahkapolle,/ˈnɑhkɑpolːe/
naija,/ˈnɑi̯jɑ/
nahkia,/ˈnɑhkiɑ/
naikkimees,/ˈnɑi̯kːimeːs/
nahkuri,/ˈnɑhkuri/
naimiskauppa,/ˈnɑi̯miskɑu̯pːɑ/
naikkipoika,/ˈnɑi̯kːipoi̯kɑ/
naisikko,/ˈnɑi̯sikːo/
naiselliin,/ˈnɑi̯selːine/
naisiinpäivä,/ˈnɑi̯siːnpæi̯ʋæ/
naittaa,/ˈnɑi̯tːɑː/
naiskooma,/ˈnɑi̯skoːmɑ/
naksahtaa,/ˈnɑksɑhtɑː/
naiseläjä,/ˈnɑi̯selæjæ/
naksuttaja,/ˈnɑksutːɑjɑ/
naittamatoin,/ˈnɑi̯tːɑmɑtoi̯n/
naksutella,/ˈnɑksutelːɑ/
napanoora,/ˈnɑpɑnoːrɑ/
namasteri,/ˈnɑmɑsteri/
napilka,/ˈnɑpilkɑ/
naljakas,/ˈnɑljɑkɑs/
napapuu,/ˈnɑpɑpuː/
namintka,/ˈnɑmintkɑ/
narrata,/ˈnɑrːɑtɑ/
narskaa,/ˈnɑrskɑː/
nartat,/ˈnɑrtɑt/
napata,/ˈnɑpɑtɑ/
napa,/ˈnɑpɑ/
nasse,/ˈnɑsːe/
Nasto,/ˈnɑsto/
nattiissa,/ˈnɑtiːsːɑ/
napsuttaa,/ˈnɑpsutːɑː/
naulacka,/ˈnɑu̯lɑt͡ʃkɑ/
napsu,/ˈnɑpsu/
ne,/ˈne/
naskeli,/ˈnɑskeli/
Narva,/ˈnɑrʋɑ/
Nastasja,/ˈnɑstɑsjɑ/
neegla,/ˈneːɡlɑ/
nefti,/ˈnefti/
nauha,/ˈnɑu̯hɑ/
neelu,/ˈneːlu/
neemi,/ˈneːmi/
Neito,/ˈnei̯to/
neet,/ˈneːt/
neitsykkäin,/ˈnei̯t͡sykːæi̯ne/
neljäskymmenäs,/ˈneljæskymːenæs/
neljä,/ˈneljæ/
neljältää,/ˈneljæltæː/
neljäspäivä,/ˈneljæspæi̯ʋæ/
nenä,/ˈnenæ/
neljäveeruin,/ˈneljæʋeːrui̯ne/
nenätöin,/ˈnenætøi̯n/
neljävootiin,/ˈneljæʋoːtine/
nenätauti,/ˈnenætɑu̯ti/
nerva,/ˈnerʋɑ/
nenähooku,/ˈnenæhoːku/
netrudnosposobnoi,/ˈnetrudnosposobnoi̯/
nevvoa,/ˈneʋːoɑ/
nevvo,/ˈneʋːo/
Niderland,/ˈniderlɑnd/
niin,/ˈniːn/
nie,/ˈnie/
niiskavatsa,/ˈniːskɑʋɑt͡sɑ/
niisinoora,/ˈniːsinoːrɑ/
niitto,/ˈniːtːo/
niitty,/ˈniːtːy/
niinipuu,/ˈniːnipuː/
nikan,/ˈnikɑn/
nikossus,/ˈnikosːus/
niittäjä,/ˈniːtːæjæ/
niku,/ˈniku/
nikossuttaa,/ˈnikosːutːɑː/
nimi,/ˈnimi/
niska,/ˈniskɑ/
nimensihalliin,/ˈnimensihɑlːine/
nittoa,/ˈnitoɑ/
nikostaa,/ˈnikostɑː/
niskapliiska,/ˈniskɑpliːskɑ/
nimisana,/ˈnimisɑnɑ/
NjuJorkka,/ˈnjujorkːɑ/
nodraan,/ˈnodrɑːn/
noekas,/ˈnoekɑs/
noijitos,/ˈnoi̯jitos/
noita,/ˈnoi̯tɑ/
noitasana,/ˈnoi̯tɑsɑnɑ/
noissa,/ˈnoi̯sːɑ/
noitumus,/ˈnoi̯tumus/
noki,/ˈnoki/
noitia,/ˈnoi̯tiɑ/
noitia,/ˈnoi̯tijɑ/
nokkatalja,/ˈnokːɑtɑljɑ/
noitua,/ˈnoi̯tuɑ/
no,/ˈno/
nolli,/ˈnolːi/
nojabri,/ˈnojɑbri/
noora,/ˈnoːrɑ/
nooli,/ˈnoːli/
noo,/ˈnoː/
noorain,/ˈnoːrɑi̯ne/
nominativa,/ˈnominɑtiʋɑ/
noorikko,/ˈnoːrikːo/
nooravyyhti,/ˈnoːrɑʋyːhti/
noolla,/ˈnoːlːɑ/
nooristo,/ˈnoːristo/
noottamees,/ˈnoːtːɑmeːs/
noori,/ˈnoːri/
noorittaa,/ˈnoːritːɑː/
nooristua,/ˈnoːristuɑ/
noottavene,/ˈnoːtːɑʋene/
noppia,/ˈnopːiɑ/
Norvegia,/ˈnorʋeɡiɑ/
noska,/ˈnoskɑ/
nopata,/ˈnopɑtɑ/
noovosti,/ˈnoːʋosti/
notkia,/ˈnotkiɑ/
nostajain,/ˈnostɑjɑi̯ne/
nosilkat,/ˈnosilkɑt/
nopo,/ˈnopo/
nuka,/ˈnukɑ/
nukka,/ˈnukːɑ/
nukkua,/ˈnukːuɑ/
numeri,/ˈnumeri/
nurkka,/ˈnurkːɑ/
nukahtaissa,/ˈnukɑhtɑi̯sːɑ/
nussuri,/ˈnusːuri/
numerali,/ˈnumerɑli/
numeratsia,/ˈnumerɑt͡siɑ/
nurmi,/ˈnurmi/
nyblä,/ˈnyblæ/
nuuhata,/ˈnuːhɑtɑ/
nuuhkia,/ˈnuːhkiɑ/
Nurmisto,/ˈnurmisto/
nu,/ˈnu/
nyrhi,/ˈnyri/
nykyaika,/ˈnykyɑi̯kɑ/
nuužnikka,/ˈnuːʒnikːɑ/
nyt,/ˈnyt/
nykyin,/ˈnykyi̯ne/
nyrihyssä,/ˈnyrihysːæ/
nyttä,/ˈnytːæ/
näkö,/ˈnækø/
nähä,/ˈnæhæ/
näköin,/ˈnækøi̯ne/
näkkyä,/ˈnækyæ/
nännänpää,/ˈnænːænpæː/
näin,/ˈnæi̯n/
näin,/ˈnæin/
nälkä,/ˈnælkæ/
näntkä,/ˈnæntkæ/
närriä,/ˈnæriæ/
näyttää,/ˈnæy̯tːæː/
näpykkä,/ˈnæpykːæ/
näätä,/ˈnæːtæ/
näre,/ˈnære/
obezjana,/ˈobezjɑnɑ/
obižoittaa,/ˈobiʒoi̯tːɑː/
näökäs,/ˈnæøkæs/
obidnaal,/ˈobidnɑlːɑ/
oblasti,/ˈoblɑsti/
odrain,/ˈodrɑi̯ne/
obednoi,/ˈobednoi̯/
odrapelto,/ˈodrɑpelto/
odranpää,/ˈodrɑnpæː/
odrariihi,/ˈodrɑriːhi/
odrapurnu,/ˈodrɑpurnu/
ockat,/ˈot͡ʃkɑt/
oennella,/ˈoenːelːɑ/
oh,/ˈoh/
ofitseri,/ˈofit͡seri/
odrasuurima,/ˈodrɑsuːrimɑ/
ohahtaa,/ˈohɑhtɑː/
oelma,/ˈoelmɑ/
ohkia,/ˈohkiɑ/
ofitsera,/ˈofit͡serɑ/
ohhaus,/ˈohɑu̯s/
ohkaa,/ˈohkɑː/
ohukkain,/ˈohukːɑi̯ne/
ohjas,/ˈohjɑs/
ohvottaissa,/ˈohʋotːɑi̯sːɑ/
oikiasooli,/ˈoi̯kiɑsoːli/
Ohvana,/ˈohʋɑnɑ/
oja,/ˈojɑ/
oikehus,/ˈoi̯kehus/
oikiast,/ˈoi̯kiɑstɑ/
oikiin,/ˈoi̯kiːn/
ojeta,/ˈojetɑ/
oikianurkkain,/ˈoi̯kiɑnurkːɑi̯ne/
oksentaa,/ˈoksentɑː/
ojapuu,/ˈojɑpuː/
Oko,/ˈoko/
Okkuli,/ˈokːuli/
oksentaissa,/ˈoksentɑi̯sːɑ/
Oleksandra,/ˈoleksɑndrɑ/
oleninpito,/ˈoleninpito/
oleva,/ˈoleʋɑ/
oli,/ˈoli/
olivat,/ˈoliʋɑt/
oleninpitotehnikuma,/ˈoleninpitotehnikumɑ/
olin,/ˈolin/
olo,/ˈolo/
olut,/ˈolut/
olkitalla,/ˈolkitɑlːɑ/
olutallas,/ˈolutɑlːɑs/
omenahauta,/ˈomenɑhɑu̯tɑ/
ollaa,/ˈolːɑː/
omenasaadu,/ˈomenɑsɑːdu/
omenajauho,/ˈomenɑjɑu̯ho/
omena,/ˈomenɑ/
ompelostöö,/ˈompelostøː/
ommella,/ˈomːelːɑ/
ongenvars,/ˈoŋɡenʋɑrsi/
ompelija,/ˈompelijɑ/
onni,/ˈonːi/
ompelosmašina,/ˈompelosmɑʃinɑ/
onnelikas,/ˈonːelikɑs/
onnistua,/ˈonːistuɑ/
onnetoin,/ˈonːetoi̯n/
oolo,/ˈoːlo/
oot,/ˈoːt/
onnettomus,/ˈonːetːomus/
ootella,/ˈoːtelːɑ/
opastaja,/ˈopɑstɑjɑ/
opasnoi,/ˈopɑsnoi̯/
oon,/ˈoːn/
opetus,/ˈopetus/
opinikka,/ˈopinikːɑ/
oppihua,/ˈopːihuɑ/
opastaa,/ˈopɑstɑː/
oppihussa,/ˈopːihusːɑ/
oppi,/ˈopːi/
oppiissa,/ˈopːiːsːɑ/
oppimees,/ˈopːimeːs/
oppikirja,/ˈopːikirjɑ/
oras,/ˈorɑs/
oraspelto,/ˈorɑspelto/
orava,/ˈorɑʋɑ/
organa,/ˈorɡɑnɑ/
orastua,/ˈorɑstuɑ/
ori,/ˈori/
orasheinä,/ˈorɑshei̯næ/
orfografia,/ˈorfoɡrɑfiɑ/
orjamarjapuu,/ˈorjɑmɑrjɑpuː/
orjalain,/ˈorjɑlɑi̯ne/
oro,/ˈoro/
orjumarja,/ˈorjumɑrjɑ/
organisma,/ˈorɡɑnismɑ/
orpo,/ˈorpo/
osalliin,/ˈosɑlːine/
osmuška,/ˈosmuʃkɑ/
osoittaa,/ˈosoi̯tːɑː/
osra,/ˈosrɑ/
osa,/ˈosɑ/
ostaja,/ˈostɑjɑ/
ostaa,/ˈostɑː/
osnovnoi,/ˈosnoʋnoi̯/
otsakeero,/ˈot͡sɑkeːro/
otsa,/ˈot͡sɑ/
otsatoin,/ˈot͡sɑtoi̯n/
otkrьtka,/ˈotkrɨtkɑ/
otstavnoi,/ˈot͡stɑʋnoi̯/
ovat,/ˈoʋɑt/
ovi,/ˈoʋi/
paarmahain,/ˈpɑːrmɑhɑi̯ne/
ovirauta,/ˈoʋirɑu̯tɑ/
paasi,/ˈpɑːsi/
paarmas,/ˈpɑːrmɑs/
pagla,/ˈpɑɡlɑ/
paha,/ˈpɑhɑ/
otus,/ˈotus/
pahameeliin,/ˈpɑhɑmeːline/
pahalain,/ˈpɑhɑlɑi̯ne/
pahantapain,/ˈpɑhɑntɑpɑi̯ne/
pahatapain,/ˈpɑhɑtɑpɑi̯ne/
pahhuus,/ˈpɑhuːs/
pahantekijä,/ˈpɑhɑntekijæ/
pahkura,/ˈpɑhkurɑ/
paikka,/ˈpɑi̯kːɑ/
paimen,/ˈpɑi̯men/
pahna,/ˈpɑhnɑ/
paimenpoika,/ˈpɑi̯menpoi̯kɑ/
painaa,/ˈpɑi̯nɑː/
pahapäivä,/ˈpɑhɑpæi̯ʋæ/
paine,/ˈpɑi̯ne/
pahka,/ˈpɑhkɑ/
paikata,/ˈpɑi̯kɑtɑ/
painopääveitsi,/ˈpɑi̯nopæːʋei̯t͡si/
painokkaamp,/ˈpɑi̯nokːɑːmpi/
paino,/ˈpɑi̯no/
paimenenna,/ˈpɑi̯menenːɑ/
painuttaa,/ˈpɑi̯nutːɑː/
painua,/ˈpɑi̯nuɑ/
painopuu,/ˈpɑi̯nopuː/
painumatoin,/ˈpɑi̯numɑtoi̯n/
paistaa,/ˈpɑi̯stɑː/
paja,/ˈpɑjɑ/
paisse,/ˈpɑi̯sːe/
paissettua,/ˈpɑi̯sːetːuɑ/
pajusoittu,/ˈpɑjusoi̯tːu/
pakko,/ˈpɑkːo/
pakata,/ˈpɑkɑtɑ/
paitulain,/ˈpɑi̯tulɑi̯ne/
pajuvitsa,/ˈpɑjuʋit͡sɑ/
paksuposkiin,/ˈpɑksuposkine/
paju,/ˈpɑju/
pale,/ˈpɑle/
pako,/ˈpɑko/
paljas,/ˈpɑljɑs/
paljastaa,/ˈpɑljɑstɑː/
palentaa,/ˈpɑlentɑː/
paljoznacnoi,/ˈpɑljoznɑt͡ʃnoi̯/
paljo,/ˈpɑljo/
palkka,/ˈpɑlkːɑ/
palentua,/ˈpɑlentuɑ/
palkkahua,/ˈpɑlkːɑhuɑ/
palmikko,/ˈpɑlmikːo/
palo,/ˈpɑlo/
palolintu,/ˈpɑlolintu/
palmikoija,/ˈpɑlmikoi̯jɑ/
pallaa,/ˈpɑlɑː/
palvoa,/ˈpɑlʋoɑ/
pamppu,/ˈpɑmpːu/
palle,/ˈpɑlːe/
palomašina,/ˈpɑlomɑʃinɑ/
panekki,/ˈpɑnekːi/
panna,/ˈpɑnːɑ/
palttina,/ˈpɑltːinɑ/
panka,/ˈpɑŋkɑ/
pannu,/ˈpɑnːu/
papka,/ˈpɑpkɑ/
panki,/ˈpɑŋki/
para,/ˈpɑrɑ/
paraikaa,/pɑˈrɑi̯kɑː/
papu,/ˈpɑpu/
pappi,/ˈpɑpːi/
paremp,/ˈpɑrempi/
parandža,/ˈpɑrɑndʒɑ/
paraikoi,/pɑˈrɑi̯koi̯/
parikas,/ˈpɑrikɑs/
parentaa,/ˈpɑrentɑː/
Paraska,/ˈpɑrɑskɑ/
parennos,/ˈpɑrenːos/
Paro,/ˈpɑro/
pari,/ˈpɑri/
partia,/ˈpɑrtiɑ/
parras,/ˈpɑrːɑs/
partamees,/ˈpɑrtɑmeːs/
partta,/ˈpɑrtːɑ/
partitiva,/ˈpɑrtitiʋɑ/
partsa,/ˈpɑrt͡sɑ/
patahohla,/ˈpɑtɑhohlɑ/
passibo,/ˈpɑsːibo/
paskain,/ˈpɑskɑi̯ne/
pataässä,/ˈpɑtɑæsːæ/
patentti,/ˈpɑtentːi/
patretti,/ˈpɑtretːi/
patrona,/ˈpɑtronɑ/
pauhata,/ˈpɑu̯hɑtɑ/
parvi,/ˈpɑrʋi/
patalusikka,/ˈpɑtɑlusikːɑ/
patakunigas,/ˈpɑtɑkuniɡɑs/
paukutella,/ˈpɑu̯kutelːɑ/
pataluhka,/ˈpɑtɑluhkɑ/
patsas,/ˈpɑt͡sɑs/
paukata,/ˈpɑu̯kɑtɑ/
patukka,/ˈpɑtukːɑ/
paukkaa,/ˈpɑu̯kːɑː/
pavunpalko,/ˈpɑʋunpɑlko/
pecnikka,/ˈpet͡ʃnikːɑ/
paukuttaa,/ˈpɑu̯kutːɑː/
peeksää,/ˈpeːksæː/
peenkari,/ˈpeːŋkɑri/
peenys,/ˈpeːnys/
peeli,/ˈpeːli/
peeru,/ˈpeːru/
Pedro,/ˈpedro/
pehko,/ˈpehko/
peereskellä,/ˈpeːreskelːæ/
Pehkosaari,/ˈpehkosɑːri/
peittiissä,/ˈpei̯tːiːsːæ/
peikkomees,/ˈpei̯kːomeːs/
pelehellä,/ˈpelehelːæ/
peli,/ˈpeli/
pehmiä,/ˈpehmiæ/
pellovain,/ˈpelːoʋɑi̯ne/
pellovain,/ˈpelːoʋɑi̯n/
pehmittää,/ˈpehmitːæː/
pellovas,/ˈpelːoʋɑs/
pelto,/ˈpelto/
peltohiiri,/ˈpeltohiːri/
pellovasaivinapijo,/ˈpelːoʋɑsɑi̯ʋinɑpijo/
Pellervo,/ˈpelːerʋo/
pellovaskaaska,/ˈpelːoʋɑskɑːskɑ/
peltotee,/ˈpeltoteː/
pellovasrihma,/ˈpelːoʋɑsrihmɑ/
penikka,/ˈpenikːɑ/
penger,/ˈpeŋɡer/
peltopytty,/ˈpeltopytːy/
peppo,/ˈpepːo/
peltotöö,/ˈpeltotøː/
pereponka,/ˈperepoŋkɑ/
penkki,/ˈpeŋkːi/
perkele,/ˈperkele/
perekäs,/ˈperekæs/
perintuuli,/ˈperintuːli/
perrona,/ˈperːonɑ/
perrää,/ˈperæː/
pers,/ˈperse/
pero,/ˈpero/
perta,/ˈpertɑ/
pertsuviina,/ˈpert͡suʋiːnɑ/
perna,/ˈpernɑ/
pernamahla,/ˈpernɑmɑhlɑ/
pertsupalko,/ˈpert͡supɑlko/
perttipuu,/ˈpertːipuː/
perttikunta,/ˈpertːikuntɑ/
perämees,/ˈperæmeːs/
peräpykämä,/ˈperæpykæmæ/
perätöin,/ˈperætøi̯n/
peräs,/ˈperæsːæ/
pesemätöin,/ˈpesemætøi̯n/
pesoin,/ˈpesoi̯ne/
pesu,/ˈpesu/
pessiissä,/ˈpesːiːsːæ/
pessä,/ˈpesːæ/
petel,/ˈpetel/
pestikka,/ˈpestikːɑ/
petellä,/ˈpetelːæ/
pesuvesi,/ˈpesuʋesi/
petkel,/ˈpetkel/
petonsääri,/ˈpetonsæːri/
petos,/ˈpetos/
pesä,/ˈpesæ/
pettyä,/ˈpetːyæ/
pettopiimä,/ˈpetːopiːmæ/
petruška,/ˈpetruʃkɑ/
petäjälatva,/ˈpetæjælɑtʋɑ/
pettää,/ˈpetːæː/
pettelikko,/ˈpetːelikːo/
peukola,/ˈpeu̯kolɑ/
petäjämetsä,/ˈpetæjæmet͡sæ/
pihet,/ˈpihet/
petäjäpäre,/ˈpetæjæpære/
pihkamaito,/ˈpihkɑmɑi̯to/
peukala,/ˈpeu̯kɑlɑ/
picka,/ˈpit͡ʃkɑ/
pickapacka,/ˈpit͡ʃkɑpɑt͡ʃkɑ/
pihloja,/ˈpihlojɑ/
peukalo,/ˈpeu̯kɑlo/
pii,/ˈpiː/
pihtelet,/ˈpihtelet/
pihlajamarjalintu,/ˈpihlɑjɑmɑrjɑlintu/
piikkaa,/ˈpiːkːɑː/
piho,/ˈpiho/
piikahtaa,/ˈpiːkɑhtɑː/
piirakalt,/ˈpiːrɑkɑltɑ/
piippu,/ˈpiːpːu/
piika,/ˈpiːkɑ/
piiluu,/ˈpiːluː/
piirakka,/ˈpiːrɑkːɑ/
piirakaal,/ˈpiːrɑkɑlːɑ/
piirakkanna,/ˈpiːrɑkːɑnːɑ/
piirakkoja,/ˈpiːrɑkːojɑ/
piirakkoihe,/ˈpiːrɑkːoi̯sːe/
piirakoil,/ˈpiːrɑkoi̯lːɑ/
pijo,/ˈpijo/
piirakoille,/ˈpiːrɑkoi̯lːe/
pijolliin,/ˈpijolːine/
piiras,/ˈpiːrɑs/
pikimusta,/ˈpikimustɑ/
pikkarain,/ˈpikːɑrɑi̯ne/
piirakoilt,/ˈpiːrɑkoi̯ltɑ/
piirakoist,/ˈpiːrɑkoi̯stɑ/
pikkaraikkuin,/ˈpikːɑrɑi̯kːui̯ne/
pikissä,/ˈpikisːæ/
pilahussa,/ˈpilɑhusːɑ/
pilkata,/ˈpilkɑtɑ/
pikkurilli,/ˈpikːurilːi/
pilata,/ˈpilɑtɑ/
pilkku,/ˈpilkːu/
pikkuruiskuin,/ˈpikːurui̯skui̯ne/
pilahuttaa,/ˈpilɑhutːɑː/
pilotta,/ˈpilotːɑ/
pilkko,/ˈpilkːo/
pilkka,/ˈpilkːɑ/
pillatöö,/ˈpilːɑtøː/
pilvi,/ˈpilʋi/
pilpu,/ˈpilpu/
pilvenjooksu,/ˈpilʋenjoːksu/
pilpa,/ˈpilpɑ/
pimetä,/ˈpimetæ/
pilvekäs,/ˈpilʋekæs/
pilpo,/ˈpilpo/
pimetellä,/ˈpimetelːæ/
pimmiä,/ˈpimiæ/
pionera,/ˈpionerɑ/
pintamaanalusmaa,/ˈpintɑmɑːnɑlusmɑː/
pirttulamppu,/ˈpirtːulɑmpːu/
pinžakka,/ˈpinʒɑkːɑ/
piot,/ˈpiot/
pinta,/ˈpintɑ/
pisama,/ˈpisɑmɑ/
pistää,/ˈpistæː/
pisara,/ˈpisɑrɑ/
pisar,/ˈpisɑr/
pitkä,/ˈpitkæ/
pitkähäntä,/ˈpitkæhæntæ/
pitkin,/ˈpitkin/
pistoletti,/ˈpistoletːi/
pitkulain,/ˈpitkulɑi̯ne/
pitkäkoipiin,/ˈpitkækoi̯pine/
pittiissä,/ˈpitiːsːæ/
pittuus,/ˈpituːs/
Pitkänenä,/ˈpitkænenæ/
piukkaa,/ˈpiu̯kːɑː/
pittuusmitta,/ˈpituːsmitːɑ/
piätös,/ˈpiætøs/
piättää,/ˈpiætːæː/
pittää,/ˈpitæː/
platja,/ˈplɑtjɑ/
Platona,/ˈplɑtonɑ/
plaana,/ˈplɑːnɑ/
plekikas,/ˈplekikɑs/
ploda,/ˈplodɑ/
plemmäänitsa,/ˈplemæːnit͡sɑ/
pito,/ˈpito/
plankku,/ˈplɑŋkːu/
plekki,/ˈplekːi/
plotnikka,/ˈplotnikːɑ/
pluuga,/ˈpluːɡɑ/
ploššadi,/ˈploʃːɑdi/
pläkki,/ˈplækːi/
plodikka,/ˈplodikːɑ/
ploššadimitta,/ˈploʃːɑdimitːɑ/
pocka,/ˈpot͡ʃkɑ/
poduška,/ˈpoduʃkɑ/
podvala,/ˈpodʋɑlɑ/
pocivoittaa,/ˈpot͡ʃiʋoi̯tːɑː/
podaroittaa,/ˈpodɑroi̯tːɑː/
pläkikäs,/ˈplækikæs/
pogranicnikka,/ˈpoɡrɑnit͡ʃnikːɑ/
pohjasteeppeni,/ˈpohjɑsteːpːeni/
pohjapikari,/ˈpohjɑpikɑri/
pogreba,/ˈpoɡrebɑ/
pohmelo,/ˈpohmelo/
pohjus,/ˈpohjus/
poika,/ˈpoi̯kɑ/
pohkiat,/ˈpohkiɑt/
pohmelopäivä,/ˈpohmelopæi̯ʋæ/
pohjukka,/ˈpohjukːɑ/
poikain,/ˈpoi̯kɑi̯ne/
poikaoksa,/ˈpoi̯kɑoksɑ/
poikia,/ˈpoi̯kiɑ/
poikia,/ˈpoi̯kijɑ/
poikapooli,/ˈpoi̯kɑpoːli/
pohvaloittaa,/ˈpohʋɑloi̯tːɑː/
poikarukka,/ˈpoi̯kɑrukːɑ/
poikki,/ˈpoi̯kːi/
poikkinain,/ˈpoi̯kːinɑi̯ne/
poikittee,/ˈpoi̯kitːeː/
poimu,/ˈpoi̯mu/
poimia,/ˈpoi̯miɑ/
poikkipako,/ˈpoi̯kːipɑko/
poime,/ˈpoi̯me/
poikinpuu,/ˈpoi̯kinpuː/
politsa,/ˈpolit͡sɑ/
polavikko,/ˈpolɑʋikːo/
poissikkain,/ˈpoi̯sːikːɑi̯ne/
pois,/ˈpoi̯s/
politseiskoi,/ˈpolit͡sei̯skoi̯/
poloin,/ˈpoloi̯ne/
polnoi,/ˈpolnoi̯/
polttaa,/ˈpoltːɑː/
polvensilmä,/ˈpolʋensilmæ/
polopoika,/ˈpolopoi̯kɑ/
polvi,/ˈpolʋi/
poltikkain,/ˈpoltikːɑi̯ne/
poltikkain,/ˈpoltikːɑi̯n/
poohan,/ˈpoːhɑn/
pool,/ˈpoːli/
pomintkat,/ˈpomintkɑt/
polo,/ˈpolo/
polzuittaa,/ˈpolzui̯tːɑː/
poojezda,/ˈpoːjezdɑ/
pooliin,/ˈpoːline/
poolipitkä,/ˈpoːlipitkæ/
poola,/ˈpoːlɑ/
poolipäätkä,/ˈpoːlipæːtkæ/
popo,/ˈpopo/
poolisaari,/ˈpoːlisɑːri/
poolest,/ˈpoːlestɑ/
popottaa,/ˈpopotːɑː/
poolipäivä,/ˈpoːlipæi̯ʋæ/
popugai,/ˈpopuɡɑi̯/
pooti,/ˈpoːti/
pooliöö,/ˈpoːliøː/
poroga,/ˈporoɡɑ/
porsas,/ˈporsɑs/
positiva,/ˈpositiʋɑ/
positsia,/ˈposit͡siɑ/
portta,/ˈportːɑ/
postimees,/ˈpostimeːs/
poro,/ˈporo/
portteri,/ˈportːeri/
poštaljona,/ˈpoʃtɑljonɑ/
postpositsia,/ˈpostposit͡siɑ/
poukkupäivä,/ˈpou̯kːupæi̯ʋæ/
posti,/ˈposti/
pouta,/ˈpou̯tɑ/
potkuri,/ˈpotkuri/
poukkuvesi,/ˈpou̯kːuʋesi/
povarnoi,/ˈpoʋɑrnoi̯/
požarnoi,/ˈpoʒɑrnoi̯/
povvinoora,/ˈpoʋːinoːrɑ/
praavitos,/ˈprɑːʋitos/
povoda,/ˈpoʋodɑ/
poveska,/ˈpoʋeskɑ/
praavihussa,/ˈprɑːʋihusːɑ/
povvakas,/ˈpoʋːɑkɑs/
praavila,/ˈprɑːʋilɑ/
pressi,/ˈpresːi/
priha,/ˈprihɑ/
preetiä,/ˈpreːtiæ/
prepositsia,/ˈpreposit͡siɑ/
primera,/ˈprimerɑ/
praaznikka,/ˈprɑːznikːɑ/
probka,/ˈprobkɑ/
priimusa,/ˈpriːmusɑ/
programma,/ˈproɡrɑmːɑ/
printsi,/ˈprint͡si/
pronomina,/ˈpronominɑ/
priho,/ˈpriho/
proomьslapyytö,/ˈproːmɨslɑpyːtø/
prosekka,/ˈprosekːɑ/
pristani,/ˈpristɑni/
prostina,/ˈprostinɑ/
proovata,/ˈproːʋɑtɑ/
prolativa,/ˈprolɑtiʋɑ/
proomьsla,/ˈproːmɨslɑ/
prostoimp,/ˈprostoi̯mpi/
prullistaa,/ˈprulːistɑː/
prulli,/ˈprulːi/
pruukata,/ˈpruːkɑtɑ/
prusakka,/ˈprusɑkːɑ/
protivogaza,/ˈprotiʋoɡɑzɑ/
prullikas,/ˈprulːikɑs/
Pskoova,/ˈpskoːʋɑ/
präkkää,/ˈprækːæː/
puhaltaa,/ˈpuhɑltɑː/
puhhua,/ˈpuhuɑ/
pudro,/ˈpudro/
puhaskirjutos,/ˈpuhɑskirjutos/
puippu,/ˈpui̯pːu/
pulkka,/ˈpulkːɑ/
puhas,/ˈpuhɑs/
pulmahoomnikko,/ˈpulmɑhoːmnikːo/
puikko,/ˈpui̯kːo/
puistaa,/ˈpui̯stɑː/
pulmajolkka,/ˈpulmɑjolkːɑ/
pulmapäivä,/ˈpulmɑpæi̯ʋæ/
pulmamees,/ˈpulmɑmeːs/
pulmatavarat,/ˈpulmɑtɑʋɑrɑt/
pumputa,/ˈpumputɑ/
pulmaolut,/ˈpulmɑolut/
pulmaväki,/ˈpulmɑʋæki/
pumissa,/ˈpumisːɑ/
puna,/ˈpunɑ/
Punamaaria,/ˈpunɑmɑːriɑ/
Punaarmia,/ˈpunɑɑrmiɑ/
pulska,/ˈpulskɑ/
punaposkiin,/ˈpunɑposkine/
punatauti,/ˈpunɑtɑu̯ti/
punapää,/ˈpunɑpæː/
punertava,/ˈpunertɑʋɑ/
punastua,/ˈpunɑstuɑ/
punettia,/ˈpunetːiɑ/
puota,/ˈpuotɑ/
punarinta,/ˈpunɑrintɑ/
punttalauta,/ˈpuntːɑlɑu̯tɑ/
pupuška,/ˈpupuʃkɑ/
purjehtia,/ˈpurjehtiɑ/
puntta,/ˈpuntːɑ/
purra,/ˈpurːɑ/
pura,/ˈpurɑ/
purjehtiva,/ˈpurjehtiʋɑ/
puru,/ˈpuru/
purno,/ˈpurno/
pussi,/ˈpusːi/
purje,/ˈpurje/
puteli,/ˈputeli/
puskia,/ˈpuskiɑ/
putešestvenikka,/ˈputeʃestʋenikːɑ/
puu,/ˈpuː/
pursuttaa,/ˈpursutːɑː/
puuhanko,/ˈpuːhɑŋko/
puukko,/ˈpuːkːo/
puuitikka,/ˈpuːitikːɑ/
puulapja,/ˈpuːlɑpjɑ/
puumalja,/ˈpuːmɑljɑ/
puuha,/ˈpuːhɑ/
puunaagla,/ˈpuːnɑːɡlɑ/
puulusikka,/ˈpuːlusikːɑ/
puuomena,/ˈpuːomenɑ/
puusammal,/ˈpuːsɑmːɑl/
puukas,/ˈpuːkɑs/
puutulppa,/ˈpuːtulpːɑ/
puuvilla,/ˈpuːʋilːɑ/
puutoukka,/ˈpuːtou̯kːɑ/
pyhä,/ˈpyhæ/
puuvoi,/ˈpuːʋoi̯/
puuttua,/ˈpuːtːuɑ/
pyhäkala,/ˈpyhækɑlɑ/
pyhänveetto,/ˈpyhænʋeːtːo/
pyhälliin,/ˈpyhælːine/
pyhäpäiväin,/ˈpyhæpæi̯ʋæi̯ne/
pyhäin,/ˈpyhæi̯ne/
pyhänpanekkipäivä,/ˈpyhænpɑnekːipæi̯ʋæ/
pylvä,/ˈpylʋæ/
pykämä,/ˈpykæmæ/
pylvätä,/ˈpylʋætæ/
pyry,/ˈpyry/
pyyhkiä,/ˈpyːhkiæ/
pyytäjä,/ˈpyːtæjæ/
pytky,/ˈpytky/
pyytö,/ˈpyːtø/
päivykkäin,/ˈpæi̯ʋykːæi̯ne/
päivä,/ˈpæi̯ʋæ/
päivyt,/ˈpæi̯ʋyt/
päi,/ˈpæi̯/
päiväläin,/ˈpæi̯ʋælæi̯ne/
päiväpyytö,/ˈpæi̯ʋæpyːtø/
päiväpaisse,/ˈpæi̯ʋæpɑi̯sːe/
päivyttyä,/ˈpæi̯ʋytːyæ/
päiväin,/ˈpæi̯ʋæi̯ne/
päivämeri,/ˈpæi̯ʋæmeri/
päivölintu,/ˈpæi̯ʋølintu/
päivänlasku,/ˈpæi̯ʋænlɑsku/
päivöttyä,/ˈpæi̯ʋøtːyæ/
päivääl,/ˈpæi̯ʋælːæ/
päpi,/ˈpæpi/
päriin,/ˈpærine/
pärehiin,/ˈpærehine/
Pärspää,/ˈpærspæː/
pärekatto,/ˈpærekɑtːo/
pärekontti,/ˈpærekontːi/
pätärä,/ˈpætæræ/
pässi,/ˈpæsːi/
pässipässi,/ˈpæsːi ˈpæsːi/
pääaivo,/ˈpæːɑi̯ʋo/
pääheinät,/ˈpæːhei̯næt/
päähkenä,/ˈpæːhkenæ/
päähkänikko,/ˈpæːhkænikːo/
päähkänäkärkkä,/ˈpæːhkænækærkːæ/
päähä,/ˈpæːhæ/
päähkänävoi,/ˈpæːhkænæʋoi̯/
pääjyvä,/ˈpæːjyʋæ/
pääkäs,/ˈpæːkæs/
pääkkö,/ˈpæːkːø/
päähkänäkärkkäin,/ˈpæːhkænækærkːæi̯ne/
pääliin,/ˈpæːline/
pääkoira,/ˈpæːkoi̯rɑ/
pääluu,/ˈpæːluː/
päälle,/ˈpæːlːe/
päälys,/ˈpæːlys/
päänikka,/ˈpæːnikːɑ/
päärme,/ˈpæːrme/
pääpooli,/ˈpæːpoːli/
päält,/ˈpæːltæ/
päännä,/ˈpæːnːæ/
päämees,/ˈpæːmeːs/
päärmätä,/ˈpæːrmætæ/
Pääsiä,/ˈpæːsiæ/
pääskö,/ˈpæːskø/
pääs,/ˈpæːsːæ/
Pääsiänpaasto,/ˈpæːsiænpɑːsto/
pääsaahkara,/ˈpæːsɑhkɑrɑ/
päästää,/ˈpæːstæː/
päässä,/ˈpæːsːæ/
pääsky,/ˈpæːsky/
pääskyläin,/ˈpæːskylæi̯ne/
pääsönpisama,/ˈpæːsønpisɑmɑ/
pääsköi,/ˈpæːskøi̯sːe/
päätetsä,/ˈpæːtet͡sæ/
pääst,/ˈpæːstæ/
päävaras,/ˈpæːʋɑrɑs/
pölly,/ˈpølːy/
päätkä,/ˈpæːtkæ/
pökkö,/ˈpøkːø/
pöksyt,/ˈpøksyt/
pöllytellä,/ˈpølːytelːæ/
pöröläin,/ˈpørølæi̯ne/
pöllyttää,/ˈpølːytːæː/
pölätä,/ˈpølætæ/
pövvy,/ˈpøʋːy/
pöllykäs,/ˈpølːykæs/
pörömä,/ˈpørømæ/
pöyhkiä,/ˈpøy̯hkiæ/
raaka,/ˈrɑːkɑ/
pöytä,/ˈpøy̯tæ/
raaju,/ˈrɑːju/
raami,/ˈrɑːmi/
pöörä,/ˈpøːræ/
raania,/ˈrɑːniɑ/
raavas,/ˈrɑːʋɑs/
raana,/ˈrɑːnɑ/
raenta,/ˈrɑentɑ/
raakamateriala,/ˈrɑːkɑmɑteriɑlɑ/
rahi,/ˈrɑhi/
raavastauti,/ˈrɑːʋɑstɑu̯ti/
raha,/ˈrɑhɑ/
raetuuca,/ˈrɑetuːt͡ʃɑ/
rahakas,/ˈrɑhɑkɑs/
rahka,/ˈrɑhkɑ/
rahoittaa,/ˈrɑhoi̯tːɑː/
raijona,/ˈrɑi̯jonɑ/
raisu,/ˈrɑi̯su/
rahkamaito,/ˈrɑhkɑmɑi̯to/
raivata,/ˈrɑi̯ʋɑtɑ/
raita,/ˈrɑi̯tɑ/
rajakivi,/ˈrɑjɑkiʋi/
raisata,/ˈrɑi̯sɑtɑ/
raja,/ˈrɑjɑ/
rakastaa,/ˈrɑkɑstɑː/
rakehoittaa,/ˈrɑkehoi̯tːɑː/
rajalle,/ˈrɑjɑlːe/
rakkaus,/ˈrɑkːɑus/
rajapatsas,/ˈrɑjɑpɑt͡sɑs/
rajal,/ˈrɑjɑlːɑ/
rakottua,/ˈrɑkotːuɑ/
rakko,/ˈrɑkːo/
rako,/ˈrɑko/
rallittaa,/ˈrɑlːitːɑː/
ramaška,/ˈrɑmɑʃkɑ/
ramonäpykkä,/ˈrɑmonæpykːæ/
rakkopilli,/ˈrɑkːopilːi/
rampajalka,/ˈrɑmpɑjɑlkɑ/
rangastaa,/ˈrɑŋɡɑstɑː/
rangaissa,/ˈrɑŋɡɑi̯sːɑ/
rampihua,/ˈrɑmpihuɑ/
ranka,/ˈrɑŋkɑ/
rannikko,/ˈrɑnːikːo/
ranta,/ˈrɑntɑ/
rantaapu,/ˈrɑntɑɑpu/
rantaliiva,/ˈrɑntɑliːʋɑ/
rankastua,/ˈrɑŋkɑstuɑ/
Rantapiusta,/ˈrɑntɑpiu̯stɑ/
Rantaniitty,/ˈrɑntɑniːtːy/
Rantamäki,/ˈrɑntɑmæki/
rantti,/ˈrɑntːi/
raokas,/ˈrɑokɑs/
rapahus,/ˈrɑpɑhus/
rantavesi,/ˈrɑntɑʋesi/
rantasaraja,/ˈrɑntɑsɑrɑjɑ/
rapsata,/ˈrɑpsɑtɑ/
rapata,/ˈrɑpɑtɑ/
rantukkain,/ˈrɑntukːɑi̯ne/
raputtaa,/ˈrɑputːɑː/
raskahus,/ˈrɑskɑhus/
rapamako,/ˈrɑpɑmɑko/
rapsuttaa,/ˈrɑpsutːɑː/
raspiska,/ˈrɑspiskɑ/
rasvakakku,/ˈrɑsʋɑkɑkːu/
rasseli,/ˈrɑsːeli/
rapsia,/ˈrɑpsiɑ/
rasvata,/ˈrɑsʋɑtɑ/
raskahusaika,/ˈrɑskɑhusɑi̯kɑ/
ratsas,/ˈrɑt͡sɑs/
rastii,/ˈrɑstiː/
rata,/ˈrɑtɑ/
ratas,/ˈrɑtɑs/
ratsastaa,/ˈrɑt͡sɑstɑː/
rattaat,/ˈrɑtːɑːt/
rauniopappi,/ˈrɑu̯niopɑpːi/
ratastee,/ˈrɑtɑsteː/
ratsuin,/ˈrɑt͡sui̯ne/
ratsuin,/ˈrɑt͡sui̯n/
rauhain,/ˈrɑu̯hɑi̯ne/
rautapaita,/ˈrɑu̯tɑpɑi̯tɑ/
rautaastava,/ˈrɑu̯tɑɑstɑʋɑ/
rauhalliin,/ˈrɑu̯hɑlːine/
ravvoittaa,/ˈrɑʋːoi̯tːɑː/
rautalanka,/ˈrɑu̯tɑlɑŋkɑ/
rautariissat,/ˈrɑu̯tɑriːsːɑt/
rautavitsa,/ˈrɑu̯tɑʋit͡sɑ/
ravvattaa,/ˈrɑʋːɑtːɑː/
rautapoltikkain,/ˈrɑu̯tɑpoltikːɑi̯ne/
reehtila,/ˈreːhtilɑ/
rebinapuu,/ˈrebinɑpuː/
reeskamaito,/ˈreːskɑmɑi̯to/
reikä,/ˈrei̯kæ/
reko,/ˈreko/
repo,/ˈrepo/
Repola,/ˈrepolɑ/
repolain,/ˈrepolɑi̯ne/
reeska,/ˈreːskɑ/
reis,/ˈrei̯s/
reis,/ˈrekisːæ/
reknatus,/ˈreknɑtus/
retu,/ˈretu/
retuisa,/ˈretui̯sɑ/
retuin,/ˈretui̯ne/
retukoma,/ˈretukomɑ/
reuna,/ˈreu̯nɑ/
reppiä,/ˈrepiæ/
retumatokkain,/ˈretumɑtokːɑi̯ne/
reunakukka,/ˈreu̯nɑkukːɑ/
revittää,/ˈreʋitːæː/
revontulet,/ˈreʋontulet/
revetä,/ˈreʋetæ/
revizora,/ˈreʋizorɑ/
rihmasoola,/ˈrihmɑsoːlɑ/
rihveli,/ˈrihʋeli/
riihi,/ˈriːhi/
rihma,/ˈrihmɑ/
riima,/ˈriːmɑ/
riissupelto,/ˈriːsːupelto/
riissu,/ˈriːsːu/
riita,/ˈriːtɑ/
riihihaltias,/ˈriːhihɑltiɑs/
rikas,/ˈrikɑs/
rikastaa,/ˈrikɑstɑː/
riista,/ˈriːstɑ/
rikassos,/ˈrikɑsːos/
rikastua,/ˈrikɑstuɑ/
rikkinäin,/ˈrikːinæi̯ne/
rikki,/ˈrikːi/
rinnalt,/ˈrinːɑltɑ/
rinnoittaa,/ˈrinːoi̯tːɑː/
rintalaps,/ˈrintɑlɑps/
rintapiiluu,/ˈrintɑpiːluː/
rintapoolosti,/ˈrintɑpoːlosti/
rinta,/ˈrintɑ/
rippua,/ˈripːuɑ/
rintaluu,/ˈrintɑluː/
risti,/ˈristi/
ripustaa,/ˈripustɑː/
risovoittaa,/ˈrisoʋoi̯tːɑː/
ristiosa,/ˈristiosɑ/
ristilaps,/ˈristilɑps/
ristii,/ˈristiː/
ristii,/ˈristiːsːe/
ristipiiluu,/ˈristipiːluː/
rohkia,/ˈrohkiɑ/
rodnoi,/ˈrodnoi̯/
rohhoin,/ˈroxːoi̯n/
rohokasvo,/ˈrohokɑsʋo/
rohoin,/ˈrohoi̯ne/
rohonpäin,/ˈrohonpæi̯ne/
romaškacaaju,/ˈromɑʃkɑt͡ʃɑːju/
rohottaa,/ˈrohotːɑː/
rooja,/ˈroːjɑ/
rooko,/ˈroːko/
rookoheinikko,/ˈroːkohei̯nikːo/
rooka,/ˈroːkɑ/
rookopilli,/ˈroːkopilːi/
roojata,/ˈroːjɑtɑ/
rootsinleipä,/ˈroːt͡sinlei̯pæ/
roozovoi,/ˈroːzoʋoi̯/
rooskaraha,/ˈroːskɑrɑhɑ/
rotta,/ˈrotːɑ/
rootsalain,/ˈroːt͡sɑlɑi̯ne/
Rootsi,/ˈroːt͡si/
roska,/ˈroskɑ/
rootsa,/ˈroːt͡sɑ/
rubla,/ˈrublɑ/
rucka,/ˈrut͡ʃkɑ/
rovnoist,/ˈroʋnoi̯stɑ/
rovatti,/ˈroʋɑtːi/
rozboinikka,/ˈrozboi̯nikːɑ/
ruikko,/ˈrui̯kːo/
ruis,/ˈruis/
ruakas,/ˈruɑkɑs/
ruiskukka,/ˈruiskukːɑ/
ruiskrääkki,/ˈruiskræːkːi/
ruispudro,/ˈruispudro/
ruhti,/ˈruhti/
ruisrummen,/ˈruisrumːen/
ruisolki,/ˈruisolki/
ruisleipä,/ˈruislei̯pæ/
rukoella,/ˈrukoelːɑ/
rummenseegla,/ˈrumːenseːɡlɑ/
rummen,/ˈrumːen/
ruisriihi,/ˈruisriːhi/
ruma,/ˈrumɑ/
rusakka,/ˈrusɑkːɑ/
rupi,/ˈrupi/
rummensaraja,/ˈrumːensɑrɑjɑ/
rummenvakka,/ˈrumːenʋɑkːɑ/
ruskova,/ˈruskoʋɑ/
rusko,/ˈrusko/
rutvata,/ˈrutʋɑtɑ/
ruskettua,/ˈrusketːuɑ/
ruume,/ˈruːme/
ruuhti,/ˈruːhti/
ruskulain,/ˈruskulɑi̯ne/
ruveta,/ˈruʋetɑ/
ruttaa,/ˈrutːɑː/
rysty,/ˈrysty/
ryssy,/ˈrysːy/
ryssys,/ˈrysːys/
ruuti,/ˈruːti/
Ruutsia,/ˈruːt͡siɑ/
rysä,/ˈrysæ/
räkänenä,/ˈrækænenæ/
räkä,/ˈrækæ/
rähissä,/ˈræhisːæ/
rästäs,/ˈræstæs/
räpäle,/ˈræpæle/
rättinä,/ˈrætːinæ/
ryyti,/ˈryːti/
ränne,/ˈrænːe/
rästähäin,/ˈræstæhæi̯ne/
rätsinä,/ˈræt͡sinæ/
räämy,/ˈræːmy/
rööstää,/ˈrøːstæː/
röömijä,/ˈrøːmijæ/
Röllölä,/ˈrølːølæ/
rääty,/ˈræːty/
saahka,/ˈsɑːhkɑ/
röömiä,/ˈrøːmiæ/
saaduakatsia,/ˈsɑːduɑkɑt͡siɑ/
saapas,/ˈsɑːpɑs/
saarelain,/ˈsɑːrelɑi̯ne/
saami,/ˈsɑːmi/
saakki,/ˈsɑːkːi/
saarikas,/ˈsɑːrikɑs/
Saarave,/ˈsɑːrɑʋe/
saarni,/ˈsɑːrni/
saarniin,/ˈsɑːrnine/
saarniin,/ˈsɑːrniːn/
saarne,/ˈsɑːrne/
saarenhattu,/ˈsɑːrenhɑtːu/
Saarenmaa,/ˈsɑːrenmɑː/
Saari,/ˈsɑːri/
saattaa,/ˈsɑːtːɑː/
saarukkain,/ˈsɑːrukːɑi̯ne/
saavilliin,/ˈsɑːʋilːine/
Saatana,/ˈsɑːtɑnɑ/
saavi,/ˈsɑːʋi/
saavva,/ˈsɑʋːɑ/
saijajauha,/ˈsɑi̯jɑjɑu̯hɑ/
saija,/ˈsɑi̯jɑ/
saijapata,/ˈsɑi̯jɑpɑtɑ/
saijakarta,/ˈsɑi̯jɑkɑrtɑ/
sahhaaja,/ˈsɑhɑːjɑ/
saijabulkka,/ˈsɑi̯jɑbulkːɑ/
sakkeli,/ˈsɑkːeli/
saivar,/ˈsɑi̯ʋɑr/
saijajauho,/ˈsɑi̯jɑjɑu̯ho/
sajanti,/ˈsɑjɑnti/
saippu,/ˈsɑi̯pːu/
sakkali,/ˈsɑkːɑli/
Saksa,/ˈsɑksɑ/
sakkia,/ˈsɑkiɑ/
saksanrooko,/ˈsɑksɑnroːko/
sala,/ˈsɑlɑ/
salmi,/ˈsɑlmi/
salakivi,/ˈsɑlɑkiʋi/
salapaikka,/ˈsɑlɑpɑi̯kːɑ/
salakavala,/ˈsɑlɑkɑʋɑlɑ/
salvattu,/ˈsɑlʋɑtːu/
sammuttaa,/ˈsɑmːutːɑː/
sama,/ˈsɑmɑ/
samoin,/ˈsɑmoi̯n/
samantapain,/ˈsɑmɑntɑpɑi̯ne/
samallain,/ˈsɑmɑlːɑi̯ne/
samanlaajain,/ˈsɑmɑnlɑːjɑi̯ne/
samoittee,/ˈsɑmoi̯tːeː/
sananjalka,/ˈsɑnɑnjɑlkɑ/
sanakirja,/ˈsɑnɑkirjɑ/
sana,/ˈsɑnɑ/
sanoma,/ˈsɑnomɑ/
sanatiippa,/ˈsɑnɑtiːpːɑ/
sanomus,/ˈsɑnomus/
sannikkain,/ˈsɑnːikːɑi̯ne/
saottu,/ˈsɑotːu/
sanasuurima,/ˈsɑnɑsuːrimɑ/
sapso,/ˈsɑpso/
santi,/ˈsɑnti/
sappirakko,/ˈsɑpːirɑkːo/
sarana,/ˈsɑrɑnɑ/
sapana,/ˈsɑpɑnɑ/
sapara,/ˈsɑpɑrɑ/
sarka,/ˈsɑrkɑ/
sapanapää,/ˈsɑpɑnɑpæː/
sataoksa,/ˈsɑtɑoksɑ/
sassia,/ˈsɑsiɑ/
sattaa,/ˈsɑtɑː/
satuloja,/ˈsɑtulojɑ/
satula,/ˈsɑtulɑ/
saunaallas,/ˈsɑu̯nɑɑlːɑs/
Savasti,/ˈsɑʋɑsti/
satuloija,/ˈsɑtuloi̯jɑ/
savekas,/ˈsɑʋekɑs/
sava,/ˈsɑʋɑ/
savakko,/ˈsɑʋɑkːo/
savikehvel,/ˈsɑʋikehʋel/
sauna,/ˈsɑu̯nɑ/
savipääskö,/ˈsɑʋipæːskø/
savva,/ˈsɑʋːɑ/
saviallas,/ˈsɑʋiɑlːɑs/
savviin,/ˈsɑʋiːn/
saviheinä,/ˈsɑʋihei̯næ/
scotut,/ˈst͡ʃotut/
savvu,/ˈsɑʋːu/
see,/ˈseː/
seas,/ˈseɑsːɑ/
seegloa,/ˈseːɡloɑ/
seata,/ˈseɑtɑ/
seeglata,/ˈseːɡlɑtɑ/
seemen,/ˈseːmen/
seemeckaseemen,/ˈseːmet͡ʃkɑseːmen/
sedrina,/ˈsedrinɑ/
seemenvoi,/ˈseːmenʋoi̯/
seejata,/ˈseːjɑtɑ/
seen,/ˈseːn/
seelt,/ˈseːltæ/
seenisikko,/ˈseːnisikːo/
seiks,/ˈsetikse/
seestarain,/ˈseːstɑrɑi̯ne/
seestaraispehko,/ˈseːstɑrɑi̯spehko/
seilt,/ˈsetiltæ/
seille,/ˈsetilːe/
seinä,/ˈsei̯næ/
se,/ˈse/
seili,/ˈsei̯li/
seil,/ˈsetilːæ/
seisohtua,/ˈsei̯sohtuɑ/
seisattaa,/ˈsei̯sɑtːɑː/
Seitsekaarto,/ˈsei̯t͡sekɑːrto/
seitsemäs,/ˈsei̯t͡semæs/
seisoa,/ˈsei̯soɑ/
seitsenristi,/ˈsei̯t͡senristi/
seist,/ˈsei̯st/
seist,/ˈsetistæ/
sekametsä,/ˈsekɑmet͡sæ/
sekametsäzoona,/ˈsekɑmet͡sæzoːnɑ/
seiväs,/ˈsei̯ʋæs/
sekkaa,/ˈsekɑː/
selkäaivo,/ˈselkæɑi̯ʋo/
sejalka,/ˈsejɑlkɑ/
selkämuna,/ˈselkæmunɑ/
selkäpiiluu,/ˈselkæpiːluː/
selkäpiitöin,/ˈselkæpiːtøi̯n/
selkäosa,/ˈselkæosɑ/
selys,/ˈselys/
selkäpii,/ˈselkæpiː/
Semo,/ˈsemo/
selkäpiikäs,/ˈselkæpiːkæs/
Semena,/ˈsemenɑ/
sepalus,/ˈsepɑlus/
selskoi,/ˈselskoi̯/
selvälentäjä,/ˈselʋælentæjæ/
sereta,/ˈseretɑ/
sentää,/ˈsentæː/
sen,/ˈsen/
senihka,/ˈsenihkɑ/
seppo,/ˈsepːo/
seppä,/ˈsepːæ/
seukokset,/ˈseu̯kokset/
setä,/ˈsetæ/
sesläkormuna,/ˈseslækormunɑ/
seslä,/ˈseslæ/
seukko,/ˈseu̯kːo/
sianmarja,/ˈsiɑnmɑrjɑ/
sevvert,/ˈseʋːert/
siansorkkaaita,/ˈsiɑnsorkːɑɑi̯tɑ/
sianallas,/ˈsiɑnɑlːɑs/
sianporsas,/ˈsiɑnporsɑs/
sianpoola,/ˈsiɑnpoːlɑ/
siika,/ˈsiːkɑ/
sihissä,/ˈsihisːæ/
siili,/ˈsiːli/
siikaverkko,/ˈsiːkɑʋerkːo/
siantappajaiset,/ˈsiɑntɑpːɑjɑi̯set/
siiru,/ˈsiːru/
siintää,/ˈsiːntæː/
siis,/ˈsiːs/
siipisulka,/ˈsiːpisulkɑ/
siit,/ˈsiːt/
siin,/ˈsiːnæ/
siityä,/ˈsiːtyæ/
siitnikka,/ˈsiːtnikːɑ/
siitää,/ˈsiːtæː/
siivolliin,/ˈsiːʋolːine/
siivota,/ˈsiːʋotɑ/
siivosana,/ˈsiːʋosɑnɑ/
sika,/ˈsikɑ/
siivast,/ˈsiːʋɑstɑ/
siivilä,/ˈsiːʋilæ/
siiva,/ˈsiːʋɑ/
siivotta,/ˈsiːʋotːɑ/
sikamees,/ˈsikɑmeːs/
siks,/ˈsikse/
sikiäin,/ˈsikijæi̯ne/
sikamarja,/ˈsikɑmɑrjɑ/
sikihyä,/ˈsikihyæ/
silakkabocka,/ˈsilɑkːɑbot͡ʃkɑ/
silmä,/ˈsilmæ/
sikäläin,/ˈsikælæi̯ne/
silmäkarva,/ˈsilmækɑrʋɑ/
silmärätti,/ˈsilmærætːi/
silmu,/ˈsilmu/
silloin,/ˈsilːoi̯n/
silmämuna,/ˈsilmæmunɑ/
silmäripsu,/ˈsilmæripsu/
silmäklasit,/ˈsilmæklɑsit/
sini,/ˈsini/
sinicka,/ˈsinit͡ʃkɑ/
sinne,/ˈsinːe/
sinkkiin,/ˈsiŋkːine/
sinkkiin,/ˈsiŋkːiːn/
siputella,/ˈsiputelːɑ/
sinivesi,/ˈsiniʋesi/
sinimuna,/ˈsinimunɑ/
sinkki,/ˈsiŋkːi/
siniseili,/ˈsinisei̯li/
siputtaa,/ˈsiputːɑː/
sisest,/ˈsisestæ/
sisava,/ˈsisɑʋɑ/
sisoin,/ˈsisoi̯ne/
sirppi,/ˈsirpːi/
sisarlentämä,/ˈsisɑrlentæmæ/
sisus,/ˈsisus/
sissee,/ˈsiseː/
sisi,/ˈsisi/
sisuskorva,/ˈsisuskorʋɑ/
sisar,/ˈsisɑr/
sit,/ˈsit/
sitkiä,/ˈsitkiæ/
sitsavoi,/ˈsit͡sɑʋoi̯/
sitta,/ˈsitːɑ/
sisteema,/ˈsisteːmɑ/
sisä,/ˈsisæ/
sitsa,/ˈsit͡sɑ/
sittoa,/ˈsitoɑ/
sittakukka,/ˈsitːɑkukːɑ/
sittanokka,/ˈsitːɑnokːɑ/
sittamato,/ˈsitːɑmɑto/
sittamytty,/ˈsitːɑmytːy/
sittasorkka,/ˈsitːɑsorkːɑ/
siun,/ˈsiu̯n/
siunata,/ˈsiu̯nɑtɑ/
siä,/ˈsiæ̯/
skvortsa,/ˈskʋort͡sɑ/
slaaboi,/ˈslɑːboi̯/
sivupiiluu,/ˈsiʋupiːluː/
slantsa,/ˈslɑnt͡sɑ/
sloja,/ˈslojɑ/
skippari,/ˈskipːɑri/
slaabosti,/ˈslɑːbosti/
slojain,/ˈslojɑi̯ne/
soettaa,/ˈsoetːɑː/
sluužia,/ˈsluːʒiɑ/
slovari,/ˈsloʋɑri/
složnoi,/ˈsloʒnoi̯/
sohissa,/ˈsohisːɑ/
soata,/ˈsoɑtɑ/
snaakka,/ˈsnɑːkːɑ/
soimi,/ˈsoi̯mi/
soima,/ˈsoi̯mɑ/
soittulehti,/ˈsoi̯tːulehti/
sohma,/ˈsohmɑ/
sokahua,/ˈsokɑhuɑ/
sojuza,/ˈsojuzɑ/
sokiain,/ˈsokijɑi̯ne/
sokka,/ˈsokːɑ/
soittu,/ˈsoi̯tːu/
solmita,/ˈsolmitɑ/
solmi,/ˈsolmi/
soolaheinärokka,/ˈsoːlɑhei̯nærokːɑ/
soo,/ˈsoː/
sooheinä,/ˈsoːhei̯næ/
soolain,/ˈsoːlɑi̯ne/
soolavesi,/ˈsoːlɑʋesi/
soolaleipä,/ˈsoːlɑlei̯pæ/
soolajärvi,/ˈsoːlɑjærʋi/
Soomi,/ˈsoːmi/
soolatoin,/ˈsoːlɑtoi̯n/
sooli,/ˈsoːli/
soolimahla,/ˈsoːlimɑhlɑ/
soomalain,/ˈsoːmɑlɑi̯ne/
sooni,/ˈsoːni/
soora,/ˈsoːrɑ/
sopattaa,/ˈsopɑtːɑː/
soovehka,/ˈsoːʋehkɑ/
sopotella,/ˈsopotelːɑ/
soonikkain,/ˈsoːnikːɑi̯ne/
sopulikas,/ˈsopulikɑs/
sormi,/ˈsormi/
sormus,/ˈsormus/
sormin,/ˈsormin/
sortua,/ˈsortuɑ/
sorokofka,/ˈsorokofkɑ/
sopa,/ˈsopɑ/
sota,/ˈsotɑ/
sorria,/ˈsoriɑ/
sortti,/ˈsortːi/
sotasoittu,/ˈsotɑsoi̯tːu/
sotka,/ˈsotkɑ/
sorttu,/ˈsortːu/
sostava,/ˈsostɑʋɑ/
sovesti,/ˈsoʋesti/
sottia,/ˈsotiɑ/
sottia,/ˈsotijɑ/
sovaporoda,/ˈsoʋɑporodɑ/
sova,/ˈsoʋɑ/
sovetskoi,/ˈsoʋet͡skoi̯/
soutaa,/ˈsou̯tɑː/
stalli,/ˈstɑlːi/
sovetti,/ˈsoʋetːi/
steeppeni,/ˈsteːpːeni/
staarosta,/ˈstɑːrostɑ/
stabilioppikirja,/ˈstɑbiliopːikirjɑ/
stantsa,/ˈstɑnt͡sɑ/
sto,/ˈsto/
Stepo,/ˈstepo/
stolbikka,/ˈstolbikːɑ/
steeppenivaihto,/ˈsteːpːeniʋɑi̯hto/
stolitsa,/ˈstolit͡sɑ/
stranitsa,/ˈstrɑnit͡sɑ/
stolari,/ˈstolɑri/
stolovoi,/ˈstoloʋoi̯/
stroittaa,/ˈstroi̯tːɑː/
strela,/ˈstrelɑ/
storoža,/ˈstoroʒɑ/
stroika,/ˈstroi̯kɑ/
struktura,/ˈstrukturɑ/
stroitelstva,/ˈstroitelstʋɑ/
substantiva,/ˈsubstɑntiʋɑ/
suikia,/ˈsui̯kiɑ/
suiku,/ˈsui̯ku/
sudakka,/ˈsudɑkːɑ/
sukkia,/ˈsukiɑ/
sukkia,/ˈsukːijɑ/
sukkia,/ˈsukijɑ/
suksi,/ˈsuksi/
suku,/ˈsuku/
sukkela,/ˈsukːelɑ/
suksa,/ˈsuksɑ/
sukukili,/ˈsukukili/
suima,/ˈsui̯mɑ/
sukuri,/ˈsukuri/
sulka,/ˈsulkɑ/
sukuporona,/ˈsukuporonɑ/
sukulain,/ˈsukulɑi̯ne/
sukulehmä,/ˈsukulehmæ/
suksia,/ˈsuksiɑ/
suksia,/ˈsuksijɑ/
sula,/ˈsulɑ/
suppi,/ˈsupːi/
surma,/ˈsurmɑ/
suma,/ˈsumɑ/
suka,/ˈsukɑ/
sumu,/ˈsumu/
sullaa,/ˈsulɑː/
Susana,/ˈsusɑnɑ/
suukko,/ˈsuːkːo/
suslikka,/ˈsuslikːɑ/
suulaki,/ˈsuːlɑki/
suur,/ˈsuːri/
Suursaari,/ˈsuːrsɑːri/
suupala,/ˈsuːpɑlɑ/
suursuu,/ˈsuːrsuː/
suurima,/ˈsuːrimɑ/
suurus,/ˈsuːrus/
suutia,/ˈsuːtiɑ/
suuttua,/ˈsuːtːuɑ/
suuvvita,/ˈsuːʋːitɑ/
suurustaissa,/ˈsuːrustɑi̯sːɑ/
Svanetia,/ˈsʋɑnetiɑ/
suusoittu,/ˈsuːsoi̯tːu/
suutkat,/ˈsuːtkɑt/
syenliika,/ˈsyenliːkɑ/
suvata,/ˈsuʋɑtɑ/
syksy,/ˈsyksy/
sviristeli,/ˈsʋiristeli/
syksyin,/ˈsyksyi̯ne/
syksyin,/ˈsyksyi̯n/
syleskellä,/ˈsyleskelːæ/
sylki,/ˈsylki/
syerliika,/ˈsyerliːkɑ/
syksyhaili,/ˈsyksyhɑi̯li/
sylkiissä,/ˈsylkiːsːæ/
sylkirakko,/ˈsylkirɑkːo/
syntymerkki,/ˈsyntymerkːi/
syntyä,/ˈsyntyæ/
synnikäs,/ˈsynːikæs/
syntymämerkki,/ˈsyntymæmerkːi/
syrjysammal,/ˈsyrjysɑmːɑl/
syttyä,/ˈsytːyæ/
syrjy,/ˈsyrjy/
synty,/ˈsynty/
syttää,/ˈsytːæː/
syssiä,/ˈsysiæ/
syssiä,/ˈsysijæ/
sytyttää,/ˈsytytːæː/
syvvyys,/ˈsyʋyːs/
syän,/ˈsyæn/
syänpäivä,/ˈsyænpæi̯ʋæ/
syvennös,/ˈsyʋenːøs/
syäntauti,/ˈsyæntɑu̯ti/
säje,/ˈsæje/
syyhelmä,/ˈsyːhelmæ/
syänrapahus,/ˈsyænrɑpɑhus/
syänöö,/ˈsyænøː/
syänriissat,/ˈsyænriːsːɑt/
särkiissä,/ˈsærkiːsːæ/
särki,/ˈsærki/
sälköväin,/ˈsælkøʋæi̯ne/
särkiä,/ˈsærkiæ/
sälkövä,/ˈsælkøʋæ/
sää,/ˈsæː/
säärimarjat,/ˈsæːrimɑrjɑt/
söökki,/ˈsøːkːi/
söökkikerus,/ˈsøːkːikerus/
särvättää,/ˈsærʋætːæː/
söökkilusikka,/ˈsøːkːilusikːɑ/
sööttää,/ˈsøːtːæː/
Sьktьvkar,/ˈsɨktɨʋkɑr/
šaapka,/ˈʃɑːpkɑ/
söömiin,/ˈsøːmine/
šarfi,/ˈʃɑrfi/
sььra,/ˈsɨːrɑ/
šarffi,/ˈʃɑrfːi/
škoulu,/ˈʃkou̯lu/
šimpanze,/ˈʃimpɑnze/
šlääppi,/ˈʃlæːpːi/
šaška,/ˈʃɑʃkɑ/
šolkku,/ˈʃolkːu/
škaappi,/ˈʃkɑːpːi/
šommela,/ˈʃomːelɑ/
šolkkuna,/ˈʃolkːunɑ/
šotkata,/ˈʃotkɑtɑ/
šommeltua,/ˈʃomːeltuɑ/
štoopata,/ˈʃtoːpɑtɑ/
šommeloittaa,/ˈʃomːeloi̯tːɑː/
šrifta,/ˈʃriftɑ/
špeili,/ˈʃpei̯li/
šulkkusukka,/ˈʃulkːusukːɑ/
šumu,/ˈʃumu/
šulkkuvöö,/ˈʃulkːuʋøː/
taano,/ˈtɑːno/
šuutkia,/ˈʃuːtkiɑ/
šuutkia,/ˈʃuːtkijɑ/
taanolliin,/ˈtɑːnolːine/
šuutkikas,/ˈʃuːtkikɑs/
taatta,/ˈtɑːtːɑ/
taanoin,/ˈtɑːnoi̯n/
taari,/ˈtɑːri/
tablitsa,/ˈtɑblit͡sɑ/
tae,/ˈtɑe/
tabuna,/ˈtɑbunɑ/
taariastia,/ˈtɑːriɑstiɑ/
taevesi,/ˈtɑeʋesi/
taehanko,/ˈtɑehɑŋko/
tahkoallas,/ˈtɑhkoɑlːɑs/
taemytty,/ˈtɑemytːy/
tahota,/ˈtɑhotɑ/
tahtoa,/ˈtɑhtoɑ/
tagra,/ˈtɑɡrɑ/
tagroa,/ˈtɑɡroɑ/
taikina,/ˈtɑi̯kinɑ/
taikapuu,/ˈtɑi̯kɑpuː/
taigaa,/ˈtɑi̯ɡɑː/
taimi,/ˈtɑi̯mi/
taitaa,/ˈtɑi̯tɑː/
taikinain,/ˈtɑi̯kinɑi̯ne/
taikinamarjapehko,/ˈtɑi̯kinɑmɑrjɑpehko/
taikain,/ˈtɑi̯kɑi̯ne/
taka,/ˈtɑkɑ/
taittua,/ˈtɑi̯tːuɑ/
taivas,/ˈtɑi̯ʋɑs/
taivasvoohi,/ˈtɑi̯ʋɑsʋoːhi/
takaosa,/ˈtɑkɑosɑ/
takajalka,/ˈtɑkɑjɑlkɑ/
takkaa,/ˈtɑkɑː/
takaperin,/ˈtɑkɑperin/
takkiain,/ˈtɑkiɑi̯ne/
takant,/ˈtɑkɑnt/
taksi,/ˈtɑksi/
takku,/ˈtɑkːu/
tali,/ˈtɑli/
takkoa,/ˈtɑkoɑ/
takkaan,/ˈtɑkɑːn/
talkoot,/ˈtɑlkoːt/
takujalka,/ˈtɑkujɑlkɑ/
talla,/ˈtɑlːɑ/
talerka,/ˈtɑlerkɑ/
talli,/ˈtɑlːi/
talkokset,/ˈtɑlkokset/
talonmerkki,/ˈtɑlonmerkːi/
talloja,/ˈtɑlːojɑ/
talvi,/ˈtɑlʋi/
talohus,/ˈtɑlohus/
talvihattu,/ˈtɑlʋihɑtːu/
talolliin,/ˈtɑlolːine/
talvikuu,/ˈtɑlʋikuː/
talloa,/ˈtɑlːoɑ/
talonpoika,/ˈtɑlonpoi̯kɑ/
talvelliin,/ˈtɑlʋelːine/
taluttaa,/ˈtɑlutːɑː/
talvikylmä,/ˈtɑlʋikylmæ/
talvimeri,/ˈtɑlʋimeri/
talvivilla,/ˈtɑlʋiʋilːɑ/
talvirooza,/ˈtɑlʋiroːzɑ/
talvipakkain,/ˈtɑlʋipɑkːɑi̯ne/
tammi,/ˈtɑmːi/
tammahepoin,/ˈtɑmːɑhepoi̯ne/
Tammikontu,/ˈtɑmːikontu/
talviruis,/ˈtɑlʋiruis/
tamožnikka,/ˈtɑmoʒnikːɑ/
tammes,/ˈtɑmːes/
tammipuu,/ˈtɑmːipuː/
tammisikko,/ˈtɑmːisikːo/
tantsukoti,/ˈtɑnt͡sukoti/
tantsi,/ˈtɑnt͡si/
tantarikko,/ˈtɑntɑrikːo/
tapahtua,/ˈtɑpɑhtuɑ/
tapain,/ˈtɑpɑi̯ne/
tapella,/ˈtɑpelːɑ/
tantsupaikka,/ˈtɑnt͡supɑi̯kːɑ/
tanvashaltias,/ˈtɑnɑʋɑhɑltiɑs/
tappaa,/ˈtɑpːɑː/
tappaa,/ˈtɑpɑː/
tanvasmato,/ˈtɑnɑʋɑmɑto/
Tarassu,/ˈtɑrɑsːu/
tarelka,/ˈtɑrelkɑ/
tappaja,/ˈtɑpːɑjɑ/
tarhaakarhu,/ˈtɑrɑːkɑru/
tappurarihma,/ˈtɑpːurɑrihmɑ/
tarkata,/ˈtɑrkɑtɑ/
tarkkahua,/ˈtɑrkːɑhuɑ/
Tarinaisi,/ˈtɑrinɑi̯si/
tarpeelliin,/ˈtɑrpeːlːine/
tarha,/ˈtɑrɑ/
tarve,/ˈtɑrʋe/
tarttua,/ˈtɑrtːuɑ/
tarpevalliin,/ˈtɑrpeʋɑlːine/
tasanko,/ˈtɑsɑŋko/
tatti,/ˈtɑtːi/
tasa,/ˈtɑsɑ/
tauti,/ˈtɑu̯ti/
tasain,/ˈtɑsɑi̯ne/
tarttuva,/ˈtɑrtːuʋɑ/
tavata,/ˈtɑʋɑtɑ/
tavoittaa,/ˈtɑʋoi̯tːɑː/
taukeemiin,/ˈtɑu̯keːmine/
tee,/ˈteː/
tedrinmuna,/ˈtedrinmunɑ/
tehniceskoi,/ˈtehnit͡ʃeskoi̯/
tedro,/ˈtedro/
tehä,/ˈtehæ/
tedri,/ˈtedri/
teitä,/ˈtei̯tæ/
teijen,/ˈtei̯jen/
tekijä,/ˈtekijæ/
teelehti,/ˈteːlehti/
tekahua,/ˈtekɑhuɑ/
tekövä,/ˈtekøʋæ/
telki,/ˈtelki/
teko,/ˈteko/
teli,/ˈteli/
tere,/ˈtere/
tekosana,/ˈtekosɑnɑ/
telefonapatsas,/ˈtelefonɑpɑt͡sɑs/
terppiä,/ˈterpːiæ/
tempova,/ˈtempoʋɑ/
tela,/ˈtelɑ/
terettää,/ˈteretːæː/
tervakukka,/ˈterʋɑkukːɑ/
tervapääskö,/ˈterʋɑpæːskø/
terppihyä,/ˈterpːihyæ/
terppimätöin,/ˈterpːimætøi̯n/
tervarinta,/ˈterʋɑrintɑ/
terppimättömäst,/ˈterpːimætːømæstæ/
terä,/ˈteræ/
tervabocka,/ˈterʋɑbot͡ʃkɑ/
terävä,/ˈteræʋæ/
tervata,/ˈterʋɑtɑ/
teräkäs,/ˈterækæs/
tihhiä,/ˈtihiæ/
tetretti,/ˈtetretːi/
tiippain,/ˈtiːpːɑi̯ne/
tigra,/ˈtiɡrɑ/
tiito,/ˈtiːto/
tihiäin,/ˈtihijæi̯ne/
tiine,/ˈtiːne/
tikka,/ˈtikːɑ/
tiitää,/ˈtiːtæː/
tiitomees,/ˈtiːtomeːs/
tiitoin,/ˈtiːtoi̯ne/
tikanpesä,/ˈtikɑnpesæ/
tiitoisest,/ˈtiːtoi̯sestɑ/
tiitäjä,/ˈtiːtæjæ/
tilkkua,/ˈtilkːuɑ/
tilkahtaa,/ˈtilkɑhtɑː/
tilkku,/ˈtilkːu/
tila,/ˈtilɑ/
tina,/ˈtinɑ/
tiltukkain,/ˈtiltukːɑi̯ne/
tiltukkain,/ˈtiltukːɑi̯n/
tiltukas,/ˈtiltukɑs/
tiskat,/ˈtiskɑt/
titi,/ˈtiti/
tiri,/ˈtiri/
tipu,/ˈtipu/
titinvarpaiset,/ˈtitinʋɑrpɑi̯set/
toe,/ˈtoe/
tirissä,/ˈtirisːæ/
tiputipu,/ˈtipu ˈtipu/
Titova,/ˈtitoʋɑ/
tocnoi,/ˈtot͡ʃnoi̯/
tiukkaa,/ˈtiu̯kːɑː/
toimittaa,/ˈtoi̯mitːɑː/
toittiissa,/ˈtoi̯tːiːsːɑ/
tokkua,/ˈtokːuɑ/
tolkku,/ˈtolkːu/
tokuttaa,/ˈtokutːɑː/
tonna,/ˈtonːɑ/
toitto,/ˈtoi̯tːo/
toohiin,/ˈtoːhine/
toohiin,/ˈtoːhiːn/
tomakka,/ˈtomɑkːɑ/
toohitooppi,/ˈtoːhitoːpːi/
tontti,/ˈtontːi/
toohi,/ˈtoːhi/
toohitörkkä,/ˈtoːhitørkːæ/
toohilapti,/ˈtoːhilɑpti/
toomari,/ˈtoːmɑri/
toomimarjapuu,/ˈtoːmimɑrjɑpuː/
toomi,/ˈtoːmi/
toomipuu,/ˈtoːmipuː/
tooppi,/ˈtoːpːi/
topi,/ˈtopi/
topata,/ˈtopɑtɑ/
torgu,/ˈtorɡu/
toorekas,/ˈtoːrekɑs/
tormiissa,/ˈtormiːsːɑ/
tosi,/ˈtosi/
tormi,/ˈtormi/
tottua,/ˈtotːuɑ/
torrua,/ˈtoruɑ/
torohammas,/ˈtorohɑmːɑs/
tovarišša,/ˈtoʋɑriʃːɑ/
trallata,/ˈtrɑlːɑtɑ/
translativa,/ˈtrɑnslɑtiʋɑ/
tovvi,/ˈtoʋːi/
tože,/ˈtoʒe/
tropiceskoi,/ˈtropit͡ʃeskoi̯/
trenkipoika,/ˈtreŋkipoi̯kɑ/
truba,/ˈtrubɑ/
trilissä,/ˈtrilisːæ/
trava,/ˈtrɑʋɑ/
trubka,/ˈtrubkɑ/
troppa,/ˈtropːɑ/
tsementti,/ˈt͡sementːi/
tuhat,/ˈtuhɑt/
tsirkkuli,/ˈt͡sirkːuli/
tuhka,/ˈtuhkɑ/
tsentnera,/ˈt͡sentnerɑ/
tuhmus,/ˈtuhmus/
tuhkahumala,/ˈtuhkɑhumɑlɑ/
tuisku,/ˈtui̯sku/
tukka,/ˈtukːɑ/
tukkia,/ˈtukːiɑ/
tukkia,/ˈtukiɑ/
tuhkapussi,/ˈtuhkɑpusːi/
tuisata,/ˈtui̯sɑtɑ/
tuli,/ˈtuli/
tulikerä,/ˈtulikeræ/
tuleva,/ˈtuleʋɑ/
tulimuna,/ˈtulimunɑ/
tulla,/ˈtulːɑ/
tuhma,/ˈtuhmɑ/
tulppa,/ˈtulpːɑ/
tulekas,/ˈtulekɑs/
tulus,/ˈtulus/
tulipalo,/ˈtulipɑlo/
tummaveriin,/ˈtumːɑʋerine/
tungusa,/ˈtuŋɡusɑ/
tunniloittee,/ˈtunːiːtːeː/
tulo,/ˈtulo/
tuntaa,/ˈtuntɑː/
tumakka,/ˈtumɑkːɑ/
tunnus,/ˈtunːus/
tunniks,/ˈtunːikse/
tunniin,/ˈtunːiːn/
tupakärpäin,/ˈtupɑkærpæi̯ne/
tunni,/ˈtunːi/
tupakka,/ˈtupɑkːɑ/
tupa,/ˈtupɑ/
turpia,/ˈturpiɑ/
tuppu,/ˈtupːu/
turha,/ˈturɑ/
tupakkapacka,/ˈtupɑkːɑpɑt͡ʃkɑ/
tupata,/ˈtupɑtɑ/
tuppia,/ˈtupːiɑ/
tuppia,/ˈtupijɑ/
turra,/ˈturːɑ/
tusat,/ˈtusɑt/
tutkia,/ˈtutkiɑ/
tuska,/ˈtuskɑ/
tutkimus,/ˈtutkimus/
turvas,/ˈturʋɑs/
tuto,/ˈtuto/
tutustua,/ˈtutustuɑ/
tuttuhua,/ˈtutːuhuɑ/
tutu,/ˈtutu/
tuuli,/ˈtuːli/
tuulimylly,/ˈtuːlimylːy/
tuulekas,/ˈtuːlekɑs/
tuuloin,/ˈtuːloi̯ne/
tuuloin,/ˈtuːloi̯n/
tuulo,/ˈtuːlo/
tuulenpesä,/ˈtuːlenpesæ/
tyhjä,/ˈtyhjæ/
tykki,/ˈtykːi/
tynkä,/ˈtyŋkæ/
tyrmä,/ˈtyrmæ/
tuura,/ˈtuːrɑ/
tyttö,/ˈtytːø/
Tyttersaari,/ˈtytːersɑːri/
tyttöi,/ˈtytːøi̯sːe/
tykkää,/ˈtykːæː/
tytär,/ˈtytær/
tyyni,/ˈtyːni/
tyrä,/ˈtyræ/
tähti,/ˈtæhti/
tytärlentämä,/ˈtytærlentæmæ/
Tähtirata,/ˈtæhtirɑtɑ/
täi,/ˈtæi̯/
tämä,/ˈtæmæ/
tähekäs,/ˈtæhekæs/
täkki,/ˈtækːi/
tähentää,/ˈtæhentæː/
tänne,/ˈtænːe/
tämän,/ˈtæmæn/
tärkähtäissä,/ˈtærkæhtæi̯sːæ/
täs,/ˈtæsːæ/
tämänpäiväin,/ˈtæmænpæi̯ʋæi̯ne/
täys,/ˈtæy̯s/
täyttää,/ˈtæy̯tːæː/
tää,/ˈtæː/
täysiälliin,/ˈtæy̯siælːine/
täält,/ˈtæːltæ/
täytetty,/ˈtæy̯tetːy/
täti,/ˈtæti/
törkkiä,/ˈtørkːiæ/
törkkiä,/ˈtørkːijæ/
töri,/ˈtøri/
tökötti,/ˈtøkøtːi/
törkkä,/ˈtørkːæ/
törö,/ˈtørø/
tööasu,/ˈtøːɑsu/
tööläin,/ˈtøːlæi̯ne/
tööhepoin,/ˈtøːhepoi̯ne/
töökäs,/ˈtøːkæs/
töömees,/ˈtøːmeːs/
tööst,/ˈtøːstæ/
tööväki,/ˈtøːʋæki/
tьkva,/ˈtɨkʋɑ/
uheri,/ˈuheri/
udarnitsa,/ˈudɑrnit͡sɑ/
uhersin,/ˈuhersin/
uhata,/ˈuhɑtɑ/
uguritsa,/ˈuɡurit͡sɑ/
uhluin,/ˈuhlui̯ne/
uhluin,/ˈuhlui̯n/
ujo,/ˈujo/
ujukki,/ˈujukːi/
uhka,/ˈuhkɑ/
ujukkipaikka,/ˈujukːipɑi̯kːɑ/
ukko,/ˈukːo/
uhkia,/ˈuhkiɑ/
uhkia,/ˈuhkijɑ/
ukleikka,/ˈuklei̯kːɑ/
ujokkain,/ˈujokːɑi̯ne/
ukonjyry,/ˈukonjyry/
ukonlooti,/ˈukonloːti/
ukrooppi,/ˈukroːpːi/
ujumapereponka,/ˈujumɑperepoŋkɑ/
ukontuuca,/ˈukontuːt͡ʃɑ/
ukkoraiska,/ˈukːorɑi̯skɑ/
Uljana,/ˈuljɑnɑ/
uksus,/ˈuksus/
ulkopooliin,/ˈulkopoːline/
ulkopooliin,/ˈulkopoːliːn/
Ukonlooto,/ˈukonloːto/
umpi,/ˈumpi/
ukraina,/ˈukrɑi̯nɑ/
ulvoa,/ˈulʋoɑ/
ulvottaa,/ˈulʋotːɑː/
unenarvaaja,/ˈunenɑrʋɑːjɑ/
umpikatto,/ˈumpikɑtːo/
uni,/ˈuni/
unetoin,/ˈunetoi̯n/
umpimaho,/ˈumpimɑho/
unohtaa,/ˈunohtɑː/
unilintu,/ˈunilintu/
unklaariis,/ˈuŋklɑːrisːɑ/
unohtua,/ˈunohtuɑ/
upottaa,/ˈupotːɑː/
urpa,/ˈurpɑ/
urokka,/ˈurokːɑ/
urraa,/ˈurːɑː/
Urpipäivä,/ˈurpipæi̯ʋæ/
usaltaa,/ˈusɑltɑː/
uslovia,/ˈusloʋiɑ/
urpaviina,/ˈurpɑʋiːnɑ/
usat,/ˈusɑt/
usko,/ˈusko/
ušnikat,/ˈuʃnikɑt/
uskomatoin,/ˈuskomɑtoi̯n/
utu,/ˈutu/
uupua,/ˈuːpuɑ/
uurre,/ˈuːrːe/
uus,/ˈuːs/
uurran,/ˈuːrːɑn/
uukahtaa,/ˈuːkɑhtɑː/
uulitsalt,/ˈuːlit͡sɑltɑ/
uutimo,/ˈuːtimo/
uulitsalle,/ˈuːlit͡sɑlːe/
uutukas,/ˈuːtukɑs/
uuvvellee,/ˈuːʋːelːeː/
uutta,/ˈuːtːɑ/
uuvvin,/ˈuːʋːin/
uuvvistaa,/ˈuːʋːistɑː/
uuttu,/ˈuːtːu/
uuvvestaa,/ˈuːʋːestɑː/
vaaheria,/ˈʋɑːheriɑ/
vaakia,/ˈʋɑːkiɑ/
vaa,/ˈʋɑː/
vaahto,/ˈʋɑːhto/
vaapukkapehko,/ˈʋɑːpukːɑpehko/
vaaksa,/ˈʋɑːksɑ/
vaattiissa,/ˈʋɑːtːiːsːɑ/
vaateaitta,/ˈʋɑːteɑi̯tːɑ/
vaapukkavarenja,/ˈʋɑːpukːɑʋɑrenjɑ/
vaaliamp,/ˈʋɑːliɑmpi/
vaapsahain,/ˈʋɑːpsɑhɑi̯ne/
vaažnoimp,/ˈʋɑːʒnoi̯mpi/
vahain,/ˈʋɑhɑi̯ne/
vahtihoone,/ˈʋɑhtihoːne/
vahventaa,/ˈʋɑhʋentɑː/
vahveta,/ˈʋɑhʋetɑ/
vahvistaa,/ˈʋɑhʋistɑː/
vahvenoittaa,/ˈʋɑhʋenoi̯tːɑː/
vahtia,/ˈʋɑhtiɑ/
vaha,/ˈʋɑhɑ/
vaihto,/ˈʋɑi̯hto/
vahvistua,/ˈʋɑhʋistuɑ/
vahvissuttaa,/ˈʋɑhʋisːutːɑː/
vaihella,/ˈʋɑi̯helːɑ/
vahvita,/ˈʋɑhʋitɑ/
vaihtumiin,/ˈʋɑi̯htumine/
vaihtaa,/ˈʋɑi̯htɑː/
vaikehus,/ˈʋɑi̯kehus/
vaikko,/ˈʋɑi̯kːo/
vait,/ˈʋɑi̯t/
vaiketa,/ˈʋɑi̯ketɑ/
vaikenoittaa,/ˈʋɑi̯kenoi̯tːɑː/
vaikkos,/ˈʋɑi̯kːos/
vaka,/ˈʋɑkɑ/
vaikku,/ˈʋɑi̯kːu/
vakalliin,/ˈʋɑkɑlːine/
vaiva,/ˈʋɑi̯ʋɑ/
valehella,/ˈʋɑlehelːɑ/
vajottaa,/ˈʋɑjotːɑː/
vale,/ˈʋɑle/
vako,/ˈʋɑko/
valeta,/ˈʋɑletɑ/
valetti,/ˈʋɑletːi/
valetin,/ˈʋɑletin/
valjaat,/ˈʋɑljɑːt/
valju,/ˈʋɑlju/
valkiaa,/ˈʋɑlkeːtɑ/
valkiaa,/ˈʋɑlkiɑsːe/
vallanherra,/ˈʋɑlːɑnherːɑ/
vallua,/ˈʋɑluɑ/
valjo,/ˈʋɑljo/
valkulain,/ˈʋɑlkulɑi̯ne/
valta,/ˈʋɑltɑ/
valuttaa,/ˈʋɑlutːɑː/
vanha,/ˈʋɑnɑ/
valmistua,/ˈʋɑlmistuɑ/
valvoa,/ˈʋɑlʋoɑ/
valkulaisobolocka,/ˈʋɑlkulɑi̯sobolot͡ʃkɑ/
vanhemp,/ˈʋɑnempi/
vanhenoittaa,/ˈʋɑnenoi̯tːɑː/
vanhapoika,/ˈʋɑnɑpoi̯kɑ/
Vanhajoulu,/ˈʋɑnɑjou̯lu/
vanna,/ˈʋɑnːɑ/
vankkuri,/ˈʋɑŋkːuri/
valo,/ˈʋɑlo/
vanheta,/ˈʋɑnetɑ/
vanne,/ˈʋɑnːe/
vapa,/ˈʋɑpɑ/
vanhus,/ˈʋɑnus/
vappaa,/ˈʋɑpɑː/
varassos,/ˈʋɑrɑsːos/
vari,/ˈʋɑri/
variksenpökkö,/ˈʋɑriksenpøkːø/
varas,/ˈʋɑrɑs/
varistua,/ˈʋɑristuɑ/
variksenvarpaat,/ˈʋɑriksenʋɑrpɑːt/
varistamiin,/ˈʋɑristɑmine/
varjokas,/ˈʋɑrjokɑs/
variksiinvahti,/ˈʋɑriksiːnʋɑhti/
varma,/ˈʋɑrmɑ/
varkahus,/ˈʋɑrkɑhus/
varreel,/ˈʋɑrːelːɑ/
vars,/ˈʋɑrsi/
varretoin,/ˈʋɑrːetoi̯n/
vart,/ˈʋɑrt/
varo,/ˈʋɑro/
vartti,/ˈʋɑrtːi/
Varla,/ˈʋɑrlɑ/
vasara,/ˈʋɑsɑrɑ/
Varvana,/ˈʋɑrʋɑnɑ/
vartta,/ˈʋɑrtːɑ/
varukset,/ˈʋɑrukset/
varsanpolvi,/ˈʋɑrsɑnpolʋi/
vaskiin,/ˈʋɑskine/
vaskiin,/ˈʋɑskiːn/
vassakkain,/ˈʋɑsːɑkːɑi̯ne/
varvas,/ˈʋɑrʋɑs/
vassata,/ˈʋɑsːɑtɑ/
vaskiraha,/ˈʋɑskirɑhɑ/
vaskihammas,/ˈʋɑskihɑmːɑs/
vast,/ˈʋɑstɑ/
vassen,/ˈʋɑsːen/
vassus,/ˈʋɑsːus/
vassoin,/ˈʋɑsːoi̯n/
vasta,/ˈʋɑstɑ/
Vassu,/ˈʋɑsːu/
Vašington,/ˈʋɑʃiŋɡton/
vatnoi,/ˈʋɑtnoi̯/
vastain,/ˈʋɑstɑi̯ne/
vatsan,/ˈʋɑt͡sɑn/
vatera,/ˈʋɑterɑ/
vastumain,/ˈʋɑstumɑi̯ne/
veejä,/ˈʋijːæ/
veekas,/ˈʋeːkɑs/
vatsanmako,/ˈʋɑt͡sɑnmɑko/
vavissa,/ˈʋɑʋisːɑ/
vedra,/ˈʋedrɑ/
veeno,/ˈʋeːno/
veenoksee,/ˈʋeːnokseː/
veeras,/ˈʋeːrɑs/
veeraisse,/ˈʋeːrɑi̯sːe/
veerre,/ˈʋeːrːe/
veeriäin,/ˈʋeːrijæi̯ne/
veerrä,/ˈʋeːrːæ/
veerättää,/ˈʋeːrætːæː/
veettää,/ˈʋeːtːæː/
vehka,/ˈʋehkɑ/
veelä,/ˈʋeːlæ/
vehnä,/ˈʋehnæ/
veero,/ˈʋeːro/
vehnäkakka,/ˈʋehnækɑkːɑ/
vehnäpurnu,/ˈʋehnæpurnu/
vekale,/ˈʋekɑle/
veikko,/ˈʋei̯kːo/
veetto,/ˈʋeːtːo/
veli,/ˈʋeli/
velli,/ˈʋelːi/
velikunta,/ˈʋelikuntɑ/
veiterys,/ˈʋei̯terys/
velosipeda,/ˈʋelosipedɑ/
velipoika,/ˈʋelipoi̯kɑ/
velvyt,/ˈʋelʋyt/
vello,/ˈʋelːo/
veljä,/ˈʋeljæ/
venahtaa,/ˈʋenɑhtɑː/
venemeri,/ˈʋenemeri/
vencäissä,/ˈʋent͡ʃæi̯sːæ/
venemaasteri,/ˈʋenemɑːsteri/
venta,/ˈʋentɑ/
venemeisteri,/ˈʋenemei̯steri/
ventsa,/ˈʋent͡sɑ/
vennää,/ˈʋenæː/
vennää,/ˈʋenːæː/
vennäin,/ˈʋenːæi̯ne/
vennäin,/ˈʋenːæi̯n/
vennäänsaapas,/ˈʋenæːnsɑːpɑs/
venutella,/ˈʋenutelːɑ/
ventolain,/ˈʋentolɑi̯ne/
venuttaissa,/ˈʋenutːɑi̯sːɑ/
venuttaa,/ˈʋenutːɑː/
verakas,/ˈʋerɑkɑs/
venät,/ˈʋenæt/
veri,/ˈʋeri/
verbi,/ˈʋerbi/
verenimiäin,/ˈʋerenimijæi̯ne/
Verba,/ˈʋerbɑ/
verestää,/ˈʋerestæː/
verekäs,/ˈʋerekæs/
veripunain,/ˈʋeripunɑi̯ne/
verihaava,/ˈʋerihɑːʋɑ/
verkkoaitta,/ˈʋerkːoɑi̯tːɑ/
verkko,/ˈʋerkːo/
verivilli,/ˈʋeriʋilːi/
versta,/ˈʋerstɑ/
verkkorihma,/ˈʋerkːorihmɑ/
verka,/ˈʋerkɑ/
vernoi,/ˈʋernoi̯/
vernoist,/ˈʋernoi̯stɑ/
veritilkka,/ˈʋeritilkːɑ/
vesakas,/ˈʋesɑkɑs/
verta,/ˈʋertɑ/
vesi,/ˈʋesi/
vervi,/ˈʋerʋi/
veruttaa,/ˈʋerutːɑː/
Veserista,/ˈʋeseristɑ/
vesielokas,/ˈʋesielokɑs/
vesikko,/ˈʋesikːo/
vesikasvo,/ˈʋesikɑsʋo/
vesikäs,/ˈʋesikæs/
vesikukka,/ˈʋesikukːɑ/
vesilintu,/ˈʋesilintu/
vesilucikkain,/ˈʋesilut͡ʃikːɑi̯ne/
vesikelkka,/ˈʋesikelkːɑ/
vesirakko,/ˈʋesirɑkːo/
vesirotta,/ˈʋesirotːɑ/
vesilätikkä,/ˈʋesilætikːæ/
vesitilkka,/ˈʋesitilkːɑ/
vesu,/ˈʋesu/
vestää,/ˈʋestæː/
vesselä,/ˈʋesːelæ/
vetosolmi,/ˈʋetosolmi/
vettiissä,/ˈʋetiːsːæ/
vessellä,/ˈʋesːelːæ/
vet,/ˈʋet/
vetämys,/ˈʋetæmys/
vihain,/ˈʋihɑi̯ne/
vihma,/ˈʋihmɑ/
vettää,/ˈʋetæː/
vetämä,/ˈʋetæmæ/
vihmakas,/ˈʋihmɑkɑs/
vihmakaarto,/ˈʋihmɑkɑːrto/
vihata,/ˈʋihɑtɑ/
vihmamatokkain,/ˈʋihmɑmɑtokːɑi̯n/
vihmakulli,/ˈʋihmɑkulːi/
viijes,/ˈʋiːjes/
vihmakaarre,/ˈʋihmɑkɑːrːe/
vihura,/ˈʋihurɑ/
vihmoittaa,/ˈʋihmoi̯tːɑː/
viijespäivä,/ˈʋiːjespæi̯ʋæ/
viikate,/ˈʋiːkɑte/
viihkura,/ˈʋiːhkurɑ/
vihmoja,/ˈʋihmojɑ/
viimeks,/ˈʋiːmekse/
viimän,/ˈʋiːmæn/
viikko,/ˈʋiːkːo/
viilike,/ˈʋiːlike/
viimänki,/ˈʋiːmæŋki/
viimein,/ˈʋiːmei̯ne/
viina,/ˈʋiːnɑ/
Viiseniä,/ˈʋiːsenjæ/
viisi,/ˈʋiːsi/
viiskymment,/ˈʋiːskymːentæ/
Viiseniäpäivä,/ˈʋiːsenjæpæi̯ʋæ/
viistoist,/ˈʋiːstoi̯stɑ/
Viistikolkka,/ˈʋiːstikolkːɑ/
viksu,/ˈʋiksu/
viis,/ˈʋiːsi/
Viistina,/ˈʋiːstinɑ/
vilja,/ˈʋiljɑ/
viljaaitta,/ˈʋiljɑɑi̯tːɑ/
Viljam,/ˈʋiljɑm/
vilahtaa,/ˈʋilɑhtɑː/
vilissä,/ˈʋilisːæ/
viljarunni,/ˈʋiljɑrunːi/
vilkahtaa,/ˈʋilkɑhtɑː/
vilkkaa,/ˈʋilkːɑː/
viljapelto,/ˈʋiljɑpelto/
vilkuttaa,/ˈʋilkutːɑː/
villalanka,/ˈʋilːɑlɑŋkɑ/
viljellä,/ˈʋiljelːæ/
viljasarka,/ˈʋiljɑsɑrkɑ/
villi,/ˈʋilːi/
villa,/ˈʋilːɑ/
villapää,/ˈʋilːɑpæː/
vilu,/ˈʋilu/
vimpa,/ˈʋimpɑ/
villanahka,/ˈʋilːɑnɑhkɑ/
vimpapiiras,/ˈʋimpɑpiːrɑs/
villipulli,/ˈʋilːipulːi/
vingerrellä,/ˈʋiŋɡerːelːæ/
vimpata,/ˈʋimpɑtɑ/
viluin,/ˈʋilui̯ne/
vinguttaa,/ˈʋiŋɡutːɑː/
vipu,/ˈʋipu/
vinkiä,/ˈʋiŋkiæ/
virittyä,/ˈʋiritːyæ/
vinkua,/ˈʋiŋkuɑ/
virsta,/ˈʋirstɑ/
virrata,/ˈʋirːɑtɑ/
vipukätyt,/ˈʋipukætyt/
visata,/ˈʋisɑtɑ/
virka,/ˈʋirkɑ/
virolain,/ˈʋirolɑi̯ne/
vitsamerta,/ˈʋit͡sɑmertɑ/
viskoa,/ˈʋiskoɑ/
vodoroda,/ˈʋodorodɑ/
voi,/ˈʋoi̯/
vohmain,/ˈʋohmɑi̯ne/
vohma,/ˈʋohmɑ/
voija,/ˈʋoi̯jɑ/
voima,/ˈʋoi̯mɑ/
voimakkuus,/ˈʋoi̯mɑkːuːs/
voimakagra,/ˈʋoi̯mɑkɑɡrɑ/
viuhka,/ˈʋiu̯hkɑ/
voije,/ˈʋoi̯je/
voimakas,/ˈʋoi̯mɑkɑs/
voipata,/ˈʋoi̯pɑtɑ/
voimuro,/ˈʋoi̯muro/
voittiissa,/ˈʋoi̯tːiːsːɑ/
voimakkaamp,/ˈʋoi̯mɑkːɑːmpi/
voittaa,/ˈʋoi̯tːɑː/
vokala,/ˈʋokɑlɑ/
voitto,/ˈʋoi̯tːo/
voimatoin,/ˈʋoi̯mɑtoi̯n/
voitaa,/ˈʋoi̯tɑː/
vokalagarmonia,/ˈʋokɑlɑɡɑrmoniɑ/
voitella,/ˈʋoi̯telːɑ/
volosti,/ˈʋolosti/
voohilintu,/ˈʋoːhilintu/
vokzala,/ˈʋokzɑlɑ/
voonain,/ˈʋoːnɑi̯ne/
voli,/ˈʋoli/
voos,/ˈʋoːsi/
vonka,/ˈʋoŋkɑ/
voovve,/ˈʋoːʋːe/
vozduha,/ˈʋozduhɑ/
voonna,/ˈʋoːnːɑ/
vurahtaa,/ˈʋurɑhtɑː/
vrednoi,/ˈʋrednoi̯/
vähemmän,/ˈʋæhemːæn/
vunukka,/ˈʋunukːɑ/
vähentyä,/ˈʋæhentyæ/
vähemp,/ˈʋæhempi/
vähentäjä,/ˈʋæhentæjæ/
vähentää,/ˈʋæhentæː/
vähennettävä,/ˈʋæhenːetːæʋæ/
vähittee,/ˈʋæhitːeː/
vähä,/ˈʋæhæ/
väkövä,/ˈʋækeʋæ/
vähänäkyvä,/ˈʋæhænækyʋæ/
väliavanto,/ˈʋæliɑʋɑnto/
vähätiitoin,/ˈʋæhætiːtoi̯ne/
väki,/ˈʋæki/
väli,/ˈʋæli/
väkkärä,/ˈʋækːæræ/
välis,/ˈʋælisːæ/
välistää,/ˈʋælistæː/
välist,/ˈʋælistæ/
värski,/ˈʋærski/
värttänämato,/ˈʋærtːænæmɑto/
vällää,/ˈʋælæː/
vävy,/ˈʋæʋy/
välttää,/ˈʋæltːæː/
vääntää,/ˈʋæːntæː/
vässyä,/ˈʋæsyæ/
vääskö,/ˈʋæːskø/
väärä,/ˈʋæːræ/
vöö,/ˈʋøː/
vöglä,/ˈʋøɡlæ/
yhenlaajain,/ˈyhenlɑːjɑi̯ne/
yheksäskymmenäs,/ˈyheksæskymːenæs/
yheksäs,/ˈyheksæs/
yhtehystee,/ˈyhtehysteː/
yhistää,/ˈyhistæː/
yhtehös,/ˈyhtehøs/
yhissetty,/ˈyhisːetːy/
yhtyä,/ˈyhtyæ/
yhtee,/ˈyhteː/
yhtä,/ˈyhtæ/
yks,/ˈyks/
yhtymiin,/ˈyhtymine/
yksikkö,/ˈyksikːø/
yksinää,/ˈyksinæː/
yksmaštiin,/ˈyksmɑʃtine/
ylemmäks,/ˈylemːækse/
yksittää,/ˈyksitːæː/
ylentäjä,/ˈylentæjæ/
yksikköforma,/ˈyksikːøformɑ/
ylentäjäin,/ˈylentæjæi̯ne/
yletä,/ˈyletæ/
yliniitty,/ˈyliniːtːy/
ylihoomeen,/ˈylihoːmeːn/
ylimaarit,/ˈylimɑːrit/
yli,/ˈyli/
yllääl,/ˈylæːlːæ/
ylämeri,/ˈylæmeri/
ylioppi,/ˈyliopːi/
ylös,/ˈyløs/
yläsokka,/ˈylæsokːɑ/
ymmärtää,/ˈymːærtæː/
ympärkäin,/ˈympærkæi̯ne/
ylläält,/ˈylæːltæ/
ympäröivä,/ˈympærøi̯ʋæ/
ympärys,/ˈympærys/
yrnää,/ˈyrnæː/
ympärikko,/ˈympærikːo/
ymmyrkäin,/ˈymːyrkæi̯ne/
zakona,/ˈzɑkonɑ/
zadaci,/ˈzɑdɑt͡ʃi/
ympäär,/ˈympæri/
ystävä,/ˈystæʋæ/
zavoda,/ˈzɑʋodɑ/
zontikka,/ˈzontikːɑ/
žaabrat,/ˈʒɑːbrɑt/
žirafa,/ˈʒirɑfɑ/
žaali,/ˈʒɑːli/
žaaru,/ˈʒɑːru/
äijä,/ˈæi̯jæ/
äijäin,/ˈæi̯jæi̯ne/
Äijäpäivä,/ˈæi̯jæpæi̯ʋæ/
že,/ˈʒe/
žiidalain,/ˈʒiːdɑlɑi̯ne/
äkkistää,/ˈækːistæː/
äkkiammus,/ˈækːiɑmːus/
äkykäs,/ˈækykæs/
ämmä,/ˈæmːæ/
ämmö,/ˈæmːø/
äky,/ˈæky/
ämmäin,/ˈæmːæi̯ne/
äkki,/ˈækːi/
ärvärtää,/ˈærʋærtæː/
ätti,/ˈætːi/
ätsintimä,/ˈæt͡sintimæ/
ääni,/ˈæːni/
ätsimä,/ˈæt͡simæ/
ätälä,/ˈætælæ/
ääntää,/ˈæːntæː/
äänioppi,/ˈæːniopːi/
ääree,/ˈæːreː/
äänehtiä,/ˈæːnehtiæ/
öittee,/ˈøi̯tːeː/
ääri,/ˈæːri/
öksyttää,/ˈøksytːæː/
äärykset,/ˈæːrykset/
ölissä,/ˈølisːæ/
äärimäin,/ˈæːrimæi̯ne/
öljy,/ˈøljy/
öljytä,/ˈøljytæ/
örissä,/ˈørisːæ/
öljyvaate,/ˈøljyʋɑːte/
öönikka,/ˈøːnikːɑ/
ööitku,/ˈøːitku/
öömaja,/ˈøːmɑjɑ/
ööl,/ˈøːlːæ/
öösiha,/ˈøːsihɑ/
öömato,/ˈøːmɑto/
öötöinpäivätöin,/ˈøːtøi̯n ˈpæi̯ʋætøi̯n/
öövahti,/ˈøːʋɑhti/
ööpyytö,/ˈøːpyːtø/
aijoittaa,/ˈɑi̯joi̯tːɑː/
aikahiin,/ˈɑi̯kɑhine/
aikoo,/ˈɑi̯koː/
aikanna,/ˈɑi̯kɑnːɑ/
airana,/ˈɑi̯rɑnɑ/
aikaisemp,/ˈɑi̯kɑi̯sempi/
aisa,/ˈɑi̯sɑ/
aisanahkain,/ˈɑi̯sɑnɑhkɑi̯ne/
ainavo,/ˈɑi̯nɑʋo/
aivassuttaa,/ˈɑi̯ʋɑsːutːɑː/
ainaki,/ˈɑi̯nɑki/
aitavitsa,/ˈɑi̯tɑʋit͡sɑ/
aivastaa,/ˈɑi̯ʋɑstɑː/
ajaja,/ˈɑjɑjɑ/
aiva,/ˈɑi̯ʋɑ/
aivo,/ˈɑi̯ʋo/
aivon,/ˈɑi̯ʋon/
ajo,/ˈɑjo/
ajan,/ˈɑjɑn/
ajattaa,/ˈɑjɑtːɑː/
AlaLaukaa,/ˈɑlɑlɑu̯kɑː/
alain,/ˈɑlɑi̯ne/
akana,/ˈɑkɑnɑ/
akanpala,/ˈɑkɑnpɑlɑ/
alameri,/ˈɑlɑmeri/
alanikko,/ˈɑlɑnikːo/
alanko,/ˈɑlɑŋko/
akkusativa,/ˈɑkːusɑtiʋɑ/
alassin,/ˈɑlɑsːin/
alanne,/ˈɑlɑnːe/
alapooli,/ˈɑlɑpoːli/
alempain,/ˈɑlempɑi̯ne/
alemmaal,/ˈɑlemːɑlːɑ/
aliniitty,/ˈɑliniːtːy/
alentaa,/ˈɑlentɑː/
alasvaahto,/ˈɑlɑsʋɑːhto/
alketa,/ˈɑlketɑ/
alimaarit,/ˈɑlimɑːrit/
aliripsut,/ˈɑliripsut/
alku,/ˈɑlku/
allaa,/ˈɑlɑː/
allaalle,/ˈɑlːɑːlːe/
alu,/ˈɑlu/
alusmaja,/ˈɑlusmɑjɑ/
aluskaatiat,/ˈɑluskɑːtiɑt/
alustrenki,/ˈɑlustreŋki/
alusmees,/ˈɑlusmeːs/
alusvene,/ˈɑlusʋene/
alus,/ˈɑlus/
alus,/ˈɑlusːɑ/
alve,/ˈɑlʋe/
ampua,/ˈɑmpuɑ/
Anglia,/ˈɑŋɡliɑ/
amin,/ˈɑmin/
Amerikka,/ˈɑmerikːɑ/
ammillaa,/ˈɑmːilːɑː/
ankerias,/ˈɑŋkeriɑs/
antaa,/ˈɑntɑː/
Annu,/ˈɑnːu/
ankkuri,/ˈɑŋkːuri/
apinikka,/ˈɑpinikːɑ/
arappi,/ˈɑrɑpːi/
aprelikuu,/ˈɑprelikuː/
Apo,/ˈɑpo/
arhitektori,/ˈɑrhitektori/
arestoittaa,/ˈɑrestoi̯tːɑː/
arina,/ˈɑrinɑ/
arassella,/ˈɑrɑsːelːɑ/
areta,/ˈɑretɑ/
armatoin,/ˈɑrmɑtoi̯n/
arki,/ˈɑrki/
armia,/ˈɑrmiɑ/
armulliin,/ˈɑrmulːine/
Arttamona,/ˈɑrtːɑmonɑ/
arvoa,/ˈɑrʋoɑ/
armolliin,/ˈɑrmolːine/
arvaaja,/ˈɑrʋɑːjɑ/
arvoittee,/ˈɑrʋoi̯tːeː/
arvoitos,/ˈɑrʋoi̯tos/
arvoja,/ˈɑrʋojɑ/
arvoitella,/ˈɑrʋoi̯telːɑ/
assua,/ˈɑsuɑ/
as,/ˈɑsːɑ/
asra,/ˈɑsrɑ/
astavoja,/ˈɑstɑʋojɑ/
assiapaperi,/ˈɑsiɑpɑperi/
asunikka,/ˈɑsunikːɑ/
asu,/ˈɑsu/
aurinko,/ˈɑu̯riŋko/
automobili,/ˈɑu̯tomobili/
aukku,/ˈɑu̯kːu/
astia,/ˈɑstiɑ/
Avstralia,/ˈɑʋstrɑliɑ/
avo,/ˈɑʋo/
avaella,/ˈɑʋɑelːɑ/
avveta,/ˈɑʋːetɑ/
bajari,/ˈbɑjɑri/
azbukka,/ˈɑzbukːɑ/
avtora,/ˈɑftorɑ/
barabaanittaa,/ˈbɑrɑbɑːnitːɑː/
balkka,/ˈbɑlkːɑ/
baroni,/ˈbɑroni/
baaba,/ˈbɑːbɑ/
baptisti,/ˈbɑptisti/
beluga,/ˈbeluɡɑ/
birkka,/ˈbirkːɑ/
boltaittaa,/ˈboltɑi̯tːɑː/
blednoi,/ˈblednoi̯/
batrakka,/ˈbɑtrɑkːɑ/
boltta,/ˈboltːɑ/
botsmani,/ˈbot͡smɑni/
braakkia,/ˈbrɑːkːiɑ/
bolvana,/ˈbolʋɑnɑ/
bukvari,/ˈbukʋɑri/
bumažnoi,/ˈbumɑʒnoi̯/
buntta,/ˈbuntːɑ/
bortta,/ˈbortːɑ/
bronza,/ˈbronzɑ/
bömböräin,/ˈbømbøræi̯ne/
butka,/ˈbutkɑ/
caju,/ˈt͡ʃɑju/
caaju,/ˈt͡ʃɑːju/
bääkkää,/ˈbæːkːæː/
ciižikka,/ˈt͡ʃiːʒikːɑ/
cinovnikka,/ˈt͡ʃinoʋnikːɑ/
cirkkulain,/ˈt͡ʃirkːulɑi̯ne/
cirkka,/ˈt͡ʃirkːɑ/
cislasana,/ˈt͡ʃislɑsɑnɑ/
cisla,/ˈt͡ʃislɑ/
cikerrellä,/ˈt͡ʃikerːelːæ/
cotkoi,/ˈt͡ʃotkoi̯/
curattaa,/ˈt͡ʃurɑtːɑː/
cuvstva,/ˈt͡ʃuʋstʋɑ/
culana,/ˈt͡ʃulɑnɑ/
cubukka,/ˈt͡ʃubukːɑ/
cuhna,/ˈt͡ʃuhnɑ/
daaca,/ˈdɑːt͡ʃɑ/
cääjy,/ˈt͡ʃæːjy/
defekta,/ˈdefektɑ/
daacnikka,/ˈdɑːt͡ʃnikːɑ/
diikkoi,/ˈdiːkːoi̯/
diftonga,/ˈdiftoŋɡɑ/
daaže,/ˈdɑːʒe/
droobi,/ˈdroːbi/
dubina,/ˈdubinɑ/
drofa,/ˈdrofɑ/
diafragma,/ˈdiɑfrɑɡmɑ/
egle,/ˈeɡle/
eglelliin,/ˈeɡlelːine/
ees,/ˈeːs/
ehtoo,/ˈehtoː/
ehtoisa,/ˈehtoi̯sɑ/
eksyä,/ˈeksyæ/
ehki,/ˈehki/
elohiiri,/ˈelohiːri/
elektricestvo,/ˈelektrit͡ʃestʋo/
elussella,/ˈelusːelːɑ/
ellään,/ˈelæːn/
elä,/ˈelæ/
elektrolamppu,/ˈelektrolɑmpːu/
eläjä,/ˈelæjæ/
emmä,/ˈemːæ/
emäjuuri,/ˈemæjuːri/
elättää,/ˈelætːæː/
emälaine,/ˈemælɑi̯ne/
emämaa,/ˈemæmɑː/
emämaanporoda,/ˈemæmɑːnporodɑ/
emäpääskö,/ˈemæpæːskø/
enempää,/ˈenempæː/
enemmän,/ˈenemːæn/
enemmäst,/ˈenemːæstæ/
Enipäivä,/ˈenipæi̯ʋæ/
ennustaa,/ˈenːustɑː/
ennemoin,/ˈenːemoi̯n/
ennenaikain,/ˈenːenɑi̯kɑi̯ne/
eno,/ˈeno/
ensti,/ˈensti/
enstää,/ˈenstæː/
entoaika,/ˈentoɑi̯kɑ/
ensin,/ˈensin/
erikkokrapu,/ˈerikːokrɑpu/
erilaajain,/ˈerilɑːjɑi̯ne/
epä,/ˈepæ/
epäsurma,/ˈepæsurmɑ/
erilain,/ˈerilɑi̯ne/
erahua,/ˈerɑhuɑ/
erittee,/ˈeritːeː/
erohua,/ˈerohuɑ/
eroitos,/ˈeroi̯tos/
esimerkki,/ˈesimerkːi/
eroitella,/ˈeroi̯telːɑ/
esiperin,/ˈesiperin/
esimerkilliin,/ˈesimerkilːine/
esinukka,/ˈesinukːɑ/
essyttää,/ˈesːytːæː/
estäjä,/ˈestæjæ/
esinootta,/ˈesinoːtːɑ/
etemmän,/ˈetemːæn/
etelä,/ˈetelæ/
etemmäs,/ˈetemːæs/
etelätuuli,/ˈetelætuːli/
etemmääl,/ˈetemːælːæ/
etimäin,/ˈetimæi̯ne/
etespäin,/ˈetespæi̯/
etteepäin,/ˈeteːnpæi̯/
etteeneeglan,/ˈeteːneːɡlɑn/
etti,/ˈetːi/
että,/ˈetːæ/
etu,/ˈetu/
euksi,/ˈeu̯ksi/
eväs,/ˈeʋæs/
etukättee,/ˈetukæteː/
etähälle,/ˈetæːlːe/
Filimoni,/ˈfilimoni/
faabrikka,/ˈfɑːbrikːɑ/
Foma,/ˈfomɑ/
fakta,/ˈfɑktɑ/
fonetikka,/ˈfonetikːɑ/
figura,/ˈfiɡurɑ/
fevrali,/ˈfeʋrɑli/
formaaliin,/ˈformɑːline/
formennoi,/ˈformenːoi̯/
flootta,/ˈfloːtːɑ/
fugantka,/ˈfuɡɑntkɑ/
formain,/ˈformɑi̯ne/
foofana,/ˈfoːfɑnɑ/
garmanššikka,/ˈɡɑrmɑnʃːikːɑ/
Föödermaa,/ˈføːdermɑː/
garmonia,/ˈɡɑrmoniɑ/
garmonia,/ˈɡɑrmoneː/
furskaa,/ˈfurskɑː/
gitari,/ˈɡitɑri/
geminatta,/ˈɡeminɑtːɑ/
gololeditsa,/ˈɡololedit͡sɑ/
gidrostantsia,/ˈɡidrostɑnt͡siɑ/
georgiini,/ˈɡeorɡiːni/
glasnoi,/ˈɡlɑsnoi̯/
gribavihma,/ˈɡribɑʋihmɑ/
griba,/ˈɡribɑ/
griuna,/ˈɡriu̯nɑ/
grammatikka,/ˈɡrɑmːɑtikːɑ/
gruntti,/ˈɡruntːi/
grььža,/ˈɡrɨːʒɑ/
groba,/ˈɡrobɑ/
haalia,/ˈhɑːliɑ/
grudnikka,/ˈɡrudnikːɑ/
haapain,/ˈhɑːpɑi̯ne/
groošša,/ˈɡroːʃːɑ/
haapa,/ˈhɑːpɑ/
haastaa,/ˈhɑːstɑː/
haapaopokka,/ˈhɑːpɑopokːɑ/
hahattaa,/ˈhɑhɑtːɑː/
haarain,/ˈhɑːrɑi̯ne/
hah,/ˈhɑh/
habras,/ˈhɑbrɑs/
haikutos,/ˈhɑi̯kutos/
hahlat,/ˈhɑhlɑt/
hailiverkko,/ˈhɑi̯liʋerkːo/
haisottaa,/ˈhɑi̯sotːɑː/
haissella,/ˈhɑi̯sːelːɑ/
haihtua,/ˈhɑi̯htuɑ/
haili,/ˈhɑi̯li/
hakata,/ˈhɑkɑtɑ/
hailisuppi,/ˈhɑi̯lisupːi/
hajuin,/ˈhɑjui̯ne/
haljas,/ˈhɑljɑs/
haleta,/ˈhɑletɑ/
halko,/ˈhɑlko/
haisu,/ˈhɑi̯su/
halki,/ˈhɑlki/
haletella,/ˈhɑletelːɑ/
halettaa,/ˈhɑletːɑː/
halu,/ˈhɑlu/
hame,/ˈhɑme/
haltias,/ˈhɑltiɑs/
hammas,/ˈhɑmːɑs/
hampaat,/ˈhɑmpɑːt/
hanhiparvi,/ˈhɑnepɑrʋi/
hapannos,/ˈhɑpɑnːos/
hansata,/ˈhɑnsɑtɑ/
hano,/ˈhɑno/
hapanrokka,/ˈhɑpɑnrokːɑ/
haparoija,/ˈhɑpɑroi̯jɑ/
hapantaikina,/ˈhɑpɑntɑi̯kinɑ/
harkata,/ˈhɑrkɑtɑ/
harkkamus,/ˈhɑrkːɑmus/
harota,/ˈhɑrotɑ/
haroella,/ˈhɑroelːɑ/
harotos,/ˈhɑrotos/
harvaa,/ˈhɑrʋɑː/
harottaa,/ˈhɑrotːɑː/
harmaakivi,/ˈhɑrmɑːkiʋi/
hatakka,/ˈhɑtɑkːɑ/
haukata,/ˈhɑu̯kɑtɑ/
hautapeentara,/ˈhɑu̯tɑpeːntɑrɑ/
havu,/ˈhɑʋu/
harvaslojain,/ˈhɑrʋɑslojɑi̯ne/
heeroa,/ˈheːroɑ/
hautajaiset,/ˈhɑu̯tɑjɑi̯set/
heenoluin,/ˈheːnolui̯ne/
heertyä,/ˈheːrtyæ/
heertää,/ˈheːrtæː/
heinäkapine,/ˈhei̯nækɑpine/
heinäsikkö,/ˈhei̯næsikːø/
heinätaakka,/ˈhei̯nætɑːkːɑ/
heijen,/ˈhei̯jen/
heittää,/ˈhei̯tːæː/
heinämaa,/ˈhei̯næmɑː/
helmiin,/ˈhelmine/
helmiin,/ˈhelmiːn/
helve,/ˈhelʋe/
hellä,/ˈhelːæ/
helmi,/ˈhelmi/
helvetti,/ˈhelʋetːi/
helma,/ˈhelmɑ/
henkäämiin,/ˈheŋkæːmine/
hepoisoboza,/ˈhepoi̯sobozɑ/
hepoisraiska,/ˈhepoi̯srɑi̯skɑ/
hepokaarre,/ˈhepokɑːrːe/
helähyttää,/ˈhelæhytːæː/
hersi,/ˈhirsi/
hetsua,/ˈhet͡suɑ/
hervi,/ˈherʋi/
hiatoin,/ˈhiɑtoi̯n/
herissyttää,/ˈherisːytːæː/
hietä,/ˈhietæ/
hiestöä,/ˈhiestøæ/
hervitä,/ˈherʋitæ/
hiili,/ˈhiːli/
hia,/ˈhiɑ/
hiirukkain,/ˈhiːrukːɑi̯ne/
hiisnikkazveeri,/ˈhiːsnikːɑzʋeːri/
hiižina,/ˈhiːʒinɑ/
hihittää,/ˈhihitːæː/
hiisnikkalintu,/ˈhiːsnikːɑlintu/
hikirakko,/ˈhikirɑkːo/
hikiäin,/ˈhikijæi̯ne/
hirnuttaa,/ˈhirnutːɑː/
Hirvihavvat,/ˈhirʋihɑʋːɑt/
hirvissellä,/ˈhirʋisːelːæ/
himokas,/ˈhimokɑs/
hirvihammas,/ˈhirʋihɑmːɑs/
hohla,/ˈhohlɑ/
hohlain,/ˈhohlɑi̯ne/
hiuttaa,/ˈhiu̯tːɑː/
hlamu,/ˈhlɑmu/
hoikka,/ˈhoi̯kːɑ/
hohlamees,/ˈhohlɑmeːs/
hoksata,/ˈhoksɑtɑ/
hohlikas,/ˈhohlikɑs/
hoito,/ˈhoi̯to/
hoikkain,/ˈhoi̯kːɑi̯ne/
hooku,/ˈhoːku/
home,/ˈhome/
hookukerus,/ˈhoːkukerus/
hoolekas,/ˈhoːlekɑs/
hooletoin,/ˈhoːletoi̯n/
homehuttaa,/ˈhomehutːɑː/
hoora,/ˈhoːrɑ/
hoomnikko,/ˈhoːmnikːo/
hoppia,/ˈhopiɑ/
hoone,/ˈhoːne/
hoppiaraha,/ˈhopːiɑrɑhɑ/
hoppialappa,/ˈhopiɑlɑpːɑ/
houkastaa,/ˈhou̯kɑstɑː/
hukkua,/ˈhukːuɑ/
hulkkuri,/ˈhulkːuri/
hulpelo,/ˈhulpelo/
humalapeentara,/ˈhumɑlɑpeːntɑrɑ/
huitsutella,/ˈhui̯t͡sutelːɑ/
hukata,/ˈhukɑtɑ/
humaltua,/ˈhumɑltuɑ/
humalikas,/ˈhumɑlikɑs/
humppa,/ˈhumpːɑ/
hupa,/ˈhupɑ/
humata,/ˈhumɑtɑ/
huntu,/ˈhuntu/
huuhtiissa,/ˈhuːhtiːsːɑ/
hupeloin,/ˈhupeloi̯ne/
hupeloin,/ˈhupeloi̯n/
huurre,/ˈhuːrːe/
huuhella,/ˈhuːhelːɑ/
huutaa,/ˈhuːtɑː/
hytissä,/ˈhytisːæ/
hyvämakuin,/ˈhyʋæmɑkui̯ne/
hyvämeeliin,/ˈhyʋæmeːline/
hyväst,/ˈhyʋæstæ/
häilyttää,/ˈhæi̯lytːæː/
hyvätapain,/ˈhyʋætɑpɑi̯ne/
häilyä,/ˈhæi̯lyæ/
hämmentää,/ˈhæmːentæː/
häglätä,/ˈhæɡlætæ/
hämö,/ˈhæmø/
hämärikko,/ˈhæmærikːo/
häntä,/ˈhæntæ/
häntäavanto,/ˈhæntæɑʋɑnto/
härme,/ˈhærme/
hämöläin,/ˈhæmølæi̯ne/
hätähiin,/ˈhætæhine/
härkävasikka,/ˈhærkæʋɑsikːɑ/
hävittää,/ˈhæʋitːæː/
hävetä,/ˈhæʋetæ/
härytkukka,/ˈhærytkukːɑ/
härytheinä,/ˈhærythei̯næ/
hävitä,/ˈhæʋitæ/
hää,/ˈhæː/
hätästyä,/ˈhætæstyæ/
hävviissä,/ˈhæʋiːsːæ/
höbliäin,/ˈhøblijæi̯ne/
höö,/ˈhøː/
ihassos,/ˈihɑsːos/
Ignatta,/ˈiɡnɑtːɑ/
höyrymašina,/ˈhøy̯rymɑʃinɑ/
ihala,/ˈihɑlɑ/
ihme,/ˈihme/
ihmihiin,/ˈihmihine/
ijuuni,/ˈijuːni/
ikkuna,/ˈikːunɑ/
ijuuli,/ˈijuːli/
ikkunaal,/ˈikːunɑlːɑ/
Iiliä,/ˈiːliæ/
ikkää,/ˈikæː/
ikkunalt,/ˈikːunɑltɑ/
ikävä,/ˈikæʋæ/
ikävöittää,/ˈikæʋøi̯tːæː/
iloistaa,/ˈiloi̯stɑː/
illativa,/ˈilːɑtiʋɑ/
ilmalintu,/ˈilmɑlintu/
iloita,/ˈiloi̯tɑ/
ilokas,/ˈilokɑs/
ilolliin,/ˈilolːine/
imikkoleva,/ˈimikːoleʋɑ/
imikkokrokodila,/ˈimikːokrokodilɑ/
industriaraijona,/ˈindustriɑrɑi̯jonɑ/
industriatööläin,/ˈindustriɑtøːlæi̯ne/
inhotella,/ˈinotelːɑ/
industria,/ˈindustriɑ/
inkeroin,/ˈiŋkeroi̯ne/
interesnoi,/ˈinteresnoi̯/
inhottaa,/ˈinotːɑː/
interjektsia,/ˈinterjekt͡siɑ/
Iro,/ˈiro/
irti,/ˈirti/
irvissellä,/ˈirʋisːelːæ/
issutos,/ˈisːutos/
isintimä,/ˈisintimæ/
istumisnerva,/ˈistumisnerʋɑ/
itetellä,/ˈitetelːæ/
istumiin,/ˈistumine/
itkuri,/ˈitkuri/
itku,/ˈitku/
itkutuuli,/ˈitkutuːli/
itikkain,/ˈitikːɑi̯ne/
itkuvers,/ˈitkuʋers/
itätuuli,/ˈitætuːli/
ityjauha,/ˈityjɑu̯hɑ/
Ivanovo,/ˈiʋɑnoʋo/
itäpohja,/ˈitæpohjɑ/
iänikäin,/ˈiænikæi̯ne/
jaaha,/ˈjɑːhɑ/
jaadumato,/ˈjɑːdumɑto/
ižoraks,/ˈiʒorɑkse/
jahtiita,/ˈjɑhtiːtɑ/
jakahua,/ˈjɑkɑhuɑ/
jalal,/ˈjɑlɑlːɑ/
jakutti,/ˈjɑkutːi/
jalast,/ˈjɑlɑstɑ/
jalaja,/ˈjɑlɑjɑ/
jako,/ˈjɑko/
jalkatroppa,/ˈjɑlkɑtropːɑ/
jaloilt,/ˈjɑloi̯ltɑ/
jalustimet,/ˈjɑlustimet/
jaloil,/ˈjɑloi̯lːɑ/
janottaa,/ˈjɑnotːɑː/
jaloittaa,/ˈjɑloi̯tːɑː/
jaotus,/ˈjɑotus/
jauhotella,/ˈjɑu̯hotelːɑ/
jauhokivi,/ˈjɑu̯hokiʋi/
jauhouhlu,/ˈjɑu̯houhlu/
Japoni,/ˈjɑponi/
Jeesus,/ˈjeːsus/
joekas,/ˈjoekɑs/
joki,/ˈjoki/
Joenperä,/ˈjoenperæ/
jokikrapu,/ˈjokikrɑpu/
jooksennella,/ˈjoːksenːelːɑ/
jooma,/ˈjoːmɑ/
joottaa,/ˈjoːtːɑː/
jokilaiva,/ˈjokilɑi̯ʋɑ/
jouhi,/ˈjou̯hi/
joukko,/ˈjou̯kːo/
jouhimato,/ˈjou̯himɑto/
joutua,/ˈjou̯tuɑ/
joossa,/ˈjoːsːɑ/
Joulunpäivä,/ˈjou̯lunpæi̯ʋæ/
joutava,/ˈjou̯tɑʋɑ/
jurmus,/ˈjurmus/
jumalanlaulu,/ˈjumɑlɑnlɑu̯lu/
jožikka,/ˈjoʒikːɑ/
jutella,/ˈjutelːɑ/
jussiheinä,/ˈjusːihei̯næ/
juurekas,/ˈjuːrekɑs/
jutokas,/ˈjutokɑs/
Jyri,/ˈjyri/
jyrissä,/ˈjyrisːæ/
jyrinä,/ˈjyrinæ/
jyrypilvi,/ˈjyrypilʋi/
juuti,/ˈjuːti/
jälelle,/ˈjælelːe/
jyrkkä,/ˈjyrkːæ/
Jyrki,/ˈjyrki/
jälest,/ˈjælestæ/
jäin,/ˈjæi̯ne/
jäin,/ˈjæi̯n/
jänistää,/ˈjænistæː/
jännittää,/ˈjænːitːæː/
järriä,/ˈjæriæ/
jätös,/ˈjætøs/
järky,/ˈjærky/
jääkäs,/ˈjæːkæs/
järestää,/ˈjærestæː/
jäämäki,/ˈjæːmæki/
jäälontti,/ˈjæːlontːi/
jäänös,/ˈjæːnøs/
jäätyttää,/ˈjæːtytːæː/
jääkenkä,/ˈjæːkeŋkæ/
jäävvä,/ˈjæːʋːæ/
jäärappa,/ˈjæːrɑpːɑ/
jäätää,/ˈjæːtæː/
kaafedra,/ˈkɑːfedrɑ/
kaali,/ˈkɑːli/
kaakattaa,/ˈkɑːkɑtːɑː/
kaari,/ˈkɑːri/
Kaarasta,/ˈkɑːrɑstɑ/
kaalia,/ˈkɑːliɑ/
kae,/ˈkɑe/
kaatua,/ˈkɑːtuɑ/
kaftana,/ˈkɑftɑnɑ/
kaatiat,/ˈkɑːtiɑt/
kaglatunnit,/ˈkɑɡlɑtunːit/
kagra,/ˈkɑɡrɑ/
kagrakeko,/ˈkɑɡrɑkeko/
kaheksan,/ˈkɑheksɑn/
kaglasooni,/ˈkɑɡlɑsoːni/
kaheksas,/ˈkɑheksɑs/
kaiho,/ˈkɑi̯ho/
kaik,/ˈkɑi̯k/
kaikkinee,/ˈkɑi̯kːineː/
kaikenlaajain,/ˈkɑi̯kenlɑːjɑi̯ne/
kaikkirookain,/ˈkɑi̯kːiroːkɑi̯ne/
kahle,/ˈkɑhle/
kakara,/ˈkɑkɑrɑ/
kakkara,/ˈkɑkːɑrɑ/
kaita,/ˈkɑi̯tɑ/
kajahtaa,/ˈkɑjɑhtɑː/
kakskarvain,/ˈkɑkskɑrʋɑi̯ne/
kaksmaštiin,/ˈkɑksmɑʃtine/
kalakas,/ˈkɑlɑkɑs/
kakskymment,/ˈkɑkskymːentæ/
kakspooliin,/ˈkɑkspoːline/
kalaseegla,/ˈkɑlɑseːɡlɑ/
kalastaja,/ˈkɑlɑstɑjɑ/
kalendari,/ˈkɑlendɑri/
Kalina,/ˈkɑlinɑ/
kalkkikivi,/ˈkɑlkːikiʋi/
kalliosikko,/ˈkɑlːiosikːo/
kalmat,/ˈkɑlmɑt/
kalma,/ˈkɑlmɑ/
kalidora,/ˈkɑlidorɑ/
kamela,/ˈkɑmelɑ/
kalkkikoori,/ˈkɑlkːikoːri/
kammitsa,/ˈkɑmːit͡sɑ/
kanain,/ˈkɑnɑi̯ne/
kanahanhi,/ˈkɑnɑhɑne/
kangaspuut,/ˈkɑŋɡɑspuːt/
kanervikko,/ˈkɑnerʋikːo/
kangas,/ˈkɑŋɡɑs/
kanasakkeli,/ˈkɑnɑsɑkːeli/
kanappia,/ˈkɑnɑpːiɑ/
kangeta,/ˈkɑŋɡetɑ/
kannel,/ˈkɑnːel/
kans,/ˈkɑns/
kannella,/ˈkɑnːelːɑ/
kannu,/ˈkɑnːu/
kansa,/ˈkɑnsɑ/
kansanrespublikka,/ˈkɑnsɑnrespublikːɑ/
kaotus,/ˈkɑotus/
kappa,/ˈkɑpːɑ/
kaptittaa,/ˈkɑptitːɑː/
kantaja,/ˈkɑntɑjɑ/
kapine,/ˈkɑpine/
karaissa,/ˈkɑrɑi̯sːɑ/
kapja,/ˈkɑbjɑ/
karassikala,/ˈkɑrɑsːikɑlɑ/
kaplas,/ˈkɑplɑs/
karissa,/ˈkɑrisːɑ/
karitsa,/ˈkɑrit͡sɑ/
karhia,/ˈkɑriɑ/
karpalo,/ˈkɑrpɑlo/
karmakka,/ˈkɑrmɑkːɑ/
karpola,/ˈkɑrpolɑ/
karmanto,/ˈkɑrmɑnto/
karpula,/ˈkɑrpulɑ/
karskia,/ˈkɑrskiɑ/
kartano,/ˈkɑrtɑno/
karsta,/ˈkɑrstɑ/
kartakatto,/ˈkɑrtɑkɑtːo/
kassa,/ˈkɑsːɑ/
kasse,/ˈkɑsːe/
karvalliin,/ˈkɑrʋɑlːine/
karvain,/ˈkɑrʋɑi̯ne/
kasvattaja,/ˈkɑsʋɑtːɑjɑ/
kassella,/ˈkɑsːelːɑ/
kassikkain,/ˈkɑsːikːɑi̯ne/
kasvovalkulain,/ˈkɑsʋoʋɑlkulɑi̯ne/
kastaa,/ˈkɑstɑː/
kasvatettava,/ˈkɑsʋɑtetːɑʋɑ/
kasvonsööjä,/ˈkɑsʋonsøːjæ/
katsoa,/ˈkɑt͡soɑ/
katsalain,/ˈkɑt͡sɑlɑi̯ne/
kattaja,/ˈkɑtːɑjɑ/
kasvo,/ˈkɑsʋo/
kattiissa,/ˈkɑtːiːsːɑ/
katto,/ˈkɑtːo/
kattila,/ˈkɑtːilɑ/
kauppa,/ˈkɑu̯pːɑ/
kauhtana,/ˈkɑu̯htɑnɑ/
kavvan,/ˈkɑʋːɑn/
kavala,/ˈkɑʋɑlɑ/
keelisisteema,/ˈkeːlisisteːmɑ/
keelikoira,/ˈkeːlikoi̯rɑ/
kazakka,/ˈkɑzɑkːɑ/
keeltätiitämätöin,/ˈkeːltætiːtæmætøi̯n/
keehua,/ˈkeːhuɑ/
Keesus,/ˈkeːsus/
keerovakka,/ˈkeːroʋɑkːɑ/
keertiissä,/ˈkeːrtiːsːæ/
kehata,/ˈkehɑtɑ/
keittää,/ˈkei̯tːæː/
kehittyä,/ˈkehitːyæ/
kekel,/ˈkekel/
kehnontua,/ˈkehnontuɑ/
kellit,/ˈkelːit/
kekälä,/ˈkekælæ/
kelkkain,/ˈkelkːɑi̯ne/
kellastua,/ˈkelːɑstuɑ/
kellokukka,/ˈkelːokukːɑ/
kelvata,/ˈkelʋɑtɑ/
keltakukka,/ˈkeltɑkukːɑ/
kenkä,/ˈkeŋkæ/
kepsaa,/ˈkepsɑː/
kerallee,/ˈkerɑlːeː/
kerkiä,/ˈkerkiæ/
kerota,/ˈkerotɑ/
keppi,/ˈkepːi/
kepsahtaissa,/ˈkepsɑhtɑi̯sːɑ/
kerrääläin,/ˈkeræːlæi̯ne/
kepsuttaa,/ˈkepsutːɑː/
kervestöö,/ˈkerʋestøː/
kerkiäst,/ˈkerkiæstæ/
keskenää,/ˈkeskenæː/
kerves,/ˈkerʋes/
kerätä,/ˈkerætæ/
keskipäivä,/ˈkeskipæi̯ʋæ/
keski,/ˈkeski/
KeskiSoikkola,/ˈkeskisoi̯kːolɑ/
kesäöö,/ˈkesæøː/
keskitagra,/ˈkeskitɑɡrɑ/
kiini,/ˈkiːni/
kevätkylvökamppania,/ˈkeʋætkylʋøkɑmpːɑniɑ/
kiiski,/ˈkiːski/
Kevätmiikkula,/ˈkeʋætmiːkːulɑ/
kiistaamiin,/ˈkiːstɑːmine/
kiitolliin,/ˈkiːtːolːine/
kiirehtiä,/ˈkiːrehtiæ/
kiitellä,/ˈkiːtelːæ/
kimmiä,/ˈkimiæ/
kiljahus,/ˈkiljɑhus/
kinnas,/ˈkinːɑs/
kiljahtaa,/ˈkiljɑhtɑː/
kimppu,/ˈkimpːu/
kippu,/ˈkipːu/
Kirila,/ˈkirilɑ/
kirjatoin,/ˈkirjɑtoi̯n/
kirjava,/ˈkirjɑʋɑ/
kirjasikko,/ˈkirjɑsikːo/
kirjuttaja,/ˈkirjutːɑjɑ/
kirkastaa,/ˈkirkɑstɑː/
kirjutaissa,/ˈkirjutɑi̯sːɑ/
kirjuttaa,/ˈkirjutːɑː/
kirkkokunta,/ˈkirkːokuntɑ/
kirkkotee,/ˈkirkːoteː/
kirkastua,/ˈkirkɑstuɑ/
kirnumaito,/ˈkirnumɑi̯to/
kirpitsa,/ˈkirpit͡sɑ/
kiskoissa,/ˈkiskoi̯sːɑ/
kiskoa,/ˈkiskoɑ/
kiskoja,/ˈkiskojɑ/
kirmiä,/ˈkirmiæ/
kirnu,/ˈkirnu/
kivestää,/ˈkiʋestæː/
kitissä,/ˈkitisːæ/
kiviaita,/ˈkiʋiɑi̯tɑ/
kitkiä,/ˈkitkiæ/
kivikärnä,/ˈkiʋikærnæ/
kivistaa,/ˈkiʋistɑː/
kivinnä,/ˈkiʋinːæ/
kivykkäin,/ˈkiʋykːæi̯ne/
kiviin,/ˈkiʋine/
kivviin,/ˈkiʋiːn/
klasi,/ˈklɑsi/
kivoin,/ˈkiʋoi̯ne/
kleja,/ˈklejɑ/
klaziputeli,/ˈklɑziputeli/
klinakas,/ˈklinɑkɑs/
klejata,/ˈklejɑtɑ/
kocegara,/ˈkot͡ʃeɡɑrɑ/
kletka,/ˈkletkɑ/
koht,/ˈkoht/
kohota,/ˈkohotɑ/
kohvi,/ˈkohʋi/
kohallee,/ˈkohɑlːeː/
koiranmarja,/ˈkoi̯rɑnmɑrjɑ/
koblia,/ˈkobliɑ/
kocevnikka,/ˈkot͡ʃeʋnikːɑ/
koilliin,/ˈkoi̯lːine/
koiruin,/ˈkoi̯rui̯ne/
koika,/ˈkoi̯kɑ/
koirantöö,/ˈkoi̯rɑntøː/
koiranuni,/ˈkoi̯rɑnuni/
koivuvasta,/ˈkoi̯ʋuʋɑstɑ/
koittaa,/ˈkoi̯tːɑː/
kokkain,/ˈkokːɑi̯ne/
koitoin,/ˈkoitoi̯n/
koko,/ˈkoko/
koivuopokka,/ˈkoi̯ʋuopokːɑ/
kokonain,/ˈkokonɑi̯ne/
kolhoznikka,/ˈkolhoznikːɑ/
kolmas,/ˈkolmɑs/
Kolkanpää,/ˈkolkɑnpæː/
kolmijalkain,/ˈkolmijɑlkɑi̯ne/
kokuttaa,/ˈkokutːɑː/
kolminurkkain,/ˈkolminurkːɑi̯ne/
kolkka,/ˈkolkːɑ/
kolo,/ˈkolo/
kolmaskymmenäs,/ˈkolmɑskymːenæs/
kolkutella,/ˈkolkutelːɑ/
kolttoist,/ˈkoltːoi̯stɑ/
koltkymment,/ˈkoltkymːentæ/
komal,/ˈkomɑlːɑ/
komandira,/ˈkomɑndirɑ/
kommia,/ˈkomiɑ/
kommia,/ˈkomijɑ/
kommia,/ˈkomːiɑ/
komitativa,/ˈkomitɑtiʋɑ/
konduktora,/ˈkonduktorɑ/
konslee,/ˈkonsleː/
konnikkain,/ˈkonːikːɑi̯ne/
konskaa,/ˈkonskɑː/
konsonanttabukva,/ˈkonsonɑntːɑbukʋɑ/
kookka,/ˈkoːkːɑ/
koohu,/ˈkoːhu/
koolema,/ˈkoːlemɑ/
koolija,/ˈkoːlijɑ/
kookkia,/ˈkoːkːiɑ/
kookkia,/ˈkoːkːijɑ/
konsonanttapohja,/ˈkonsonɑntːɑpohjɑ/
koopata,/ˈkoːpɑtɑ/
koomakset,/ˈkoːmɑkset/
kooppa,/ˈkoːpːɑ/
koori,/ˈkoːri/
koore,/ˈkoːre/
koormalliin,/ˈkoːrmɑlːine/
koosikas,/ˈkoːsikɑs/
koputtaa,/ˈkoputːɑː/
korenta,/ˈkorentɑ/
korjahuskamppania,/ˈkorjɑhuskɑmpːɑniɑ/
koristus,/ˈkoristus/
Korkiasaari,/ˈkorkiɑsɑːri/
korjahus,/ˈkorjɑhus/
kormona,/ˈkormonɑ/
kormunatunnit,/ˈkormunɑtunːit/
korjata,/ˈkorjɑtɑ/
korota,/ˈkorotɑ/
korvantakkuus,/ˈkorʋɑntɑkuːs/
korvareikä,/ˈkorʋɑrei̯kæ/
kosjolain,/ˈkosjolɑi̯ne/
korskaa,/ˈkorskɑː/
kostaa,/ˈkostɑː/
korvalehti,/ˈkorʋɑlehti/
kotikukko,/ˈkotikukːo/
kottii,/ˈkotiː/
kottii,/ˈkotiːsːe/
kossia,/ˈkosiɑ/
kossia,/ˈkosijɑ/
koukku,/ˈkou̯kːu/
kotikyyhkyläin,/ˈkotikyːhkylæi̯ne/
koverasääri,/ˈkoʋerɑsæːri/
kraapata,/ˈkrɑːpɑtɑ/
kovera,/ˈkoʋerɑ/
kovemp,/ˈkoʋempi/
kovvuus,/ˈkoʋuːs/
kraappia,/ˈkrɑːpːiɑ/
krapsaa,/ˈkrɑpsɑː/
kravuta,/ˈkrɑʋutɑ/
kresla,/ˈkreslɑ/
kramppi,/ˈkrɑmpːi/
krinkeli,/ˈkriŋkeli/
Kristafora,/ˈkristɑforɑ/
kristavoittaa,/ˈkristɑʋoi̯tːɑː/
krome,/ˈkrome/
kubametra,/ˈkubɑmetrɑ/
krääkkä,/ˈkræːkːæ/
krookkia,/ˈkroːkːiɑ/
kuiva,/ˈkui̯ʋɑ/
krääkä,/ˈkræːkæ/
kuilas,/ˈkui̯lɑs/
kuivahtaa,/ˈkui̯ʋɑhtɑː/
kubjas,/ˈkubjɑs/
kuivata,/ˈkui̯ʋɑtɑ/
kujalle,/ˈkujɑlːe/
kuivattaa,/ˈkui̯ʋɑtːɑː/
kue,/ˈkue/
kukkalatva,/ˈkukːɑlɑtʋɑ/
kukkaa,/ˈkukɑː/
kukkaa,/ˈkukːɑː/
kulkemus,/ˈkulkemus/
kukkoro,/ˈkukːoro/
kuli,/ˈkuli/
kulkkukerus,/ˈkulkːukerus/
kulkkutauti,/ˈkulkːutɑu̯ti/
kulta,/ˈkultɑ/
kulkkumuna,/ˈkulkːumunɑ/
kullua,/ˈkuluɑ/
kultakuppi,/ˈkultɑkupːi/
kultalintu,/ˈkultɑlintu/
kullikasi,/ˈkulːikɑsi/
kulppa,/ˈkulpːɑ/
kultoin,/ˈkultoi̯ne/
kultsahtoa,/ˈkult͡sɑhtoɑ/
kunigas,/ˈkuniɡɑs/
kultalauta,/ˈkultɑlɑu̯tɑ/
kunnia,/ˈkunːiɑ/
kulttuura,/ˈkultːuːrɑ/
kupelileipä,/ˈkupelilei̯pæ/
kupera,/ˈkuperɑ/
kupata,/ˈkupɑtɑ/
kuokki,/ˈkuokːi/
kurissa,/ˈkurisːɑ/
kuristaa,/ˈkuristɑː/
kura,/ˈkurɑ/
kurkku,/ˈkurkːu/
kupjas,/ˈkupjɑs/
Kurkola,/ˈkurkolɑ/
kural,/ˈkurɑlːɑ/
kurvirokka,/ˈkurʋirokːɑ/
kusipata,/ˈkusipɑtɑ/
kusimuurahain,/ˈkusimuːrɑhɑi̯ne/
kurokka,/ˈkurokːɑ/
kutoja,/ˈkutojɑ/
kusitrubka,/ˈkusitrubkɑ/
kutsua,/ˈkut͡suɑ/
kussa,/ˈkusːɑ/
kuuhut,/ˈkuːhut/
kuukaus,/ˈkuːkɑu̯s/
kuttiissa,/ˈkutiːsːɑ/
kuulussella,/ˈkuːlusːelːɑ/
kuuloittaa,/ˈkuːloi̯tːɑː/
kuumentaa,/ˈkuːmentɑː/
kuuritsa,/ˈkuːrit͡sɑ/
kuupäivä,/ˈkuːpæi̯ʋæ/
kuuvalo,/ˈkuːʋɑlo/
kuusikko,/ˈkuːsikːo/
kuuvves,/ˈkuːʋːes/
kuveluu,/ˈkuʋeluː/
kuvittamiin,/ˈkuʋitːɑmine/
kvadrattidetsimetra,/ˈkʋɑdrɑtːidet͡simetrɑ/
kvantitettasteeppeni,/ˈkʋɑntitetːɑsteːpːeni/
kvantitetta,/ˈkʋɑntitetːɑ/
kuvemuna,/ˈkuʋemunɑ/
kyllys,/ˈkylːys/
kyl,/ˈkyl/
kykky,/ˈkykːy/
kylkiluu,/ˈkylkiluː/
kylmäkkäin,/ˈkylmækːæi̯ne/
kylläst,/ˈkylːæstæ/
kylväjä,/ˈkylʋæjæ/
kylpiissä,/ˈkylpiːsːæ/
kylänvahti,/ˈkylænʋɑhti/
kymmen,/ˈkymːen/
kylpiä,/ˈkylpiæ/
kyntäjä,/ˈkyntæjæ/
kynty,/ˈkynty/
kyntö,/ˈkyntø/
kypärä,/ˈkypæræ/
kyntömaa,/ˈkyntømɑː/
kyntymaa,/ˈkyntymɑː/
kysytellä,/ˈkysytelːæ/
kyssyä,/ˈkysyæ/
kyynel,/ˈkyːnel/
kyyhkyläin,/ˈkyːhkylæi̯ne/
käen,/ˈkæen/
kyyrystäissä,/ˈkyːrystæi̯sːæ/
käköin,/ˈkækøi̯ne/
kälykset,/ˈkælykset/
kämmen,/ˈkæmːen/
käki,/ˈkæki/
käpy,/ˈkæpy/
kärkki,/ˈkærkːi/
käkättää,/ˈkækætːæː/
kärnä,/ˈkærnæ/
känkykäs,/ˈkæŋkykæs/
kärkkyä,/ˈkærkːyæ/
kärkkilatva,/ˈkærkːilɑtʋɑ/
kärkkälintu,/ˈkærkːælintu/
kärpäin,/ˈkærpæi̯ne/
kärkkä,/ˈkærkːæ/
käsikähäkkä,/ˈkæsikæhækːæ/
käsihuntu,/ˈkæsihuntu/
käsitöö,/ˈkæsitøː/
käsiraha,/ˈkæsirɑhɑ/
käsivars,/ˈkæsiʋɑrsi/
kääntää,/ˈkæːntæː/
käsikirjutos,/ˈkæsikirjutos/
käyttäjä,/ˈkæy̯tːæjæ/
käärme,/ˈkæːrme/
kääpä,/ˈkæːpæ/
köhähtäissä,/ˈkøhæhtæi̯sːæ/
köhähtää,/ˈkøhæhtæː/
laaku,/ˈlɑːku/
köhähellä,/ˈkøhæhelːæ/
köyhys,/ˈkøy̯hys/
laata,/ˈlɑɑtɑ/
laajasana,/ˈlɑːjɑsɑnɑ/
Laazari,/ˈlɑːzɑri/
laatiissa,/ˈlɑːtiːsːɑ/
labla,/ˈlɑblɑ/
lahna,/ˈlɑhnɑ/
laavitsa,/ˈlɑːʋit͡sɑ/
laiha,/ˈlɑi̯hɑ/
lahja,/ˈlɑhjɑ/
laine,/ˈlɑi̯ne/
laiska,/ˈlɑi̯skɑ/
laittaa,/ˈlɑi̯tːɑː/
lakoittaa,/ˈlɑkoi̯tːɑː/
lammas,/ˈlɑmːɑs/
laksi,/ˈlɑksi/
lako,/ˈlɑko/
lankiissa,/ˈlɑŋkiːsːɑ/
lampocka,/ˈlɑmpot͡ʃkɑ/
lankapaita,/ˈlɑŋkɑpɑi̯tɑ/
lanko,/ˈlɑŋko/
lankiivatauti,/ˈlɑŋkiːʋɑtɑu̯ti/
lapja,/ˈlɑbjɑ/
lanttu,/ˈlɑntːu/
lapa,/ˈlɑpɑ/
lankoin,/ˈlɑŋkoi̯ne/
lankoin,/ˈlɑŋkoi̯n/
lappaa,/ˈlɑpːɑː/
lappaa,/ˈlɑpɑː/
lapo,/ˈlɑpo/
laps,/ˈlɑpsi/
lappa,/ˈlɑpːɑ/
lapselle,/ˈlɑpselːe/
lapsu,/ˈlɑpsu/
lapti,/ˈlɑpti/
laskia,/ˈlɑskiɑ/
lapsus,/ˈlɑpsus/
lastu,/ˈlɑstu/
laskiissa,/ˈlɑskiːsːɑ/
lasti,/ˈlɑsti/
latsu,/ˈlɑt͡su/
latsunenä,/ˈlɑt͡sunenæ/
latvamuna,/ˈlɑtʋɑmunɑ/
Latvia,/ˈlɑtʋiɑ/
Laukaa,/ˈlɑu̯kɑː/
latvakas,/ˈlɑtʋɑkɑs/
laululintu,/ˈlɑu̯lulintu/
laukopäivä,/ˈlɑu̯kopæi̯ʋæ/
laulusulka,/ˈlɑu̯lusulkɑ/
Lauri,/ˈlɑu̯ri/
lautti,/ˈlɑu̯tːi/
laulaa,/ˈlɑu̯lɑː/
lavo,/ˈlɑʋo/
lavvantaki,/ˈlɑʋːɑntɑki/
leekku,/ˈleːkːu/
leemetä,/ˈleːmetæ/
lavvattaa,/ˈlɑʋːɑtːɑː/
lehmälangokset,/ˈlehmælɑŋɡokset/
leekkua,/ˈleːkːuɑ/
lehetöin,/ˈlehetøi̯n/
lehmäpaimen,/ˈlehmæpɑi̯men/
leikkahus,/ˈlei̯kːɑhus/
leikka,/ˈlei̯kːɑ/
leikki,/ˈlei̯kːi/
lehtitupakka,/ˈlehtitupɑkːɑ/
leikkoa,/ˈlei̯kːoɑ/
leipälapja,/ˈlei̯pælɑpjɑ/
leikkoja,/ˈlei̯kːojɑ/
leipäkasvo,/ˈlei̯pækɑsʋo/
leivän,/ˈlei̯ʋæn/
leiville,/ˈlei̯ʋilːe/
leipäliha,/ˈlei̯pælihɑ/
lekama,/ˈlekɑmɑ/
lepakko,/ˈlepɑkːo/
leppolintu,/ˈlepːolintu/
leskinain,/ˈleskinɑi̯ne/
lesorivankkuri,/ˈlesoriʋɑŋkːuri/
letenitsa,/ˈletenit͡sɑ/
lesorivankkurit,/ˈlesoriʋɑŋkːurit/
leventyä,/ˈleʋentyæ/
Levo,/ˈleʋo/
levorveri,/ˈleʋorʋeri/
liijen,/ˈliːjen/
liha,/ˈlihɑ/
liika,/ˈliːkɑ/
leve,/ˈleʋe/
lihhoa,/ˈlihoɑ/
liina,/ˈliːnɑ/
liikutella,/ˈliːkutelːɑ/
liitsatoin,/ˈliːt͡sɑtoi̯n/
liivakas,/ˈliːʋɑkɑs/
liivapääskö,/ˈliːʋɑpæːskø/
liikutin,/ˈliːkutine/
liikutin,/ˈliːkutin/
liivikko,/ˈliːʋikːo/
liitti,/ˈliːtːi/
likemmälle,/ˈlikemːælːe/
lineikka,/ˈlinei̯kːɑ/
lippiäkeeli,/ˈlipiækeːli/
lisä,/ˈlisæ/
lisättävä,/ˈlisætːæʋæ/
liukas,/ˈliu̯kɑs/
liukua,/ˈliu̯kuɑ/
lipistyä,/ˈlipistyæ/
logillisest,/ˈloɡilːisestɑ/
lohitagra,/ˈlohitɑɡrɑ/
lohkiissa,/ˈlohkiːsːɑ/
lohkoa,/ˈlohkoɑ/
lontti,/ˈlontːi/
logilliin,/ˈloɡilːine/
lohku,/ˈlohku/
lohki,/ˈlohki/
loonna,/ˈloːnːɑ/
loont,/ˈloːntɑ/
loont,/ˈloːnut/
loonnontiito,/ˈloːnːontiːto/
lookka,/ˈloːkːɑ/
loottaa,/ˈloːtːɑː/
lopulaulu,/ˈlopulɑu̯lu/
loppukesä,/ˈlopːukesæ/
loukuin,/ˈlou̯kui̯ne/
loukuta,/ˈlou̯kutɑ/
loppua,/ˈlopːuɑ/
lounattaa,/ˈlou̯nɑtːɑː/
lovata,/ˈloʋɑtɑ/
lounattaissa,/ˈlou̯nɑtːɑi̯sːɑ/
luhti,/ˈluhti/
lucikkaismoru,/ˈlut͡ʃikːɑi̯smoru/
luikkaa,/ˈlui̯kːɑː/
lovittaa,/ˈloʋitːɑː/
lucikkain,/ˈlut͡ʃikːɑi̯ne/
lumikaakka,/ˈlumikɑːkːɑ/
lukkia,/ˈlukiɑ/
lumikukka,/ˈlumikukːɑ/
luin,/ˈlui̯ne/
lumisää,/ˈlumisæː/
lumitormi,/ˈlumitormi/
lunassus,/ˈlunɑsːus/
lumipallo,/ˈlumipɑlːo/
lummata,/ˈlumːɑtɑ/
lusikkarooka,/ˈlusikːɑroːkɑ/
lumipamppu,/ˈlumipɑmpːu/
lyhentää,/ˈlyhentæː/
lusikalliin,/ˈlusikɑlːine/
lusti,/ˈlusti/
lyhykkäin,/ˈlyhykːæi̯ne/
lähettää,/ˈlæhetːæː/
lyhe,/ˈlyhe/
lähtömä,/ˈlæhtømæ/
läkkäämiin,/ˈlækæːmine/
lykätä,/ˈlykætæ/
lysi,/ˈlysi/
läkkäämisjutto,/ˈlækæːmisjutːo/
läksy,/ˈlæksy/
lämmää,/ˈlæmːæː/
LänsEuroppa,/ˈlænseu̯ropːɑ/
läns,/ˈlænsi/
länsfenniläin,/ˈlænsfenːilæi̯ne/
länspohja,/ˈlænspohjɑ/
lämmitellä,/ˈlæmːitelːæ/
löytyä,/ˈløy̯tyæ/
läsy,/ˈlæsy/
maaherra,/ˈmɑːherːɑ/
maahaltias,/ˈmɑːhɑltiɑs/
maailma,/ˈmɑːilmɑ/
läsivä,/ˈlæsiʋæ/
löytää,/ˈløy̯tæː/
maakerves,/ˈmɑːkerʋes/
maali,/ˈmɑːli/
maakas,/ˈmɑːkɑs/
maamuna,/ˈmɑːmunɑ/
maamunamerta,/ˈmɑːmunɑmertɑ/
maanselkä,/ˈmɑːnselkæ/
maanlehti,/ˈmɑːnlehti/
maaniitty,/ˈmɑːniːtːy/
maaomena,/ˈmɑːomenɑ/
maaporoda,/ˈmɑːporodɑ/
Maaria,/ˈmɑːriɑ/
Maaro,/ˈmɑːro/
maarilauta,/ˈmɑːrilɑu̯tɑ/
maasteri,/ˈmɑːsteri/
maapäähkänä,/ˈmɑːpæːhkænæ/
maatsalehti,/ˈmɑːt͡sɑlehti/
maatöö,/ˈmɑːtøː/
maasloja,/ˈmɑːslojɑ/
maatalohus,/ˈmɑːtɑlohus/
maavehnä,/ˈmɑːʋehnæ/
mahorkka,/ˈmɑhorkːɑ/
maho,/ˈmɑho/
mahla,/ˈmɑhlɑ/
mahopilvi,/ˈmɑhopilʋi/
mailma,/ˈmɑi̯lmɑ/
maistaissa,/ˈmɑstɑi̯sːɑ/
maistua,/ˈmɑi̯stuɑ/
mahuttaa,/ˈmɑhutːɑː/
maitomuru,/ˈmɑi̯tomuru/
maijonvaahto,/ˈmɑi̯jonʋɑːhto/
makjas,/ˈmɑkjɑs/
maitohammas,/ˈmɑi̯tohɑmːɑs/
makjaspers,/ˈmɑkjɑspers/
makkia,/ˈmɑkiɑ/
makoitospaikka,/ˈmɑkoi̯tospɑi̯kːɑ/
Maksima,/ˈmɑksimɑ/
maitosooni,/ˈmɑi̯tosoːni/
makso,/ˈmɑkso/
malikakku,/ˈmɑlikɑkːu/
makkiataikina,/ˈmɑkiɑtɑi̯kinɑ/
makkara,/ˈmɑkːɑrɑ/
manahka,/ˈmɑnɑhkɑ/
manata,/ˈmɑnɑtɑ/
Malenia,/ˈmɑleniɑ/
manaella,/ˈmɑnɑelːɑ/
makuisa,/ˈmɑkui̯sɑ/
maljakakku,/ˈmɑljɑkɑkːu/
manaška,/ˈmɑnɑʃkɑ/
mancikka,/ˈmɑnt͡sikːɑ/
marha,/ˈmɑrhɑ/
mantu,/ˈmɑntu/
mannasuurima,/ˈmɑnːɑsuːrimɑ/
marjaviina,/ˈmɑrjɑʋiːnɑ/
masti,/ˈmɑsti/
marjakönkörä,/ˈmætæskøŋkøræ/
Markko,/ˈmɑrkːo/
mašinistka,/ˈmɑʃinistkɑ/
matkalain,/ˈmɑtkɑlɑi̯ne/
mašti,/ˈmɑʃti/
matkavene,/ˈmɑtkɑʋene/
matalikko,/ˈmɑtɑlikːo/
maukku,/ˈmɑu̯kːu/
matkapooli,/ˈmɑtkɑpoːli/
meduza,/ˈmeduzɑ/
matara,/ˈmɑtɑrɑ/
meelenlaaja,/ˈmeːlenlɑːjɑ/
mees,/ˈmeːs/
meeltyä,/ˈmeːltyæ/
meesrahvas,/ˈmeːsrɑhʋɑs/
meeli,/ˈmeːli/
meihe,/ˈmei̯he/
meelövä,/ˈmeːløʋæ/
meiks,/ˈmei̯kse/
meilt,/ˈmei̯ltæ/
meikäläin,/ˈmei̯kælæi̯ne/
meinata,/ˈmei̯nɑtɑ/
mehestyä,/ˈmehestyæ/
melkeen,/ˈmelkeːn/
meriharakka,/ˈmerihɑrɑkːɑ/
merenranta,/ˈmerenrɑntɑ/
meitä,/ˈmei̯tæ/
merikarhu,/ˈmerikɑru/
merirooko,/ˈmeriroːko/
merikrapu,/ˈmerikrɑpu/
merirooku,/ˈmeriroːku/
meriheinä,/ˈmerihei̯næ/
merkitökselliin,/ˈmerkitøkselːine/
merivimpa,/ˈmeriʋimpɑ/
mertain,/ˈmertɑi̯ne/
merkitä,/ˈmerkitæ/
merituuli,/ˈmerituːli/
merkitsömiin,/ˈmerkit͡sømine/
merkitös,/ˈmerkitøs/
metsoin,/ˈmet͡soi̯ne/
metsoin,/ˈmet͡soi̯n/
meto,/ˈmeto/
metsä,/ˈmet͡sæ/
metsähepoin,/ˈmet͡sæhepoi̯ne/
metsäkuha,/ˈmet͡sækuhɑ/
metsälliin,/ˈmet͡sælːine/
metsänpuu,/ˈmet͡sænpuː/
metsäitse,/ˈmet͡sæi̯t͡se/
metsäsika,/ˈmet͡sæsikɑ/
mi,/ˈmi/
metsätundra,/ˈmet͡sætundrɑ/
mikäle,/ˈmikæle/
mikälee,/ˈmikæleː/
milliin,/ˈmilːine/
Miikkula,/ˈmiːkːulɑ/
mist,/ˈmistæ/
Mikkeli,/ˈmikːeli/
mišura,/ˈmiʃurɑ/
mitata,/ˈmitɑtɑ/
minja,/ˈminjɑ/
miuks,/ˈmiu̯kse/
miult,/ˈmiu̯ltɑ/
mišuroittaa,/ˈmiʃuroi̯tːɑː/
miä,/ˈmiæ̯/
miul,/ˈmiu̯lːɑ/
mokomain,/ˈmokomɑi̯ne/
mokompa,/ˈmokompɑ/
moisio,/ˈmoi̯sjo/
monikko,/ˈmonikːo/
mones,/ˈmones/
mones,/ˈmonesːɑ/
monilaajain,/ˈmonilɑːjɑi̯ne/
monislogain,/ˈmonisloɡɑi̯ne/
monikas,/ˈmonikɑs/
monikkoforma,/ˈmonikːoformɑ/
moniääniin,/ˈmoniæːnine/
monta,/ˈmontɑ/
moška,/ˈmoʃkɑ/
morda,/ˈmordɑ/
morfologia,/ˈmorfoloɡiɑ/
muilanvaahto,/ˈmui̯lɑnʋɑːhto/
mraamoroittaa,/ˈmrɑːmoroi̯tːɑː/
muglia,/ˈmuɡliɑ/
muissella,/ˈmui̯sːelːɑ/
muilakivi,/ˈmui̯lɑkiʋi/
mukaisa,/ˈmukɑi̯sɑ/
muisto,/ˈmui̯sto/
mukain,/ˈmukɑi̯ne/
muko,/ˈmuko/
mukaisamp,/ˈmukɑi̯sɑmpi/
mullikka,/ˈmulːikːɑ/
muli,/ˈmuli/
mullikko,/ˈmulːikːo/
mullissella,/ˈmulːisːelːɑ/
munanvalkulain,/ˈmunɑnʋɑlkulɑi̯ne/
munalukku,/ˈmunɑlukːu/
Mulipää,/ˈmulipæː/
murheelliin,/ˈmureːlːine/
munanvars,/ˈmunɑnʋɑrsi/
murkinaissa,/ˈmurkinɑi̯sːɑ/
murjahussa,/ˈmurjɑhusːɑ/
munita,/ˈmunitɑ/
murhamees,/ˈmurɑmeːs/
murhekas,/ˈmurekɑs/
murkinoi,/ˈmurkinoi̯/
musseta,/ˈmusːetɑ/
muro,/ˈmuro/
Musto,/ˈmusto/
mutaisikko,/ˈmutɑi̯sikːo/
mutnoi,/ˈmutnoi̯/
muurahain,/ˈmuːrɑhɑi̯ne/
muuran,/ˈmuːrɑn/
mustalain,/ˈmustɑlɑi̯ne/
muuttaa,/ˈmuːtːɑː/
muukkia,/ˈmuːkːiɑ/
myllysarka,/ˈmylːysɑrkɑ/
mylleri,/ˈmylːeri/
myttyin,/ˈmytːyi̯ne/
mäekäs,/ˈmæekæs/
myllätä,/ˈmylːætæ/
mykkä,/ˈmykːæ/
mäkkyläin,/ˈmækːylæi̯ne/
mänty,/ˈmænty/
mäkijoki,/ˈmækijoki/
mäkikarjamaa,/ˈmækikɑrjɑmɑː/
mätä,/ˈmætæ/
Mättyisi,/ˈmætːyi̯si/
mättää,/ˈmætːæː/
mättää,/ˈmætæː/
märästää,/ˈmæræstæː/
määrätä,/ˈmæːrætæ/
mättiissä,/ˈmætːiːsːæ/
möö,/ˈmøː/
mököttää,/ˈmøkøtːæː/
mööhä,/ˈmøːhæ/
möövvä,/ˈmyʋːæ/
mööjä,/ˈmøːjæ/
mööhästyä,/ˈmøːhæstyæ/
naapertin,/ˈnɑːpertin/
naapuri,/ˈnɑːpuri/
naappa,/ˈnɑːpːɑ/
naatala,/ˈnɑːtɑlɑ/
naasti,/ˈnɑːsti/
nacalnikka,/ˈnɑt͡ʃɑlnikːɑ/
na,/ˈnɑ/
nagris,/ˈnɑɡris/
naaskali,/ˈnɑːskɑli/
nagru,/ˈnɑɡru/
nahistua,/ˈnɑhistuɑ/
naatti,/ˈnɑːtːi/
nagro,/ˈnɑɡro/
nahka,/ˈnɑhkɑ/
nahkain,/ˈnɑhkɑi̯ne/
nahkapyssy,/ˈnɑhkɑpysːy/
nain,/ˈnɑi̯ne/
nain,/ˈnɑi̯n/
naiselikas,/ˈnɑi̯selikɑs/
naiselokas,/ˈnɑi̯selokɑs/
naimiin,/ˈnɑi̯mine/
nakareikä,/ˈnɑkɑrei̯kæ/
naisikas,/ˈnɑi̯sikɑs/
nakkia,/ˈnɑkːiɑ/
nalja,/ˈnɑljɑ/
naksuttaa,/ˈnɑksutːɑː/
naka,/ˈnɑkɑ/
naokset,/ˈnɑokset/
napakka,/ˈnɑpɑkːɑ/
nappu,/ˈnɑpːu/
nappi,/ˈnɑpːi/
napravlenia,/ˈnɑprɑʋlenjɑ/
natta,/ˈnɑtːɑ/
narria,/ˈnɑrːiɑ/
naulocka,/ˈnɑu̯lot͡ʃkɑ/
neeglata,/ˈneːɡlɑtɑ/
neelo,/ˈneːlo/
negra,/ˈneɡrɑ/
neežnoi,/ˈneːʒnoi̯/
neeglakarppi,/ˈneːɡlɑkɑrpːi/
nato,/ˈnɑto/
neljäkymment,/ˈneljækymːentæ/
neikko,/ˈnei̯kːo/
neljätoist,/ˈneljætoi̯stɑ/
nentsa,/ˈnent͡sɑ/
nenäkäs,/ˈnenækæs/
neljäs,/ˈneljæs/
neljänurkkain,/ˈneljænurkːɑi̯ne/
nenärätti,/ˈnenærætːi/
nesse,/ˈnesːe/
nesto,/ˈnesto/
nenästyä,/ˈnenæstyæ/
nestää,/ˈnestæː/
nepsiä,/ˈnepsiæ/
nevvoja,/ˈneʋːojɑ/
niini,/ˈniːni/
nii,/ˈniː/
niisi,/ˈniːsi/
niiniin,/ˈniːnine/
niiniin,/ˈniːniːn/
niistää,/ˈniːstæː/
ni,/ˈni/
niittysoo,/ˈniːtːysoː/
niitti,/ˈniːtːi/
niittoaika,/ˈniːtːoɑi̯kɑ/
nikahtua,/ˈnikɑhtuɑ/
nimetöin,/ˈnimetøi̯n/
nimipäivä,/ˈnimipæi̯ʋæ/
nikossella,/ˈnikosːelːɑ/
nikko,/ˈnikːo/
niskatalkkuna,/ˈniskɑtɑlkːunɑ/
nipikkoa,/ˈnipikːoɑ/
nikostua,/ˈnikostuɑ/
noblia,/ˈnobliɑ/
noijitus,/ˈnoi̯jitus/
nodra,/ˈnodrɑ/
nojabrikuu,/ˈnojɑbrikuː/
nokipertti,/ˈnokipertːi/
noin,/ˈnoi̯n/
noisu,/ˈnoi̯su/
nokkia,/ˈnokːiɑ/
nokkia,/ˈnokːijɑ/
nokkia,/ˈnokiɑ/
noorus,/ˈnoːrus/
nooremp,/ˈnoːrempi/
nootta,/ˈnoːtːɑ/
nokka,/ˈnokːɑ/
noottalauta,/ˈnoːtːɑlɑu̯tɑ/
noorikke,/ˈnoːrikːe/
nootti,/ˈnoːtːi/
norma,/ˈnormɑ/
nostaa,/ˈnostɑː/
nora,/ˈnorɑ/
noottaverkko,/ˈnoːtːɑʋerkːo/
notkua,/ˈnotkuɑ/
nostaja,/ˈnostɑjɑ/
nukuttaa,/ˈnukutːɑː/
nussia,/ˈnusːiɑ/
notkuttaa,/ˈnotkutːɑː/
nukahtaa,/ˈnukɑhtɑː/
nussu,/ˈnusːu/
nykyaikain,/ˈnykyɑi̯kɑi̯ne/
nussutöö,/ˈnusːutøː/
Nurmisaari,/ˈnurmisɑːri/
nyky,/ˈnyky/
nylkiä,/ˈnylkiæ/
nyrihyä,/ˈnyrihyæ/
näkimet,/ˈnækimet/
näkkiäsmees,/ˈnækiæsmeːs/
näkköin,/ˈnækːøi̯n/
näkyvä,/ˈnækyʋæ/
nähhä,/ˈnæxːæ/
näpissellä,/ˈnæpisːelːæ/
näsä,/ˈnæsæ/
näyte,/ˈnæy̯te/
näppi,/ˈnæpːi/
näyttiissä,/ˈnæy̯tːiːsːæ/
nöyrä,/ˈnøy̯ræ/
nämät,/ˈnæmæt/
oblono,/ˈoblono/
obolocka,/ˈobolot͡ʃkɑ/
näälä,/ˈnæːlæ/
oas,/ˈoɑs/
obidna,/ˈobidnɑ/
odrapudro,/ˈodrɑpudro/
oboza,/ˈobozɑ/
odrikko,/ˈodrikːo/
oentaa,/ˈoentɑː/
Ogaška,/ˈoɡɑʃkɑ/
odnako,/ˈodnɑko/
odrasuurimikko,/ˈodrɑsuːrimikːo/
ohotnikka,/ˈohotnikːɑ/
ohaksennella,/ˈohɑksenːelːɑ/
ohtajain,/ˈohtɑjɑi̯ne/
ohvotta,/ˈohʋotːɑ/
oikia,/ˈoi̯kiɑ/
ohja,/ˈohjɑ/
ohto,/ˈohto/
oikii,/ˈoi̯kiː/
oksakas,/ˈoksɑkɑs/
oksa,/ˈoksɑ/
oikiaal,/ˈoi̯kiɑlːɑ/
oikoa,/ˈoi̯koɑ/
Oleksa,/ˈoleksɑ/
oksatoin,/ˈoksɑtoi̯n/
Olena,/ˈolenɑ/
oleni,/ˈoleni/
olit,/ˈolit/
olitta,/ˈolitːɑ/
olenikolhoza,/ˈolenikolhozɑ/
olenitalohus,/ˈolenitɑlohus/
olki,/ˈolki/
oltii,/ˈoltiː/
oma,/ˈomɑ/
omenanraakeli,/ˈomenɑnrɑːkeli/
omenapuu,/ˈomenɑpuː/
olla,/ˈolːɑ/
ompelos,/ˈompelos/
onnekas,/ˈonːekɑs/
ompelikki,/ˈompelikːi/
ono,/ˈono/
oo,/ˈoː/
Onissima,/ˈonisːimɑ/
onki,/ˈoŋki/
oomma,/ˈoːmːɑ/
onkia,/ˈoŋkiɑ/
ootta,/ˈoːtːɑ/
opilka,/ˈopilkɑ/
opettaja,/ˈopetːɑjɑ/
opokka,/ˈopokːɑ/
opettaa,/ˈopetːɑː/
oppikoti,/ˈopːikoti/
opecatka,/ˈopet͡ʃɑtkɑ/
oppitunni,/ˈopːitunːi/
opokkavihma,/ˈopokːɑʋihmɑ/
oppivintovka,/ˈopːiʋintofkɑ/
oppilaps,/ˈopːilɑps/
orimarja,/ˈorimɑrjɑ/
orasrooho,/ˈorɑsroːho/
orja,/ˈorjɑ/
oppivoos,/ˈopːiʋoːs/
orangutan,/ˈorɑŋɡutɑn/
orjamarjapehko,/ˈorjɑmɑrjɑpehko/
organisoittaa,/ˈorɡɑnisoi̯tːɑː/
orjamarja,/ˈorjɑmɑrjɑ/
orpolaps,/ˈorpolɑps/
orjus,/ˈorjus/
Orko,/ˈorko/
osamees,/ˈosɑmeːs/
orsi,/ˈorsi/
osla,/ˈoslɑ/
osoitus,/ˈosoi̯tus/
osto,/ˈosto/
otsattomast,/ˈot͡sɑtːomɑstɑ/
otsain,/ˈot͡sɑi̯ne/
Otava,/ˈotɑʋɑ/
ottajaiset,/ˈotːɑjɑi̯set/
ounapuin,/ˈou̯nɑpui̯ne/
paarma,/ˈpɑːrmɑ/
ottaa,/ˈotːɑː/
ouna,/ˈou̯nɑ/
packa,/ˈpɑt͡ʃkɑ/
paaromain,/ˈpɑːromɑi̯ne/
paasto,/ˈpɑːsto/
pahko,/ˈpɑhko/
pahkoma,/ˈpɑhkomɑ/
paeta,/ˈpɑetɑ/
paijata,/ˈpɑi̯jɑtɑ/
painokas,/ˈpɑi̯nokɑs/
painutos,/ˈpɑi̯nutos/
painava,/ˈpɑi̯nɑʋɑ/
paita,/ˈpɑi̯tɑ/
paisettua,/ˈpɑi̯setːuɑ/
pajupuu,/ˈpɑjupuː/
pajuisikko,/ˈpɑjui̯sikːo/
pakkoo,/ˈpɑkoː/
pakkoo,/ˈpɑkːoː/
pakana,/ˈpɑkɑnɑ/
pakkain,/ˈpɑkːɑi̯ne/
paksusooli,/ˈpɑksusoːli/
pakkopää,/ˈpɑkːopæː/
paljakas,/ˈpɑljɑkɑs/
palkata,/ˈpɑlkɑtɑ/
palkanlaps,/ˈpɑlkɑnlɑps/
palain,/ˈpɑlɑi̯ne/
palkki,/ˈpɑlkːi/
palkolliin,/ˈpɑlkolːine/
palko,/ˈpɑlko/
palokas,/ˈpɑlokɑs/
pallo,/ˈpɑlːo/
palttinain,/ˈpɑltːinɑi̯ne/
pala,/ˈpɑlɑ/
pankapyssy,/ˈpɑŋkɑpysːy/
pantti,/ˈpɑntːi/
paperi,/ˈpɑperi/
pappu,/ˈpɑpːu/
pappiraunio,/ˈpɑpːirɑu̯nio/
papa,/ˈpɑpɑ/
parahodi,/ˈpɑrɑhodi/
pareta,/ˈpɑretɑ/
parisikko,/ˈpɑrisikːo/
parikka,/ˈpɑrikːɑ/
pars,/ˈpɑrs/
paras,/ˈpɑrɑs/
partitivaforma,/ˈpɑrtitiʋɑformɑ/
parvees,/ˈpɑrʋesːɑ/
partti,/ˈpɑrtːi/
parta,/ˈpɑrtɑ/
paska,/ˈpɑskɑ/
passi,/ˈpɑsːi/
pecka,/ˈpet͡ʃkɑ/
paturi,/ˈpɑturi/
paukku,/ˈpɑu̯kːu/
paukkia,/ˈpɑu̯kːiɑ/
peen,/ˈpeːni/
pecurka,/ˈpet͡ʃurkɑ/
peena,/ˈpeːnɑ/
peehtaroija,/ˈpeːhtɑroi̯jɑ/
peentara,/ˈpeːntɑrɑ/
Pedronaatto,/ˈpedronɑːtːo/
peerettää,/ˈpeːretːæː/
pata,/ˈpɑtɑ/
peerrä,/ˈpeːrːæ/
pehmitösmerkki,/ˈpehmitøsmerkːi/
peittää,/ˈpei̯tːæː/
pelata,/ˈpelɑtɑ/
peesas,/ˈpeːsɑs/
peitto,/ˈpei̯tːo/
pellovasaivina,/ˈpelːoʋɑsɑi̯ʋinɑ/
peittäjäiset,/ˈpei̯tːæjæi̯set/
pelko,/ˈpelko/
peltopuisut,/ˈpeltopui̯sut/
peltokimalain,/ˈpeltokimɑlɑi̯ne/
pere,/ˈpere/
pengerpyytö,/ˈpeŋɡerpyːtːø/
Peninsaari,/ˈpeninsɑːri/
perekunta,/ˈperekuntɑ/
perin,/ˈperin/
perekatipole,/ˈperekɑtipole/
perriä,/ˈperiæ/
perriä,/ˈperijæ/
permu,/ˈpermu/
perä,/ˈperæ/
pertsu,/ˈpert͡su/
perälle,/ˈperælːe/
perält,/ˈperæltæ/
peräjyvät,/ˈperæjyʋæt/
peräolut,/ˈperæolut/
pesetellä,/ˈpesetelːæ/
pesulahantka,/ˈpesulɑhɑntkɑ/
pesitellä,/ˈpesitelːæ/
peräst,/ˈperæstæ/
pesupäivä,/ˈpesupæi̯ʋæ/
peskari,/ˈpeskɑri/
Peto,/ˈpeto/
Petteri,/ˈpetːeri/
pettömaito,/ˈpetːømɑi̯to/
petäjä,/ˈpetæjæ/
pettelikkodurakka,/ˈpetːelikːodurɑkːɑ/
petäjäpuu,/ˈpetæjæpuː/
petäisikko,/ˈpetæi̯sikːo/
pihkain,/ˈpihkɑi̯ne/
pihka,/ˈpihkɑ/
peutsa,/ˈpeu̯t͡sɑ/
pihlajamarja,/ˈpihlɑjɑmɑrjɑ/
Pihkava,/ˈpihkɑʋɑ/
piirakaas,/ˈpiːrɑkɑsːɑ/
piirakaks,/ˈpiːrɑkɑkse/
pihlaja,/ˈpihlɑjɑ/
piikivi,/ˈpiːkiʋi/
pihlajain,/ˈpihlɑjɑi̯ne/
piirakan,/ˈpiːrɑkɑn/
piirakast,/ˈpiːrɑkɑstɑ/
piirakalle,/ˈpiːrɑkɑlːe/
piirakoiks,/ˈpiːrɑkoi̯kse/
piirakkoin,/ˈpiːrɑkːoi̯n/
piirakois,/ˈpiːrɑkoi̯sːɑ/
piirakkaa,/ˈpiːrɑkːɑː/
piki,/ˈpiki/
pikari,/ˈpikɑri/
piirakkoinna,/ˈpiːrɑkːoi̯nːɑ/
pikkuruikkuin,/ˈpikːurui̯kːui̯ne/
pilahua,/ˈpilɑhuɑ/
Pikki,/ˈpikːi/
pikkaraikkoin,/ˈpikːɑrɑi̯kːoi̯ne/
pilla,/ˈpilːɑ/
pilkkinenä,/ˈpilkːinenæ/
pilli,/ˈpilːi/
pilkkoa,/ˈpilkːoɑ/
pilvikäs,/ˈpilʋikæs/
pillari,/ˈpilːɑri/
pino,/ˈpino/
pimehys,/ˈpimehys/
pioneera,/ˈpioneːrɑ/
pintamaa,/ˈpintɑmɑː/
pinissä,/ˈpinisːæ/
pirttu,/ˈpirtːu/
pirta,/ˈpirtɑ/
pitetä,/ˈpitetæ/
pitki,/ˈpitki/
pitkittee,/ˈpitkitːeː/
piru,/ˈpiru/
pitkäsiipiin,/ˈpitkæsiːpine/
pittuusyksikkö,/ˈpituːsyksikːø/
pitemp,/ˈpitempi/
pitkävarsiin,/ˈpitkæʋɑrsine/
plaasteri,/ˈplɑːsteri/
plaani,/ˈplɑːni/
piusta,/ˈpiu̯stɑ/
plemmäänikka,/ˈplemæːnikːɑ/
pocti,/ˈpot͡ʃti/
podarittaa,/ˈpodɑritːɑː/
plaanu,/ˈplɑːnu/
podarka,/ˈpodɑrkɑ/
pohja,/ˈpohjɑ/
pluugaveitsi,/ˈpluːɡɑʋei̯t͡si/
pohjain,/ˈpohjɑi̯ne/
pohvala,/ˈpohʋɑlɑ/
podrobnoi,/ˈpodrobnoi̯/
poikalaps,/ˈpoi̯kɑlɑps/
pohjatoin,/ˈpohjɑtoi̯n/
poikihussa,/ˈpoi̯kihusːɑ/
poikin,/ˈpoi̯kin/
poikihua,/ˈpoi̯kihuɑ/
poikapolvi,/ˈpoi̯kɑpolʋi/
poikiissa,/ˈpoi̯kiːsːɑ/
pojintima,/ˈpojintimɑ/
poimipuikko,/ˈpoi̯mipui̯kːo/
poikolaps,/ˈpoi̯kolɑps/
Pokrova,/ˈpokroʋɑ/
polkka,/ˈpolkːɑ/
polkia,/ˈpolkiɑ/
politsia,/ˈpolit͡siɑ/
poltikas,/ˈpoltikɑs/
ponomari,/ˈponomɑri/
poolivahva,/ˈpoːliʋɑhʋɑ/
porkkana,/ˈporkːɑnɑ/
pooli,/ˈpoːli/
poroda,/ˈporodɑ/
porttu,/ˈportːu/
poohtaa,/ˈpoːhtɑː/
poski,/ˈposki/
porras,/ˈporːɑs/
porona,/ˈporonɑ/
posьlkka,/ˈposɨlkːɑ/
potka,/ˈpotkɑ/
povoinikka,/ˈpoʋoi̯nikːɑ/
povveta,/ˈpoʋːetɑ/
poukku,/ˈpou̯kːu/
praavihua,/ˈprɑːʋihuɑ/
povvi,/ˈpoʋːi/
potkia,/ˈpotkiɑ/
potkia,/ˈpotkijɑ/
predmetta,/ˈpredmetːɑ/
prakticeskoi,/ˈprɑktit͡ʃeskoi̯/
probirka,/ˈprobirkɑ/
produkta,/ˈproduktɑ/
progona,/ˈproɡonɑ/
praavittaa,/ˈprɑːʋitːɑː/
proovolka,/ˈproːʋolkɑ/
proovolokka,/ˈproːʋolokːɑ/
proletarskoi,/ˈproletɑrskoi̯/
pressata,/ˈpresːɑtɑ/
pruuda,/ˈpruːdɑ/
proveroittaa,/ˈproʋeroi̯tːɑː/
prusakkain,/ˈprusɑkːɑi̯n/
prullissella,/ˈprulːisːelːɑ/
prossakka,/ˈprosːɑkːɑ/
präkinä,/ˈprækinæ/
pruukkia,/ˈpruːkːiɑ/
prännikkä,/ˈprænːikːæ/
prökky,/ˈprøkːy/
pudrolaatka,/ˈpudrolɑːtkɑ/
puin,/ˈpui̯ne/
präski,/ˈpræski/
puhasliitsain,/ˈpuhɑsliːt͡sɑi̯ne/
pullu,/ˈpulːu/
pulikka,/ˈpulikːɑ/
pulmalliin,/ˈpulmɑlːine/
puisut,/ˈpui̯sut/
pumppu,/ˈpumpːu/
pulmanikka,/ˈpulmɑnikːɑ/
pulmat,/ˈpulmɑt/
punapurje,/ˈpunɑpurje/
punain,/ˈpunɑi̯ne/
punapuu,/ˈpunɑpuː/
punapelto,/ˈpunɑpelto/
punettaa,/ˈpunetːɑː/
punettua,/ˈpunetːuɑ/
puottaa,/ˈpuotːɑː/
puntsahtaa,/ˈpunt͡sɑhtɑː/
purnolliin,/ˈpurnolːine/
Puni,/ˈpuni/
purria,/ˈpuriɑ/
purria,/ˈpurijɑ/
puruli,/ˈpuruli/
purnu,/ˈpurnu/
purata,/ˈpurɑtɑ/
pursutella,/ˈpursutelːɑ/
putki,/ˈputki/
puujalka,/ˈpuːjɑlkɑ/
puuda,/ˈpuːdɑ/
puuastava,/ˈpuːɑstɑʋɑ/
puulahantka,/ˈpuːlɑhɑntkɑ/
puusilta,/ˈpuːsiltɑ/
puute,/ˈpuːte/
puukkoveitsi,/ˈpuːkːoʋei̯t͡si/
puukanki,/ˈpuːkɑŋki/
puuuhlu,/ˈpuːuhlu/
puuriissat,/ˈpuːriːsːɑt/
puuvillain,/ˈpuːʋilːɑi̯ne/
pyhittää,/ˈpyhitːæː/
puzattoi,/ˈpuzɑtːoi̯/
pyhähoomus,/ˈpyhæhoːmus/
pykälä,/ˈpykælæ/
pyhäpäivä,/ˈpyhæpæi̯ʋæ/
Pyhäväli,/ˈpyhæʋæli/
pyrkiä,/ˈpyrkiæ/
pyssymees,/ˈpysːymeːs/
pyytää,/ˈpyːtæː/
pytty,/ˈpytːy/
päin,/ˈpæi̯n/
pyntätä,/ˈpyntætæ/
päissär,/ˈpæi̯sːær/
pyssy,/ˈpysːy/
päitset,/ˈpæi̯t͡set/
päissärvilla,/ˈpæi̯sːærʋilːɑ/
päppä,/ˈpæpːæ/
päivettyä,/ˈpæi̯ʋetːyæ/
päre,/ˈpære/
päivätöö,/ˈpæi̯ʋætøː/
pärnäin,/ˈpærnæi̯ne/
päreveitsi,/ˈpæreʋei̯t͡si/
pässyttää,/ˈpæsːytːæː/
pärski,/ˈpærski/
pätsetti,/ˈpæt͡setːi/
Pärttyli,/ˈpærtːyli/
päähkenikko,/ˈpæːhkenikːo/
pää,/ˈpæː/
päähkänä,/ˈpæːhkænæ/
päähkänäpehko,/ˈpæːhkænæpehko/
pääkirja,/ˈpæːkirjɑ/
päähkänämetsä,/ˈpæːhkænæmet͡sæ/
pääjuuri,/ˈpæːjuːri/
päälinna,/ˈpæːlinːɑ/
päälaki,/ˈpæːlɑki/
pääolut,/ˈpæːolut/
päälypooli,/ˈpæːlypoːli/
Pääsiäin,/ˈpæːsiæi̯ne/
päärmä,/ˈpæːrmæ/
Pääsiänaatto,/ˈpæːsiænɑːtːo/
pääsuka,/ˈpæːsukɑ/
pääskölintu,/ˈpæːskølintu/
pääsö,/ˈpæːsø/
päätöin,/ˈpæːtøi̯n/
päävladenja,/ˈpæːʋlɑdenjɑ/
päävitsa,/ˈpæːʋit͡sɑ/
pöllykukka,/ˈpølːykukːɑ/
pölästyä,/ˈpølæstyæ/
pöllytä,/ˈpølːytæ/
pörissä,/ˈpørisːæ/
pörömäin,/ˈpørømæi̯ne/
pökköheinä,/ˈpøkːøhei̯næ/
pölässyttää,/ˈpølæsːytːæː/
pölässyttää,/ˈpølæsːytæː/
pötkä,/ˈpøtkæ/
raakeli,/ˈrɑːkeli/
raajuveräjä,/ˈrɑːjuʋeræjæ/
raakki,/ˈrɑːkːi/
pööriä,/ˈpøːriæ/
pööriä,/ˈpøːrijæ/
raakka,/ˈrɑːkːɑ/
Raamattu,/ˈrɑːmɑtːu/
raataa,/ˈrɑːtɑː/
rahalliin,/ˈrɑhɑlːine/
rahe,/ˈrɑhe/
rahna,/ˈrɑhnɑ/
rahti,/ˈrɑhti/
raina,/ˈrɑi̯nɑ/
raiska,/ˈrɑi̯skɑ/
raiskuu,/ˈrɑi̯skuː/
rajona,/ˈrɑjonɑ/
raju,/ˈrɑju/
raisust,/ˈrɑi̯sustɑ/
raitti,/ˈrɑi̯tːi/
rakentaissa,/ˈrɑkentɑi̯sːɑ/
rajata,/ˈrɑjɑtɑ/
rakoisillaa,/ˈrɑkoi̯silːɑː/
rakennos,/ˈrɑkenːos/
rammita,/ˈrɑmːitɑ/
ramokas,/ˈrɑmokɑs/
ramopytky,/ˈrɑmopytky/
ramo,/ˈrɑmo/
ramoittua,/ˈrɑmoi̯tːuɑ/
ramka,/ˈrɑmkɑ/
rangata,/ˈrɑŋɡɑtɑ/
rangaissos,/ˈrɑŋɡɑi̯sːos/
rannanvahti,/ˈrɑnːɑnʋɑhti/
ranko,/ˈrɑŋko/
rampajalkain,/ˈrɑmpɑjɑlkɑi̯ne/
rantalain,/ˈrɑntɑlɑi̯ne/
Rantave,/ˈrɑntɑʋe/
rantakala,/ˈrɑntɑkɑlɑ/
rankka,/ˈrɑŋkːɑ/
rantanootta,/ˈrɑntɑnoːtːɑ/
rantakylä,/ˈrɑntɑkylæ/
rantatiltti,/ˈrɑntɑtiltːi/
rapakko,/ˈrɑpɑkːo/
rantsa,/ˈrɑnt͡sɑ/
rappa,/ˈrɑpːɑ/
raputella,/ˈrɑputelːɑ/
raspiitti,/ˈrɑspiːtːi/
rapakivi,/ˈrɑpɑkiʋi/
rasvain,/ˈrɑsʋɑi̯ne/
rasva,/ˈrɑsʋɑ/
rapsutella,/ˈrɑpsutelːɑ/
ratasmaasteri,/ˈrɑtɑsmɑːsteri/
rauha,/ˈrɑu̯hɑ/
ratsu,/ˈrɑt͡su/
rasvamuila,/ˈrɑsʋɑmui̯lɑ/
raunio,/ˈrɑu̯nio/
rauta,/ˈrɑu̯tɑ/
rauhallisest,/ˈrɑu̯hɑlːisestɑ/
rautain,/ˈrɑu̯tɑi̯ne/
rautatee,/ˈrɑu̯tɑteː/
rebina,/ˈrebinɑ/
rediska,/ˈrediskɑ/
rebinalintu,/ˈrebinɑlintu/
reknata,/ˈreknɑtɑ/
reissata,/ˈrei̯sːɑtɑ/
rengas,/ˈreŋɡɑs/
religia,/ˈreliɡiɑ/
reki,/ˈreki/
retupääskö,/ˈretupæːskø/
reunapaikka,/ˈreu̯nɑpɑi̯kːɑ/
reunaväki,/ˈreu̯nɑʋæki/
reukastua,/ˈreu̯kɑstuɑ/
respublikka,/ˈrespublikːɑ/
revolutsia,/ˈreʋolut͡siɑ/
rihmanpätkä,/ˈrihmɑnpætkæ/
rihmaväkkärä,/ˈrihmɑʋækːæræ/
riikki,/ˈriːkːi/
riissusuurimikko,/ˈriːsːusuːrimikːo/
rikkaheinä,/ˈrikːɑhei̯næ/
riissusuurima,/ˈrisːusuːrimɑ/
rikkoa,/ˈrikːoɑ/
rinnaal,/ˈrinːɑlːɑ/
rinnalle,/ˈrinːɑlːe/
rinnakkain,/ˈrinːɑkːɑi̯n/
rintamaito,/ˈrintɑmɑi̯to/
rintakletka,/ˈrintɑkletkɑ/
rintaosa,/ˈrintɑosɑ/
rinnakas,/ˈrinːɑkɑs/
rintavilla,/ˈrintɑʋilːɑ/
rinnoitus,/ˈrinːoi̯tus/
ripsuta,/ˈripsutɑ/
ristiissä,/ˈristiːsːæ/
ristiprosekka,/ˈristiprosekːɑ/
ristiäiset,/ˈristijæi̯set/
risuittaa,/ˈrisui̯tːɑː/
ristiä,/ˈristiæ/
ripa,/ˈripɑ/
rohosorsa,/ˈrohosorsɑ/
rokka,/ˈrokːɑ/
riuku,/ˈriu̯ku/
Rohosaari,/ˈrohosɑːri/
roho,/ˈroho/
romaška,/ˈromɑʃkɑ/
roohtia,/ˈroːhtiɑ/
rooho,/ˈroːho/
rooska,/ˈroːskɑ/
rooza,/ˈroːzɑ/
ropja,/ˈropjɑ/
roojakas,/ˈroːjɑkɑs/
ruikokas,/ˈrui̯kokɑs/
ruinata,/ˈrui̯nɑtɑ/
rovnoi,/ˈroʋnoi̯/
ruiskuilas,/ˈruiskui̯lɑs/
ruiskovain,/ˈruiskoʋɑne/
ruispelto,/ˈruispelto/
ruisakana,/ˈruisɑkɑnɑ/
ruispurnu,/ˈruispurnu/
ruka,/ˈrukɑ/
ruiskrääkkä,/ˈruiskræːkːæ/
rummensäkki,/ˈrumːensækːi/
runo,/ˈruno/
rukka,/ˈrukːɑ/
rummenikko,/ˈrumːenikːo/
rupinenä,/ˈrupinenæ/
rummu,/ˈrumːu/
ruskettaa,/ˈrusketːɑː/
ruttiissa,/ˈrutːiːsːɑ/
ruuto,/ˈruːto/
ruumeenpuut,/ˈruːmeːnpuːt/
ruttoo,/ˈrutːoː/
ruumis,/ˈruːmis/
rysy,/ˈrysy/
rysämees,/ˈrysæmeːs/
rytkä,/ˈrytkæ/
rätti,/ˈrætːi/
räkätauti,/ˈrækætɑu̯ti/
räyssäs,/ˈræy̯sːæs/
räytyä,/ˈræy̯tyæ/
räpäkkä,/ˈræpækːæ/
röhkää,/ˈrøhkæː/
saa,/ˈsɑː/
saa,/ˈsɑɑ/
saadut,/ˈsɑːdut/
rьbakka,/ˈrɨbɑkːɑ/
Saarenmeri,/ˈsɑːrenmeri/
saadu,/ˈsɑːdu/
Saarove,/ˈsɑːroʋe/
saarenoma,/ˈsɑːrenomɑ/
saahkara,/ˈsɑːhkɑrɑ/
saani,/ˈsɑːni/
saattaja,/ˈsɑːtːɑjɑ/
saatto,/ˈsɑːtːo/
sae,/ˈsɑe/
saekas,/ˈsɑekɑs/
saijain,/ˈsɑi̯jɑi̯ne/
sahata,/ˈsɑhɑtɑ/
Saira,/ˈsɑi̯rɑ/
saksalain,/ˈsɑksɑlɑi̯ne/
salajutto,/ˈsɑlɑjutːo/
sallia,/ˈsɑlːiɑ/
sakset,/ˈsɑkset/
Saksanmaa,/ˈsɑksɑnmɑː/
sammalhoone,/ˈsɑmːɑlhoːne/
sananpohja,/ˈsɑnɑnpohjɑ/
sananverto,/ˈsɑnɑnʋerto/
samoi,/ˈsɑmoi̯/
sananväli,/ˈsɑnɑnʋæli/
sannikko,/ˈsɑnːikːo/
santukka,/ˈsɑntukːɑ/
sanata,/ˈsɑnɑtɑ/
sappi,/ˈsɑpːi/
santimetra,/ˈsɑntimetrɑ/
sannoa,/ˈsɑnoɑ/
sanomiin,/ˈsɑnomine/
sanomiin,/ˈsɑnomiːn/
sarvena,/ˈsɑrʋenɑ/
sarvi,/ˈsɑrʋi/
sattais,/ˈsɑtɑi̯s/
sata,/ˈsɑtɑ/
sarvipää,/ˈsɑrʋipæː/
saunanain,/ˈsɑu̯nɑnɑi̯ne/
savenjalka,/ˈsɑʋenjɑlkɑ/
sauttaa,/ˈsɑu̯tːɑː/
savertaa,/ˈsɑʋertɑː/
savi,/ˈsɑʋi/
savikaakka,/ˈsɑʋikɑːkːɑ/
seast,/ˈseɑstɑ/
savislantsa,/ˈsɑʋislɑnt͡sɑ/
savest,/ˈsɑʋestɑ/
seegla,/ˈseːɡlɑ/
seemecka,/ˈseːmet͡ʃkɑ/
seeni,/ˈseːni/
sebro,/ˈsebro/
seel,/ˈseːlːæ/
seestara,/ˈseːstɑrɑ/
seinägazetti,/ˈsei̯næɡɑzetːi/
seemensööjä,/ˈseːmensøːjæ/
seis,/ˈsetisːæ/
seestaramarja,/ˈseːstɑrɑmɑrjɑ/
seisahtaissa,/ˈsei̯sɑhtɑi̯sːɑ/
seisohtaissa,/ˈsei̯sohtɑi̯sːɑ/
seitsen,/ˈsei̯t͡sen/
seitsentoist,/ˈsei̯t͡sentoi̯stɑ/
seissa,/ˈsei̯sːɑ/
seka,/ˈsekɑ/
seisottaa,/ˈsei̯sotːɑː/
seitsemäskymmenäs,/ˈsei̯t͡semæskymːenæs/
selkiäst,/ˈselkiæstæ/
selkänahkain,/ˈselkænɑhkɑi̯ne/
selkä,/ˈselkæ/
sellain,/ˈselːɑi̯ne/
selkiä,/ˈselkiæ/
selkiä,/ˈselkijæ/
selkänahka,/ˈselkænɑhkɑ/
sepyt,/ˈsepyt/
selvä,/ˈselʋæ/
serkka,/ˈserkːɑ/
seukkoin,/ˈseu̯kːoi̯ne/
seukkoin,/ˈseu̯kːoi̯n/
seppola,/ˈsepːolɑ/
sezonnoi,/ˈsezonːoi̯/
sevverta,/ˈseʋːertɑ/
seän,/ˈseæn/
servä,/ˈserʋæ/
sie,/ˈsie/
Siberi,/ˈsiberi/
seäs,/ˈseæsːæ/
seät,/ˈseæt/
sihas,/ˈsihɑsːɑ/
siha,/ˈsihɑ/
siije,/ˈsiːje/
siella,/ˈsielːɑ/
siipi,/ˈsiːpi/
siipiverkko,/ˈsiːpiʋerkːo/
Siiteri,/ˈsiːteri/
siivilähohla,/ˈsiːʋilæhohlɑ/
siitä,/ˈsiːtæ/
siitiä,/ˈsiːtiæ/
siivo,/ˈsiːʋo/
sikain,/ˈsikɑi̯ne/
siivottasovhoza,/ˈsiːʋotːɑsoʋhozɑ/
sija,/ˈsijɑ/
siivitä,/ˈsiːʋitæ/
sikkiissä,/ˈsikiːsːæ/
silakka,/ˈsilɑkːɑ/
sikori,/ˈsikori/
silmäterä,/ˈsilmæteræ/
silmähammas,/ˈsilmæhɑmːɑs/
sinekki,/ˈsinekːi/
sinitsa,/ˈsinit͡sɑ/
sinisorokka,/ˈsinisorokːɑ/
sipuli,/ˈsipuli/
sinkkikarta,/ˈsiŋkːikɑrtɑ/
sisarukset,/ˈsisɑrukset/
siniin,/ˈsinine/
sisarut,/ˈsisɑrut/
sistematiceskoi,/ˈsistemɑtit͡ʃeskoi̯/
sisarekset,/ˈsisɑrekset/
sises,/ˈsisesːæ/
siso,/ˈsiso/
sitetä,/ˈsitetæ/
sittanäri,/ˈsitːɑnæri/
sisäpooli,/ˈsisæpoːli/
sivuluu,/ˈsiʋuluː/
sittapata,/ˈsitːɑpɑtɑ/
sittapöröläin,/ˈsitːɑpørølæi̯ne/
sittua,/ˈsitːuɑ/
skiletti,/ˈskiletːi/
slaavia,/ˈslɑːʋiɑ/
sivu,/ˈsiʋu/
sloga,/ˈsloɡɑ/
sivuosa,/ˈsiʋuosɑ/
skripka,/ˈskripkɑ/
slogatoin,/ˈsloɡɑtoi̯n/
slona,/ˈslonɑ/
sliivipuu,/ˈsliːʋipuː/
Soikkola,/ˈsoi̯kːolɑ/
soikkolain,/ˈsoi̯kːolɑi̯ne/
soitella,/ˈsoi̯telːɑ/
soglasnoi,/ˈsoɡlɑsnoi̯/
soittaja,/ˈsoi̯tːɑjɑ/
sokko,/ˈsokːo/
sokkaluu,/ˈsokːɑluː/
sooboli,/ˈsoːboli/
sooja,/ˈsoːjɑ/
soojamaito,/ˈsoːjɑmɑi̯to/
soola,/ˈsoːlɑ/
soolaheinä,/ˈsoːlɑhei̯næ/
soomakko,/ˈsoːmɑkːo/
soomukas,/ˈsoːmukɑs/
soomus,/ˈsoːmus/
sookulikka,/ˈsoːkulikːɑ/
soojast,/ˈsoːjɑstɑ/
soolata,/ˈsoːlɑtɑ/
sooniitty,/ˈsoːniːtːy/
soppia,/ˈsopiɑ/
soovotta,/ˈsoːʋotːɑ/
sooniin,/ˈsoːnine/
sooniin,/ˈsoːniːn/
sorrialuin,/ˈsoriɑlui̯ne/
sopottaa,/ˈsopotːɑː/
sorsa,/ˈsorsɑ/
sopu,/ˈsopu/
sotalaiva,/ˈsotɑlɑi̯ʋɑ/
sortaa,/ˈsortɑː/
sorkka,/ˈsorkːɑ/
sotsialisticeskoi,/ˈsot͡siɑlistit͡ʃeskoi̯/
sotkia,/ˈsotkiɑ/
sotkia,/ˈsotkijɑ/
staakka,/ˈstɑːkːɑ/
stafka,/ˈstɑfkɑ/
sovhoza,/ˈsoʋhozɑ/
spicka,/ˈspit͡ʃkɑ/
stantsia,/ˈstɑnt͡siɑ/
staruhha,/ˈstɑruxːɑ/
Stepana,/ˈstepɑnɑ/
stokana,/ˈstokɑnɑ/
stooli,/ˈstoːli/
staraittaa,/ˈstɑrɑi̯tːɑː/
strelkka,/ˈstrelkːɑ/
strastnoi,/ˈstrɑstnoi̯/
sudja,/ˈsudjɑ/
strelocnikka,/ˈstrelot͡ʃnikːɑ/
strojenja,/ˈstrojenjɑ/
suitset,/ˈsui̯t͡set/
suenliika,/ˈsuenliːkɑ/
suisto,/ˈsui̯sto/
suenleeka,/ˈsuenleːkɑ/
sukka,/ˈsukːɑ/
summa,/ˈsumːɑ/
sulattaa,/ˈsulɑtːɑː/
sulkapoduška,/ˈsulkɑpoduʃkɑ/
surmata,/ˈsurmɑtɑ/
Suomi,/ˈsuomi/
suru,/ˈsuru/
susi,/ˈsusi/
surra,/ˈsurːɑ/
suu,/ˈsuː/
suurimikko,/ˈsuːrimikːo/
suurustaa,/ˈsuːrustɑː/
suursummain,/ˈsuːrsumːɑi̯ne/
suvi,/ˈsuʋi/
suvattava,/ˈsuʋɑtːɑʋɑ/
svojakka,/ˈsʋojɑkːɑ/
svaana,/ˈsʋɑːnɑ/
syksynnä,/ˈsyksynːæ/
syleksennellä,/ˈsyleksenːelːæ/
syli,/ˈsyli/
syksyyl,/ˈsyksylːæ/
syksähtää,/ˈsyksæhtæː/
synniin,/ˈsynːine/
sylipuu,/ˈsylipuː/
syntymäpäivä,/ˈsyntymæpæi̯ʋæ/
sylkiä,/ˈsylkiæ/
sysi,/ˈsysi/
syrjä,/ˈsyrjæ/
syy,/ˈsyː/
syventää,/ˈsyʋentæː/
sysälikko,/ˈsysælikːo/
Sämpsä,/ˈsæmpsæ/
säkki,/ˈsækːi/
Sämpsänä,/ˈsæmpsænæ/
sänky,/ˈsæŋky/
syänmuna,/ˈsyænmunɑ/
särvi,/ˈsærʋi/
säynes,/ˈsæy̯nes/
sääri,/ˈsæːri/
sääski,/ˈsæːski/
sääskö,/ˈsæːskø/
sööjä,/ˈsøːjæ/
sööttiissä,/ˈsøːtːiːsːæ/
söövvä,/ˈsyʋːæ/
šahmatat,/ˈʃɑhmɑtɑt/
šaarikka,/ˈʃɑːrikːɑ/
šaara,/ˈʃɑːrɑ/
söömäkerus,/ˈsøːmækerus/
šnurkka,/ˈʃnurkːɑ/
škeettikka,/ˈʃkeːtːikːɑ/
šestidnevka,/ˈʃestidneʋkɑ/
šolikkoa,/ˈʃolikːoɑ/
šaškalauta,/ˈʃɑʃkɑlɑu̯tɑ/
šolkka,/ˈʃolkːɑ/
šotka,/ˈʃotkɑ/
šolkata,/ˈʃolkɑtɑ/
šulkkuin,/ˈʃulkːui̯ne/
šulkkuin,/ˈʃulkːui̯n/
šulkkupolle,/ˈʃulkːupolːe/
šuuba,/ˈʃuːbɑ/
šuutka,/ˈʃuːtkɑ/
šuutkuri,/ˈʃuːtkuri/
šulkku,/ˈʃulkːu/
štaatta,/ˈʃtɑːtːɑ/
taata,/ˈtɑɑtɑ/
taakka,/ˈtɑːkːɑ/
tacka,/ˈtɑt͡ʃkɑ/
taazi,/ˈtɑːzi/
taekoorma,/ˈtɑekoːrmɑ/
tahmia,/ˈtɑhmiɑ/
tahra,/ˈtɑhrɑ/
tabakerkka,/ˈtɑbɑkerkːɑ/
tahkoissa,/ˈtɑhkoi̯sːɑ/
taikaa,/ˈtɑi̯kɑː/
taetoin,/ˈtɑetoi̯n/
tahto,/ˈtɑhto/
taika,/ˈtɑi̯kɑ/
tahko,/ˈtɑhko/
taikipytty,/ˈtɑi̯kipytːy/
taikinamarja,/ˈtɑi̯kinɑmɑrjɑ/
takakelkka,/ˈtɑkɑkelkːɑ/
taittaa,/ˈtɑi̯tːɑː/
taimilava,/ˈtɑi̯milɑʋɑ/
taitella,/ˈtɑi̯telːɑ/
takanna,/ˈtɑkɑnːɑ/
taivaanraja,/ˈtɑi̯ʋɑːnrɑjɑ/
takas,/ˈtɑkɑs/
takatalvi,/ˈtɑkɑtɑlʋi/
takaks,/ˈtɑkɑkse/
takapaju,/ˈtɑkɑpɑju/
takoja,/ˈtɑkojɑ/
tallata,/ˈtɑlːɑtɑ/
takkuus,/ˈtɑkuːs/
tallukkain,/ˈtɑlːukːɑi̯ne/
tallukka,/ˈtɑlːukːɑ/
talviaika,/ˈtɑlʋiɑi̯kɑ/
talo,/ˈtɑlo/
talvitee,/ˈtɑlʋiteː/
talviuni,/ˈtɑlʋiuni/
talvikaatiat,/ˈtɑlʋikɑːtiɑt/
tammilauta,/ˈtɑmːilɑu̯tɑ/
tamma,/ˈtɑmːɑ/
talvipäivä,/ˈtɑlʋipæi̯ʋæ/
tammisarka,/ˈtɑmːisɑrkɑ/
tamožnoi,/ˈtɑmoʒnoi̯/
tantsittaa,/ˈtɑnt͡sitːɑː/
tantsu,/ˈtɑnt͡su/
tapa,/ˈtɑpɑ/
tankki,/ˈtɑŋkːi/
tanvas,/ˈtɑnɑʋɑ/
tapahos,/ˈtɑpɑos/
tappelo,/ˈtɑpːelo/
tapahus,/ˈtɑpɑus/
tappura,/ˈtɑpːurɑ/
tareta,/ˈtɑretɑ/
tappelu,/ˈtɑpːelu/
tarakkana,/ˈtɑrɑkːɑnɑ/
tarhas,/ˈtɑrɑs/
tarkastaa,/ˈtɑrkɑstɑː/
tarita,/ˈtɑritɑ/
tarkoitella,/ˈtɑrkoi̯telːɑ/
tarkoittaa,/ˈtɑrkoi̯tːɑː/
taritsija,/ˈtɑrit͡sijɑ/
tarvis,/ˈtɑrʋis/
tarkka,/ˈtɑrkːɑ/
taus,/ˈtɑu̯s/
tarvita,/ˈtɑrʋitɑ/
tavara,/ˈtɑʋɑrɑ/
tavveta,/ˈtɑʋːetɑ/
tavalliin,/ˈtɑʋɑlːine/
tausagьz,/ˈtɑu̯ ˈsɑɡɨz/
tehnikuma,/ˈtehnikumɑ/
teenata,/ˈteːnɑtɑ/
tehhä,/ˈtexːæ/
tehtävä,/ˈtehtæʋæ/
telefona,/ˈtelefonɑ/
telefonalanka,/ˈtelefonɑlɑŋkɑ/
telegramma,/ˈteleɡrɑmːɑ/
terva,/ˈterʋɑ/
tervamees,/ˈterʋɑmeːs/
televizora,/ˈteleʋizorɑ/
temmata,/ˈtemːɑtɑ/
tempoa,/ˈtempoɑ/
tervehys,/ˈterʋehys/
tihimpää,/ˈtihimpæː/
temppu,/ˈtempːu/
tihti,/ˈtihti/
teräs,/ˈteræs/
teräksiin,/ˈteræksine/
teräksiin,/ˈteræksiːn/
tihtii,/ˈtihtiː/
tihtii,/ˈtihtiːsːe/
tiitämätöin,/ˈtiːtæmætøi̯n/
tikuttaa,/ˈtikutːɑː/
tilkka,/ˈtilkːɑ/
tilppu,/ˈtilpːu/
tilkutella,/ˈtilkutelːɑ/
tippa,/ˈtipːɑ/
tikkatakkiain,/ˈtikːɑtɑkiɑi̯ne/
tiukku,/ˈtiu̯kːu/
tinkiä,/ˈtiŋkiæ/
tocka,/ˈtot͡ʃkɑ/
Timo,/ˈtimo/
tiukata,/ˈtiu̯kɑtɑ/
toisenlaajain,/ˈtoi̯senlɑːjɑi̯ne/
tohtia,/ˈtohtiɑ/
toin,/ˈtoi̯ne/
toin,/ˈtoi̯n/
toivoa,/ˈtoi̯ʋoɑ/
toittoaine,/ˈtoi̯tːoɑi̯ne/
toohikivi,/ˈtoːhikiʋi/
toohikatto,/ˈtoːhikɑtːo/
toohikontti,/ˈtoːhikontːi/
tontikkain,/ˈtontikːɑi̯ne/
toohitruba,/ˈtoːhitrubɑ/
toohivakka,/ˈtoːhiʋɑkːɑ/
toomain,/ˈtoːmɑi̯ne/
tookki,/ˈtoːkːi/
toomimarja,/ˈtoːmimɑrjɑ/
toohiversu,/ˈtoːhiʋersu/
toovva,/ˈtoːʋːɑ/
toppoli,/ˈtopːoli/
toppi,/ˈtopːi/
toohus,/ˈtoːhus/
toomuin,/ˈtoːmui̯ne/
torahammas,/ˈtorɑhɑmːɑs/
traktora,/ˈtrɑktorɑ/
toukka,/ˈtou̯kːɑ/
tora,/ˈtorɑ/
toukata,/ˈtou̯kɑtɑ/
trenki,/ˈtreŋki/
Troitsa,/ˈtroi̯t͡sɑ/
trappu,/ˈtrɑpːu/
Tropo,/ˈtropo/
travata,/ˈtrɑʋɑtɑ/
treska,/ˈtreskɑ/
troopikka,/ˈtroːpikːɑ/
tseppi,/ˈt͡sepːi/
tuhatta,/ˈtuhɑtːɑ/
tuhkapää,/ˈtuhkɑpæː/
tuhkuri,/ˈtuhkuri/
tuki,/ˈtuki/
tuhkain,/ˈtuhkɑi̯ne/
tulilintu,/ˈtulilintu/
tumma,/ˈtumːɑ/
tulokas,/ˈtulokɑs/
tulimato,/ˈtulimɑto/
tulekki,/ˈtulekːi/
tuntia,/ˈtuntiɑ/
tunnusmerkki,/ˈtunːusmerkːi/
tuntu,/ˈtuntu/
tundra,/ˈtundrɑ/
tuppi,/ˈtupːi/
turhaa,/ˈturhɑː/
turva,/ˈturʋɑ/
turnus,/ˈturnus/
turvekeko,/ˈturʋekeko/
turu,/ˈturu/
tusata,/ˈtusɑtɑ/
turve,/ˈturʋe/
tuttahus,/ˈtutːɑhus/
tusakas,/ˈtusɑkɑs/
tuulenhenki,/ˈtuːlenheŋki/
tuuvi,/ˈtuːʋi/
tuuca,/ˈtuːt͡ʃɑ/
tyltsä,/ˈtylt͡sæ/
tynki,/ˈtyŋki/
tykky,/ˈtykːy/
tuulisää,/ˈtuːlisæː/
tylppä,/ˈtylpːæ/
tyttärikkö,/ˈtytːærikːø/
tyttörukka,/ˈtytːørukːɑ/
tyvi,/ˈtyʋi/
tähen,/ˈtæhen/
tyttölaps,/ˈtytːølɑps/
täittyä,/ˈtæi̯tːyæ/
täitarha,/ˈtæi̯tɑrɑ/
täkäläin,/ˈtækælæi̯ne/
täintappaja,/ˈtæi̯ntɑpːɑjɑ/
täyttyä,/ˈtæy̯tːyæ/
tärkähtää,/ˈtærkæhtæː/
tääl,/ˈtæːlːæ/
tään,/ˈtæːn/
tänäpää,/ˈtænæpæː/
Tönttölä,/ˈtøntːølæ/
töönikka,/ˈtøːnikːɑ/
täytyä,/ˈtæy̯tyæ/
tööntää,/ˈtøːntæː/
tööpalkka,/ˈtøːpɑlkːɑ/
töö,/ˈtøː/
töötöin,/ˈtøːtøi̯n/
uar,/ˈuɑr/
tööriista,/ˈtøːriːstɑ/
udava,/ˈudɑʋɑ/
ugleroda,/ˈuɡlerodɑ/
uhluu,/ˈuhluː/
uhkiast,/ˈuhkiɑstɑ/
uhkua,/ˈuhkuɑ/
ujumalasti,/ˈujumɑlɑsti/
ujuttaa,/ˈujutːɑː/
ukonlookka,/ˈukonloːkːɑ/
ukontelki,/ˈukontelki/
uks,/ˈuks/
ulkopooli,/ˈulkopoːli/
ulissa,/ˈulisːɑ/
umpinain,/ˈumpinɑi̯ne/
uneksia,/ˈuneksiɑ/
umpisolmi,/ˈumpisolmi/
universitetta,/ˈuniʋersitetːɑ/
unenhätä,/ˈunenhætæ/
upota,/ˈupotɑ/
upražnenja,/ˈuprɑʒnenjɑ/
uniin,/ˈunine/
Ural,/ˈurɑl/
urissa,/ˈurisːɑ/
ussia,/ˈusiɑ/
ussia,/ˈusijɑ/
uto,/ˈuto/
urine,/ˈurine/
uulatti,/ˈuːlɑtːi/
uulitsa,/ˈuːlit͡sɑ/
uskoa,/ˈuskoɑ/
uulitsaal,/ˈuːlit͡sɑlːɑ/
uuttuin,/ˈuːtːui̯ne/
uuttuin,/ˈuːtːui̯n/
Uusjoulu,/ˈuːsjou̯lu/
uutiin,/ˈuːtine/
uuttuleipä,/ˈuːtːulei̯pæ/
uvaženja,/ˈuʋɑʒenjɑ/
vaaher,/ˈʋɑːher/
vaadulain,/ˈʋɑːdulɑi̯ne/
vaalia,/ˈʋɑːliɑ/
uutturahi,/ˈuːtːurɑhi/
vaate,/ˈʋɑːte/
uve,/ˈuʋe/
vaatoittaa,/ˈʋɑːtoi̯tːɑː/
vaattoittaa,/ˈʋɑːtːoi̯tːɑː/
vahinko,/ˈʋɑhiŋko/
vaapukka,/ˈʋɑːpukːɑ/
vahti,/ˈʋɑhti/
vahata,/ˈʋɑhɑtɑ/
vahva,/ˈʋɑhʋɑ/
vahvistama,/ˈʋɑhʋistɑmɑ/
vaihtua,/ˈʋɑi̯htuɑ/
vaijaa,/ˈʋɑjɑː/
vaik,/ˈʋɑi̯k/
vaikka,/ˈʋɑi̯kːɑ/
vaijuus,/ˈʋɑjuːs/
vajota,/ˈʋɑjotɑ/
vaimo,/ˈʋɑi̯mo/
vakahain,/ˈʋɑkɑhɑi̯ne/
vaikia,/ˈʋɑi̯kiɑ/
valella,/ˈʋɑlelːɑ/
vala,/ˈʋɑlɑ/
valita,/ˈʋɑlitɑ/
vakka,/ˈʋɑkːɑ/
vallaa,/ˈʋɑlɑː/
valkia,/ˈʋɑlkiɑ/
valmistaa,/ˈʋɑlmistɑː/
valssi,/ˈʋɑlsːi/
valkeus,/ˈʋɑlkeus/
vanhameeliin,/ˈʋɑnɑmeːline/
vanhatyttö,/ˈʋɑnɑtytːø/
vanhoittua,/ˈʋɑnoi̯tːuɑ/
valmis,/ˈʋɑlmis/
vankkurit,/ˈʋɑŋkːurit/
vannua,/ˈʋɑnːuɑ/
vannua,/ˈʋɑnuɑ/
vapaisus,/ˈʋɑpɑi̯sus/
vara,/ˈʋɑrɑ/
vapattaa,/ˈʋɑpɑtːɑː/
varajooni,/ˈʋɑrɑjoːni/
varamuna,/ˈʋɑrɑmunɑ/
varis,/ˈʋɑris/
varis,/ˈʋɑrisːɑ/
varislintu,/ˈʋɑrislintu/
varenja,/ˈʋɑrenjɑ/
varitauti,/ˈʋɑritɑu̯ti/
varjostaa,/ˈʋɑrjostɑː/
varjo,/ˈʋɑrjo/
varjota,/ˈʋɑrjotɑ/
varpaiset,/ˈʋɑrpɑi̯set/
vasikka,/ˈʋɑsikːɑ/
varskenkä,/ˈʋɑrsikeŋkæ/
varspihet,/ˈʋɑrsipihet/
vaskilauta,/ˈʋɑskilɑu̯tɑ/
vaski,/ˈʋɑski/
vastaa,/ˈʋɑstɑː/
vaskimato,/ˈʋɑskimɑto/
vastaranta,/ˈʋɑstɑrɑntɑ/
vasse,/ˈʋɑsːe/
vastavirta,/ˈʋɑstɑʋirtɑ/
vastikkää,/ˈʋɑstikæː/
vatruška,/ˈʋɑtruʃkɑ/
vatsa,/ˈʋɑt͡sɑ/
vauhti,/ˈʋɑu̯hti/
vatiera,/ˈʋɑtierɑ/
vatsakas,/ˈʋɑt͡sɑkɑs/
vavanjalka,/ˈʋɑʋɑnjɑlkɑ/
Veera,/ˈʋeːrɑ/
veel,/ˈʋeːl/
veenost,/ˈʋeːnostɑ/
veeraaks,/ˈʋeːrɑːkse/
veerukas,/ˈʋeːrukɑs/
veerais,/ˈʋeːrɑi̯sːɑ/
veesti,/ˈʋeːsti/
veerettää,/ˈʋeːretːæː/
veešalka,/ˈʋeːʃɑlkɑ/
Vehkasoo,/ˈʋehkɑsoː/
veeru,/ˈʋeːru/
veha,/ˈʋehɑ/
velka,/ˈʋelkɑ/
vehnäin,/ˈʋehnæi̯ne/
veiterä,/ˈʋei̯teræ/
vellain,/ˈʋelːɑi̯ne/
veitsi,/ˈʋei̯t͡si/
vennua,/ˈʋenuɑ/
vennä,/ˈʋenːæ/
vennänoora,/ˈʋenːænoːrɑ/
venäkkö,/ˈʋenækːø/
venokka,/ˈʋenokːɑ/
venäläin,/ˈʋenælæi̯ne/
Vera,/ˈʋerɑ/
verimato,/ˈʋerimɑto/
verha,/ˈʋerɑ/
verikammari,/ˈʋerikɑmːɑri/
veripallo,/ˈʋeripɑlːo/
veritauti,/ˈʋeritɑu̯ti/
verisooni,/ˈʋerisoːni/
veretöin,/ˈʋeretøi̯n/
veräjä,/ˈʋeræjæ/
vers,/ˈʋirsi/
vesiemä,/ˈʋesiemæ/
vesiemäntä,/ˈʋesiemæntæ/
versu,/ˈʋersu/
verövä,/ˈʋerøʋæ/
vesikaavi,/ˈʋesikɑːʋi/
vesiopokka,/ˈʋesiopokːɑ/
vesikulli,/ˈʋesikulːi/
vesseläst,/ˈʋesːelæstæ/
vesihöyry,/ˈʋesihøy̯ry/
vetka,/ˈʋetkɑ/
vesivilli,/ˈʋesiʋilːi/
vesselys,/ˈʋesːelys/
vetelys,/ˈʋetelys/
viha,/ˈʋihɑ/
vettyä,/ˈʋetːyæ/
viherä,/ˈʋiheræ/
veättää,/ˈʋeætːæː/
vihmakaari,/ˈʋihmɑkɑːri/
veto,/ˈʋeto/
vihmapäivä,/ˈʋihmɑpæi̯ʋæ/
viheltää,/ˈʋiheltæː/
viijeskymmenäs,/ˈʋiːjeskymːenæs/
viikolliin,/ˈʋiːkolːine/
vihko,/ˈʋihko/
viiliä,/ˈʋiːliæ/
viinamarja,/ˈʋiːnɑmɑrjɑ/
viholain,/ˈʋiholɑi̯ne/
vihta,/ˈʋihtɑ/
Viipuri,/ˈʋiːpuri/
viiruittaa,/ˈʋiːrui̯tːɑː/
viiru,/ˈʋiːru/
viisas,/ˈʋiːsɑs/
viittä,/ˈʋiːtːæ/
vika,/ˈʋikɑ/
viirukas,/ˈʋiːrukɑs/
vilahus,/ˈʋilɑhus/
vilkas,/ˈʋilkɑs/
villakukka,/ˈʋilːɑkukːɑ/
viksi,/ˈʋiksi/
viljä,/ˈʋiljæ/
vilkka,/ˈʋilkːɑ/
villapaita,/ˈʋilːɑpɑi̯tɑ/
villalammas,/ˈʋilːɑlɑmːɑs/
villakas,/ˈʋilːɑkɑs/
villaleve,/ˈʋilːɑleʋe/
vinka,/ˈʋiŋkɑ/
vingertää,/ˈʋiŋɡertæː/
virehtiä,/ˈʋirehtiæ/
vire,/ˈʋire/
villata,/ˈʋilːɑtɑ/
vinteli,/ˈʋinteli/
virite,/ˈʋirite/
vintovka,/ˈʋintofkɑ/
viro,/ˈʋiro/
virta,/ˈʋirtɑ/
vittu,/ˈʋitːu/
virittää,/ˈʋiritːæː/
vitsain,/ˈʋit͡sɑi̯ne/
voijella,/ˈʋoi̯jelːɑ/
viuhkaa,/ˈʋiu̯hkɑː/
vitsaaita,/ˈʋit͡sɑɑi̯tɑ/
voiliitti,/ˈʋoi̯liːtːi/
vladenja,/ˈʋlɑdenjɑ/
voikirnu,/ˈʋoi̯kirnu/
voitua,/ˈʋoi̯tuɑ/
voimistua,/ˈʋoi̯mistuɑ/
voituin,/ˈʋoi̯tui̯ne/
voiseeni,/ˈʋoi̯seːni/
voiska,/ˈʋoi̯skɑ/
voohi,/ˈʋoːhi/
vokalapohja,/ˈʋokɑlɑpohjɑ/
voonnain,/ˈʋoːnːɑi̯ne/
vooro,/ˈʋoːro/
voovvenvarsa,/ˈʋoːʋːenʋɑrsɑ/
vot,/ˈʋot/
vootta,/ˈʋoːtːɑ/
vurra,/ˈʋurːɑ/
votka,/ˈʋotkɑ/
vyyhtipuu,/ˈʋyːhtipuː/
vyyhti,/ˈʋyːhti/
vähentämiin,/ˈʋæhentæmine/
vähäramoin,/ˈʋæhærɑmoi̯ne/
vähälumiin,/ˈʋæhælumine/
väittää,/ˈʋæi̯tːæː/
vähämeeliin,/ˈʋæhæmeːline/
välin,/ˈʋælin/
väljää,/ˈʋæljæː/
väkkäräpuu,/ˈʋækːæræpuː/
välil,/ˈʋælilːæ/
värttänä,/ˈʋærtːænæ/
vällii,/ˈʋæliː/
vällii,/ˈʋæliːsːe/
västö,/ˈʋæstø/
västölintu,/ˈʋæstølintu/
väärys,/ˈʋæːrys/
Vökö,/ˈʋøkø/
yheksän,/ˈyheksæn/
yheksikkö,/ˈyheksikːø/
yhtehys,/ˈyhtehys/
yhenlain,/ˈyhenlɑi̯ne/
yhtää,/ˈyhtæː/
yhtein,/ˈyhtei̯ne/
yheksäntoist,/ˈyheksæntoi̯stɑ/
ykstoist,/ˈykstoi̯stɑ/
yksintää,/ˈyksintæː/
ylempäin,/ˈylempæi̯ne/
ykskolmatta,/ˈykskolmɑtːɑ/
ylileuka,/ˈylileu̯kɑ/
ylentää,/ˈylentæː/
ylemmäs,/ˈylemːæs/
ylläälle,/ˈylæːlːe/
yllää,/ˈylæː/
ylänkö,/ˈylæŋkø/
ylä,/ˈylæ/
yläselys,/ˈylæselys/
ympäröittää,/ˈympærøi̯tːæː/
yrittää,/ˈyritːæː/
ympyrkäin,/ˈympyrkæi̯ne/
ylpiä,/ˈylpiæ/
zanaveska,/ˈzɑnɑʋeskɑ/
zveeri,/ˈzʋeːri/
zoona,/ˈzoːnɑ/
ägrämöin,/ˈæɡræmøi̯ne/
žaarittaa,/ˈʒɑːritːɑː/
Äijäpyhä,/ˈæi̯jæpyhæ/
äijöin,/ˈæi̯jøi̯n/
žaalivoija,/ˈʒɑːliʋoi̯jɑ/
Äijäpäiväöö,/ˈæi̯jæpæi̯ʋæøː/
ängeli,/ˈæŋɡeli/
änkkelä,/ˈæŋkːelæ/
äkätä,/ˈækætæ/
ärnää,/ˈærnæː/
ätitöin,/ˈætitøi̯n/
ässä,/ˈæsːæ/
äänetöin,/ˈæːnetøi̯n/
äänekäs,/ˈæːnekæs/
äänisostava,/ˈæːnisostɑʋɑ/
ätälikko,/ˈætælikːo/
äänikeeli,/ˈæːnikeːli/
öksyä,/ˈøksyæ/
öökaus,/ˈøːkɑu̯s/
ööeitsi,/ˈøːei̯t͡si/
öölaakko,/ˈøːlɑːkːo/
öö,/ˈøː/
örinä,/ˈørinæ/
öölapakko,/ˈøːlɑpɑkːo/
aivan,/ˈɑi̯ʋɑn/
alemmas,/ˈɑlemːɑs/
ajatella,/ˈɑjɑtelːɑ/
alkua,/ˈɑlkuɑ/
alakuloin,/ˈɑlɑkuloi̯ne/
alkutulo,/ˈɑlkutulo/
ammultaa,/ˈɑmːultɑː/
allaal,/ˈɑlɑːlːɑ/
alaisin,/ˈɑlɑi̯sin/
allas,/ˈɑlːɑs/
ansoitella,/ˈɑnsoi̯telːɑ/
arkipäivä,/ˈɑrkipæi̯ʋæ/
arka,/ˈɑrkɑ/
anne,/ˈɑnːe/
arššina,/ˈɑrʃːinɑ/
astavoija,/ˈɑstɑʋoi̯jɑ/
atlassi,/ˈɑtlɑsːi/
avomeri,/ˈɑʋomeri/
arpuli,/ˈɑrpuli/
assia,/ˈɑsiɑ/
barabaanitella,/ˈbɑrɑbɑːnitelːɑ/
bygrä,/ˈbyɡræ/
buju,/ˈbuju/
cihissä,/ˈt͡ʃihisːæ/
cikertäjä,/ˈt͡ʃikertæjæ/
Daro,/ˈdɑro/
bocka,/ˈbot͡ʃkɑ/
doktori,/ˈdoktori/
durakka,/ˈdurɑkːɑ/
elokasvalkulain,/ˈelokɑsʋɑlkulɑi̯ne/
ehtiä,/ˈehtiæ/
emikko,/ˈemikːo/
cuma,/ˈt͡ʃumɑ/
elämiin,/ˈelæmine/
elämiin,/ˈelæmiːn/
ensimäiseks,/ˈensimæi̯sekse/
ennen,/ˈenːen/
erikko,/ˈerikːo/
eroittaissa,/ˈeroi̯tːɑi̯sːɑ/
emämuna,/ˈemæmunɑ/
esisana,/ˈesisɑnɑ/
eripainoin,/ˈeripɑi̯noi̯ne/
etähäin,/ˈetæhæi̯ne/
etes,/ˈetes/
etevä,/ˈeteʋæ/
garmoni,/ˈɡɑrmoni/
gornicnoi,/ˈɡornit͡ʃnoi̯/
gortsa,/ˈɡort͡sɑ/
haluta,/ˈhɑlutɑ/
haikottaa,/ˈhɑi̯kotːɑː/
harkki,/ˈhɑrkːi/
haro,/ˈhɑro/
hapannoittaa,/ˈhɑpɑnːoi̯tːɑː/
hapantua,/ˈhɑpɑntuɑ/
havahtua,/ˈhɑʋɑhtuɑ/
helähytellä,/ˈhelæhytelːæ/
hengätä,/ˈheŋɡætæ/
heinäsaraja,/ˈhei̯næsɑrɑjɑ/
hiestyä,/ˈhiestyæ/
havaita,/ˈhɑʋɑi̯tɑ/
helähtää,/ˈhelæhtæː/
hohlikko,/ˈhohlikːo/
hiirakka,/ˈhiːrɑkːɑ/
hiisi,/ˈhiːsi/
hohlittaa,/ˈhohlitːɑː/
honkapetäjä,/ˈhoŋkɑpetæjæ/
hoodra,/ˈhoːdrɑ/
huitsuttaa,/ˈhui̯t͡sutːɑː/
hovilain,/ˈhoʋilɑi̯ne/
hoopakenkä,/ˈhoːpɑkeŋkæ/
hummar,/ˈhumːɑr/
hypittää,/ˈhypitːæː/
hypätä,/ˈhypætæ/
hyymä,/ˈhyːmæ/
häylyä,/ˈhæy̯lyæ/
hupelo,/ˈhupelo/
hänelle,/ˈhænelːe/
hämärtää,/ˈhæmærtæː/
ilman,/ˈilmɑn/
höbliä,/ˈhøbliæ/
höbliä,/ˈhøblijæ/
imettää,/ˈimetːæː/
iimenaiset,/ˈiːmenɑi̯set/
ikähiin,/ˈikæhine/
Indokitaja,/ˈindokitɑjɑ/
istuissa,/ˈistui̯sːɑ/
istuussa,/ˈistuːsːɑ/
inmihiin,/ˈinmihine/
irissä,/ˈirisːæ/
inessiva,/ˈinesːiʋɑ/
jaanimato,/ˈjɑːnimɑto/
ItäEuroppa,/ˈitæeu̯ropːɑ/
jalkatauti,/ˈjɑlkɑtɑu̯ti/
jalalle,/ˈjɑlɑlːe/
janvarikuu,/ˈjɑnʋɑrikuː/
Ivana,/ˈiʋɑnɑ/
jauhottaa,/ˈjɑu̯hotːɑː/
jolkka,/ˈjolkːɑ/
joutsut,/ˈjou̯t͡sut/
jeppiskoppi,/ˈjepːiskopːi/
jermakka,/ˈjermɑkːɑ/
jälkisana,/ˈjælkisɑnɑ/
jurtta,/ˈjurtːɑ/
jälel,/ˈjælelːæ/
jäsen,/ˈjæsen/
jyryttää,/ˈjyrytːæː/
jälelt,/ˈjæleltæ/
jää,/ˈjæː/
kaglapiiluu,/ˈkɑɡlɑpiːluː/
kaara,/ˈkɑːrɑ/
kaappi,/ˈkɑːpːi/
kahenlain,/ˈkɑhenlɑi̯ne/
kakku,/ˈkɑkːu/
kaivata,/ˈkɑi̯ʋɑtɑ/
kakstoist,/ˈkɑkstoi̯stɑ/
kalamees,/ˈkɑlɑmeːs/
kaglaosa,/ˈkɑɡlɑosɑ/
Kanada,/ˈkɑnɑdɑ/
karassibocka,/ˈkɑrɑsːibot͡ʃkɑ/
kalkki,/ˈkɑlkːi/
katol,/ˈkɑtolːɑ/
karpolo,/ˈkɑrpolo/
keeltää,/ˈkeːltæː/
keltarinta,/ˈkeltɑrintɑ/
keltavästö,/ˈkeltɑʋæstø/
karstavoije,/ˈkɑrstɑʋoi̯je/
keltain,/ˈkeltɑi̯ne/
kerrääjä,/ˈkeræːjæ/
kerralle,/ˈkerːɑlːe/
Kikoria,/ˈkikoriɑ/
kirahuttaa,/ˈkirɑhutːɑː/
kiintiäst,/ˈkiːntiæstæ/
kirjakans,/ˈkirjɑkɑns/
kili,/ˈkili/
kesäaika,/ˈkesæɑi̯kɑ/
kivekäs,/ˈkiʋekæs/
Kitaja,/ˈkitɑjɑ/
kivikippu,/ˈkiʋikipːu/
kliimatta,/ˈkliːmɑtːɑ/
kolrabi,/ˈkolrɑbi/
kirkka,/ˈkirkːɑ/
koma,/ˈkomɑ/
kommunista,/ˈkomːunistɑ/
komparativa,/ˈkompɑrɑtiʋɑ/
kons,/ˈkons/
koltkolmatta,/ˈkoltkolmɑtːɑ/
konservat,/ˈkonserʋɑt/
kopjo,/ˈkopjo/
koolla,/ˈkoːlːɑ/
kormuna,/ˈkormunɑ/
kosa,/ˈkosɑ/
koristaa,/ˈkoristɑː/
korolintu,/ˈkorolintu/
Koskiset,/ˈkoskiset/
kräntsi,/ˈkrænt͡si/
kozeri,/ˈkozeri/
kukkua,/ˈkukːuɑ/
kraaska,/ˈkrɑːskɑ/
kultain,/ˈkultɑi̯ne/
krappuissa,/ˈkrɑpui̯sːɑ/
kunne,/ˈkunːe/
kuponi,/ˈkuponi/
kumpain,/ˈkumpɑi̯ne/
kutsu,/ˈkut͡su/
kurttaa,/ˈkurtːɑː/
kuurnitsa,/ˈkuːrnit͡sɑ/
kurtella,/ˈkurtelːɑ/
kuulustaa,/ˈkuːlustɑː/
kutuhaili,/ˈkutuhɑi̯li/
kuusipäre,/ˈkuːsipære/
kylellää,/ˈkylelːæː/
kuveliha,/ˈkuʋelihɑ/
kuvittaa,/ˈkuʋitːɑː/
kylänluku,/ˈkylænluku/
kyntää,/ˈkyntæː/
kylmä,/ˈkylmæ/
käskytöö,/ˈkæskytøː/
kyyttö,/ˈkyːtːø/
käkö,/ˈkækø/
laa,/ˈlɑː/
kävelykeppi,/ˈkæʋelykepːi/
lahantka,/ˈlɑhɑntkɑ/
kärsä,/ˈkærsæ/
lammia,/ˈlɑmiɑ/
lapsi,/ˈlɑpsi/
lahjoittaa,/ˈlɑhjoi̯tːɑː/
lammaskarja,/ˈlɑmːɑskɑrjɑ/
lapsukkain,/ˈlɑpsukːɑi̯ne/
lastikka,/ˈlɑstikːɑ/
laukka,/ˈlɑu̯kːɑ/
leikattu,/ˈlei̯kɑtːu/
laulu,/ˈlɑu̯lu/
lautta,/ˈlɑu̯tːɑ/
leinata,/ˈlei̯nɑtɑ/
lentävälaps,/ˈlentæʋælɑps/
lemissä,/ˈlemisːæ/
lello,/ˈlelːo/
leskimees,/ˈleskimeːs/
leikko,/ˈlei̯kːo/
levätä,/ˈleʋætæ/
liivamytty,/ˈliːʋɑmytːy/
liitsaal,/ˈliːt͡sɑlːɑ/
looti,/ˈloːti/
linja,/ˈlinjɑ/
linnakko,/ˈlinːɑkːo/
lounain,/ˈlou̯nɑi̯ne/
loottiissa,/ˈloːtːiːsːɑ/
liukata,/ˈliu̯kɑtɑ/
lippu,/ˈlipːu/
loukku,/ˈlou̯kːu/
luikko,/ˈlui̯kːo/
lukija,/ˈlukijɑ/
lämmetä,/ˈlæmːetæ/
lypsää,/ˈlypsæː/
lämmitä,/ˈlæmːitæ/
lumimäki,/ˈlumimæki/
maailman,/ˈmɑːilmɑn/
maanpääliin,/ˈmɑːnpæːline/
lässiä,/ˈlæsiæ/
maakangas,/ˈmɑːkɑŋɡɑs/
mahtua,/ˈmɑhtuɑ/
maistaa,/ˈmɑi̯stɑː/
mahutella,/ˈmɑhutelːɑ/
maamunakookka,/ˈmɑːmunɑkoːkːɑ/
materiala,/ˈmɑteriɑlɑ/
maitouuttu,/ˈmɑi̯touːtːu/
matkut,/ˈmɑtkut/
meijet,/ˈmei̯jet/
marjapehko,/ˈmɑrjɑpehko/
meestä,/ˈmeːstæ/
metso,/ˈmet͡so/
merielokas,/ˈmerielokɑs/
metsäkili,/ˈmet͡sækili/
metsätäti,/ˈmet͡sætæti/
miljona,/ˈmiljonɑ/
mitta,/ˈmitːɑ/
milläin,/ˈmilːæi̯ne/
morski,/ˈmorski/
miun,/ˈmiu̯n/
moittia,/ˈmoi̯tːiɑ/
muissuttaa,/ˈmui̯sːutːɑː/
muistavalliin,/ˈmui̯stɑʋɑlːine/
muskuli,/ˈmuskuli/
muuzьkka,/ˈmuːzɨkːɑ/
murniin,/ˈmurniːn/
muutto,/ˈmuːtːo/
mätäpää,/ˈmætæpæː/
mörnäksennellä,/ˈmørnæksenːelːæ/
naakka,/ˈnɑːkːɑ/
mätäs,/ˈmætæs/
nagriskapusta,/ˈnɑɡriskɑpustɑ/
möötä,/ˈmøːtæ/
nakku,/ˈnɑkːu/
nahkasiippo,/ˈnɑhkɑsiːpːo/
neiti,/ˈnei̯ti/
nas,/ˈnɑsːɑ/
nahkasiipi,/ˈnɑhkɑsiːpi/
nast,/ˈnɑstɑ/
niittää,/ˈniːtːæː/
niiska,/ˈniːskɑ/
notko,/ˈnotko/
noiso,/ˈnoi̯so/
nyrkki,/ˈnyrkːi/
nisu,/ˈnisu/
nännä,/ˈnænːæ/
nälkänoita,/ˈnælkænoi̯tɑ/
noor,/ˈnoːr/
ohjata,/ˈohjɑtɑ/
ohotta,/ˈohotːɑ/
odra,/ˈodrɑ/
ojata,/ˈojɑtɑ/
olkimytty,/ˈolkimytːy/
näät,/ˈnæːt/
olt,/ˈolt/
oopьtta,/ˈoːpɨtːɑ/
osata,/ˈosɑtɑ/
olimma,/ˈolimːɑ/
osittee,/ˈositːeː/
ounapuu,/ˈou̯nɑpuː/
pahain,/ˈpɑhɑi̯ne/
painotoin,/ˈpɑi̯notoi̯n/
paissahtaa,/ˈpɑi̯sːɑhtɑː/
paltti,/ˈpɑltːi/
Oto,/ˈotoi̯/
padeža,/ˈpɑdeʒɑ/
paravoza,/ˈpɑrɑʋozɑ/
paksu,/ˈpɑksu/
pariskunta,/ˈpɑriskuntɑ/
parsi,/ˈpɑrsi/
pehmitös,/ˈpehmitøs/
parahoda,/ˈpɑrɑhodɑ/
palvata,/ˈpɑlʋɑtɑ/
peremees,/ˈperemeːs/
pelsimet,/ˈpelsimet/
peeniks,/ˈpeːnikse/
peräjälkiä,/ˈperæjælkiæ/
persikka,/ˈpersikːɑ/
pertti,/ˈpertːi/
peregnoi,/ˈpereɡnoi̯/
peukolo,/ˈpeu̯kolo/
perätystee,/ˈperætysteː/
piimä,/ˈpiːmæ/
piirakat,/ˈpiːrɑkɑt/
pettypiimä,/ˈpetːypiːmæ/
petkele,/ˈpetkele/
pilluri,/ˈpilːuri/
pintamaanalus,/ˈpintɑmɑːnɑlus/
pikkaruikkuin,/ˈpikːɑrui̯kːui̯ne/
pitentää,/ˈpitentæː/
plikata,/ˈplikɑtɑ/
pohjimain,/ˈpohjimɑi̯ne/
pisse,/ˈpisːe/
plotina,/ˈplotinɑ/
poissi,/ˈpoi̯sːi/
pohmeloittaa,/ˈpohmeloi̯tːɑː/
poikkee,/ˈpoi̯kːeː/
poolosti,/ˈpoːlosti/
pribora,/ˈpriborɑ/
poskipää,/ˈposkipæː/
puinna,/ˈpui̯nːɑ/
pulmalaulu,/ˈpulmɑlɑu̯lu/
punapääopokka,/ˈpunɑpæːopokːɑ/
pritana,/ˈpritɑnɑ/
prostoi,/ˈprostoi̯/
pusertaa,/ˈpusertɑː/
pyhänpanekki,/ˈpyhænpɑnekːi/
puristaa,/ˈpuristɑː/
pyy,/ˈpyː/
päivälintu,/ˈpæi̯ʋælintu/
punnoa,/ˈpunːoɑ/
päähiäin,/ˈpæːhijæi̯ne/
pärepuu,/ˈpærepuː/
pätkä,/ˈpætkæ/
pääl,/ˈpæːlːæ/
pärnä,/ˈpærnæ/
päätauti,/ˈpæːtɑu̯ti/
pääskylintu,/ˈpæːskylintu/
päähkänäpuu,/ˈpæːhkænæpuː/
pörömälliin,/ˈpørømælːine/
pään,/ˈpæːn/
rae,/ˈrɑe/
pöllyin,/ˈpølːyi̯ne/
pöllyin,/ˈpølːyi̯n/
rakentaa,/ˈrɑkentɑː/
rahakukkoro,/ˈrɑhɑkukːoro/
rahvas,/ˈrɑhʋɑs/
raae,/ˈrɑːe/
rantatee,/ˈrɑntɑteː/
rapa,/ˈrɑpɑ/
rampa,/ˈrɑmpɑ/
rasvakas,/ˈrɑsʋɑkɑs/
ravata,/ˈrɑʋɑtɑ/
Reimisaari,/ˈrei̯misɑːri/
raskas,/ˈrɑskɑs/
reteli,/ˈreteli/
reunimain,/ˈreu̯nimɑi̯ne/
riijellä,/ˈriːjelːæ/
rihmakaarto,/ˈrihmɑkɑːrto/
razdela,/ˈrɑzdelɑ/
rohokas,/ˈrohokɑs/
rissimä,/ˈrisːimæ/
rove,/ˈroʋe/
ripsu,/ˈripsu/
ruhvi,/ˈruhʋi/
rooku,/ˈroːku/
rysävene,/ˈrysæʋene/
rystys,/ˈrystys/
rььžoi,/ˈrɨːʒoi̯/
röhkiä,/ˈrøhkiæ/
saauttaa,/ˈsɑːutːɑː/
sapsu,/ˈsɑpsu/
saha,/ˈsɑhɑ/
saraja,/ˈsɑrɑjɑ/
sammal,/ˈsɑmːɑl/
saraffana,/ˈsɑrɑfːɑnɑ/
saviin,/ˈsɑʋine/
satuloittaa,/ˈsɑtuloi̯tːɑː/
savvuta,/ˈsɑʋːutɑ/
seestaraisripsu,/ˈseːstɑrɑi̯sripsu/
selsovetti,/ˈselsoʋetːi/
sebra,/ˈsebrɑ/
seisohtaa,/ˈsei̯sohtɑː/
siansorkka,/ˈsiɑnsorkːɑ/
seilata,/ˈsei̯lɑtɑ/
siima,/ˈsiːmɑ/
semmoin,/ˈsemːoi̯ne/
siint,/ˈsiːntæ/
sisusorgana,/ˈsisusorɡɑnɑ/
sliivi,/ˈsliːʋi/
silta,/ˈsiltɑ/
sikuri,/ˈsikuri/
soeta,/ˈsoetɑ/
sohva,/ˈsohʋɑ/
sinis,/ˈsinis/
sokkia,/ˈsokiɑ/
sokkia,/ˈsokːijɑ/
sormenpäähiäin,/ˈsormenpæːhijæi̯ne/
sotamees,/ˈsotɑmeːs/
soittaa,/ˈsoi̯tːɑː/
sotaväki,/ˈsotɑʋæki/
stiha,/ˈstihɑ/
suto,/ˈsuto/
starikka,/ˈstɑrikːɑ/
sukunimi,/ˈsukunimi/
suurlukuin,/ˈsuːrlukui̯ne/
Suurpyhä,/ˈsuːrpyhæ/
sukurikukka,/ˈsukurikukːɑ/
suuremp,/ˈsuːrempi/
suuto,/ˈsuːto/
suvvaamiin,/ˈsuʋɑːmine/
synni,/ˈsynːi/
syvä,/ˈsyʋæ/
säkille,/ˈsækilːe/
sänki,/ˈsæŋki/
šnääkki,/ˈʃnæːkːi/
säyne,/ˈsæy̯ne/
šolkkia,/ˈʃolkːiɑ/
šolkkia,/ˈʃolkːijɑ/
šutti,/ˈʃutːi/
taale,/ˈtɑːle/
šolissa,/ˈʃolisːɑ/
söötellä,/ˈsøːtelːæ/
talja,/ˈtɑljɑ/
taas,/ˈtɑːs/
talkkuna,/ˈtɑlkːunɑ/
tammipäähkänä,/ˈtɑmːipæːhkænæ/
tappimet,/ˈtɑpːimet/
tarkkaa,/ˈtɑrkːɑː/
terve,/ˈterʋe/
tiijustaa,/ˈtiːjustɑː/
tiippa,/ˈtiːpːɑ/
toest,/ˈtoestɑ/
too,/ˈtoː/
toittaa,/ˈtoi̯tːɑː/
toohimerta,/ˈtoːhimertɑ/
toittu,/ˈtoi̯tːu/
tilkuttaa,/ˈtilkutːɑː/
torgumees,/ˈtorɡumeːs/
tsifra,/ˈt͡sifrɑ/
toore,/ˈtoːre/
tunnustaa,/ˈtunːustɑː/
tsirkka,/ˈt͡sirkːɑ/
tuntomerkki,/ˈtuntomerkːi/
tuulla,/ˈtuːlːɑ/
tytökkäin,/ˈtytøkːæi̯ne/
tänäpäiväin,/ˈtænæpæi̯ʋæi̯ne/
tänäpään,/ˈtænæpæːn/
tuttava,/ˈtutːɑʋɑ/
udarnikka,/ˈudɑrnikːɑ/
törkätä,/ˈtørkætæ/
uijua,/ˈujuɑ/
tööreki,/ˈtøːreki/
törissä,/ˈtørisːæ/
uksi,/ˈuksi/
unekas,/ˈunekɑs/
upotos,/ˈupoːtos/
uupakas,/ˈuːpɑkɑs/
umpikulju,/ˈumpikulju/
vaadu,/ˈʋɑːdu/
vahvissella,/ˈʋɑhʋisːelːɑ/
vahvus,/ˈʋɑhʋus/
vaivakas,/ˈʋɑi̯ʋɑkɑs/
vajeta,/ˈʋɑjetɑ/
vanhentua,/ˈʋɑnentuɑ/
vai,/ˈʋɑi̯/
vanhentaa,/ˈʋɑnentɑː/
varistaa,/ˈʋɑristɑː/
valkiaas,/ˈʋɑlkiɑsːɑ/
valjastaa,/ˈʋɑljɑstɑː/
varastaa,/ˈʋɑrɑstɑː/
vannepyssy,/ˈʋɑnːepysːy/
vaskinyblä,/ˈʋɑskinyblæ/
veetellä,/ˈʋeːtelːæ/
vemmel,/ˈʋemːel/
vassakkaisest,/ˈʋɑsːɑkːɑi̯sestɑ/
venästyä,/ˈʋenæstyæ/
vene,/ˈʋene/
veräjäpuu,/ˈʋeræjæpuː/
vesa,/ˈʋesɑ/
Vennäenmaa,/ˈʋenæːnmɑː/
viimevootiin,/ˈʋiːmeʋoːtine/
vesiheinä,/ˈʋesihei̯næ/
vesimylly,/ˈʋesimylːy/
viimäin,/ˈʋiːmæi̯ne/
vitsa,/ˈʋit͡sɑ/
vihmoa,/ˈʋihmoɑ/
vetelä,/ˈʋetelæ/
viitta,/ˈʋiːtːɑ/
voona,/ˈʋoːnɑ/
voovvelt,/ˈʋoːʋːeltɑ/
väljä,/ˈʋæljæ/
värissä,/ˈʋærisːæ/
vyyhtiä,/ˈʋyːhtiæ/
väry,/ˈʋæry/
yhtperrää,/ˈyhtperæː/
ylemmääl,/ˈylemːælːæ/
väsyttää,/ˈʋæsytːæː/
västärö,/ˈʋæstærø/
yliripsut,/ˈyliripsut/
yhtäperrää,/ˈyhtæperæː/
ympäriil,/ˈympærilːe/
äkkinäin,/ˈækːinæi̯ne/
äly,/ˈæly/
yliotsa,/ˈyliot͡sɑ/
žaalivoittaa,/ˈʒɑːliʋoi̯tːɑː/
ätälikkö,/ˈætælikːø/
äärees,/ˈæːresːæ/
zaliva,/ˈzɑliʋɑ/
emäavanto,/ˈemæɑʋɑnto/
boksu,/ˈboksu/
foona,/ˈfoːnɑ/
eitse,/ˈei̯t͡se/
bumažnikka,/ˈbumɑʒnikːɑ/
ettää,/ˈetæː/
habrastava,/ˈhɑbrɑstɑʋɑ/
furažka,/ˈfurɑʒkɑ/
hiljain,/ˈhiljɑi̯ne/
heristää,/ˈheristæː/
hallihyle,/ˈhɑlːihyle/
hoomus,/ˈhoːmus/
ihmata,/ˈihmɑtɑ/
iso,/ˈiso/
heinäkeko,/ˈhei̯nækeko/
jano,/ˈjɑno/
kalanmarja,/ˈkɑlɑnmɑrjɑ/
kambakala,/ˈkɑmbɑkɑlɑ/
kannut,/ˈkɑnːut/
jaati,/ˈjɑːti/
keertää,/ˈkeːrtæː/
kesävilla,/ˈkesæʋilːɑ/
hoovvata,/ˈhoːʋːɑtɑ/
kirkas,/ˈkirkɑs/
katuška,/ˈkɑtuʃkɑ/
kirjasuma,/ˈkirjɑsumɑ/
kletkatetretti,/ˈkletkɑtetretːi/
koivumetsä,/ˈkoi̯ʋumet͡sæ/
kuivahua,/ˈkui̯ʋɑhuɑ/
koolleentöö,/ˈkoːlːeːntøː/
kummartaa,/ˈkumːɑrtɑː/
kuuluisa,/ˈkuːlui̯sɑ/
kokkaleuka,/ˈkokːɑleu̯kɑ/
kyynelkuu,/ˈkyːnelkuː/
koomina,/ˈkoːminɑ/
kylmys,/ˈkylmys/
laisus,/ˈlɑi̯sus/
leppäseeni,/ˈlepːæseːni/
latinalain,/ˈlɑtinɑlɑi̯ne/
leekuttaa,/ˈleːkutːɑː/
lepytellä,/ˈlepytelːæ/
lupaus,/ˈlupɑus/
maasavi,/ˈmɑːsɑʋi/
meinnä,/ˈmei̯nːæ/
meglata,/ˈmeɡlɑtɑ/
mancikkain,/ˈmɑnt͡sikːɑi̯ne/
Miikkulanaatto,/ˈmiːkːulɑnɑːtːo/
nagrattaa,/ˈnɑɡrɑtːɑː/
noottaapaja,/ˈnoːtːɑɑpɑjɑ/
nyrriä,/ˈnyriæ/
metsägolubi,/ˈmet͡sæɡolubi/
mullattaa,/ˈmulːɑtːɑː/
oppia,/ˈopːiɑ/
odrakakku,/ˈodrɑkɑkːu/
pikastua,/ˈpikɑstuɑ/
olenisovhoza,/ˈolenisoʋhozɑ/
pahemp,/ˈpɑhempi/
peltomaa,/ˈpeltomɑː/
polucka,/ˈpolut͡ʃkɑ/
pimeneessä,/ˈpimeneːsːæ/
päivätähti,/ˈpæi̯ʋætæhti/
polle,/ˈpolːe/
pulmaaika,/ˈpulmɑɑi̯kɑ/
poukkulahantka,/ˈpou̯kːulɑhɑntkɑ/
päälimäin,/ˈpæːlimæi̯ne/
reukas,/ˈreukɑs/
runni,/ˈrunːi/
rikka,/ˈrikːɑ/
rappia,/ˈrɑpiɑ/
salvata,/ˈsɑlʋɑtɑ/
sammua,/ˈsɑmːuɑ/
ruutoässä,/ˈruːtoæsːæ/
sikälitse,/ˈsikælit͡se/
serppi,/ˈserpːi/
speili,/ˈspei̯li/
syksylliin,/ˈsyksylːine/
synnyttää,/ˈsynːytːæː/
seäl,/ˈseælːæ/
takalasti,/ˈtɑkɑlɑsti/
särpää,/ˈsærpæː/
Sofja,/ˈsofjɑ/
tappajaiset,/ˈtɑpːɑjɑi̯set/
traktorista,/ˈtrɑktoristɑ/
šommeltaa,/ˈʃomːeltɑː/
uhlu,/ˈuhlu/
tuima,/ˈtui̯mɑ/
uulitsasaraja,/ˈuːlit͡sɑsɑrɑjɑ/
varsa,/ˈʋɑrsɑ/
tyttöpää,/ˈtytːøpæː/
veittää,/ˈʋei̯tːæː/
vaapukkain,/ˈʋɑːpukːɑi̯ne/
viinaveerre,/ˈʋiːnɑʋeːrːe/
vaažnoi,/ˈʋɑːʒnoi̯/
vatsapoolosti,/ˈʋɑt͡sɑpoːlosti/
varraa,/ˈʋɑrɑː/
yksznacnoi,/ˈyksznɑt͡ʃnoi̯/
vuhissa,/ˈʋuhisːɑ/
kotain,/ˈkotɑi̯ne/
lainata,/ˈlɑi̯nɑtɑ/
mustapunain,/ˈmustɑpunɑi̯ne/
metla,/ˈmetlɑ/
lähtemä,/ˈlæhtemæ/
kukkosoittu,/ˈkukːosoi̯tːu/
onkikokka,/ˈoŋkikokːɑ/
ruskia,/ˈruskiɑ/
puuraenta,/ˈpuːrɑentɑ/
päätagra,/ˈpæːtɑɡrɑ/
saunahaltias,/ˈsɑu̯nɑhɑltiɑs/
toohkoin,/ˈtoːhkoi̯ne/
rautahammas,/ˈrɑu̯tɑhɑmːɑs/
soitto,/ˈsoi̯tːo/
tantsia,/ˈtɑnt͡siɑ/