orthography,ipa
aada,/ˈɑːdɑ/
aaloi,/ˈɑːloi̯/
aaloi,/ˈɑːloi̯/
aastaika,/ˈɑːstɑi̯kɑ/
aampuussen,/ˈɑːmpuːsːen/
Aabrama,/ˈɑːbrɑmɑ/
-a,/-ɑ/
-a,/-ɑ/
aamu,/ˈɑːmu/
aamuiseel,/ˈɑːmui̯selːɑ/
aatto,/ˈɑːtːo/
aazbukki,/ˈɑːzbukːi/
a,/ˈɑ/
Aato,/ˈɑːto/
aarnitsa,/ˈɑːrnit͡sɑ/
aattua,/ˈɑːtːuɑ/
aanua,/ˈɑːnuɑ/
abessiva,/ˈɑbesːiʋɑ/
adra,/ˈɑdrɑ/
adessiva,/ˈɑdesːiʋɑ/
adjala,/ˈɑdjɑlɑ/
adressi,/ˈɑdresːi/
Afrikka,/ˈɑfrikːɑ/
aeroplana,/ˈɑeroˌplɑnɑ/
ackat,/ˈɑt͡ʃkɑt/
adria,/ˈɑdriɑ/
ah,/ˈɑh/
Agaffona,/ˈɑɡɑfːonɑ/
ablativa,/ˈɑblɑtiʋɑ/
aatuttaa,/ˈɑːtutːɑː/
ahavain,/ˈɑhɑʋɑi̯ne/
ahavoa,/ˈɑhɑʋoɑ/
ahkera,/ˈɑhkerɑ/
ahassos,/ˈɑhɑsːos/
ahavoja,/ˈɑhɑʋojɑ/
ahavoja,/ˈɑhɑʋojɑ/
ahkerast,/ˈɑhkerɑstɑ/
ahkerast,/ˈɑhkerɑstɑ/
adverba,/ˈɑdʋerbɑ/
adjektiva,/ˈɑdjektiʋɑ/
ahmastaa,/ˈɑhmɑstɑː/
ahmo,/ˈɑhmo/
ahas,/ˈɑhɑs/
ahava,/ˈɑhɑʋɑ/
ahava,/ˈɑhɑʋɑ/
ahnas,/ˈɑhnɑs/
ahissos,/ˈɑhisːos/
ahmia,/ˈɑhmiɑ/
ahistaa,/ˈɑhistɑː/
ahos,/ˈɑhos/
ahmastaa söövvä,/ˈɑhmɑstɑː ˈsøːʋːæ/
-ahtaa,/-ɑhtɑː/
ahmia söövvä,/ˈɑhmiɑ ˈsøːʋːæ/
aho,/ˈɑho/
aattonna,/ˈɑːtːonːɑ/
-ahtava,/-ɑhtɑʋɑ/
ahven,/ˈɑhʋen/
ahteriseili,/ˈɑhteriˌsei̯li/
aijaa olutta,/ˈɑjɑː ˈolutːɑ/
ahteri,/ˈɑhteri/
ahtaa söövvä,/ˈɑhtɑː ˈsøːʋːæ/
ahteritammes,/ˈɑhteriˌtɑmːes/
ai,/ˈɑi̯/
ahterispeili,/ˈɑhteriˌspei̯li/
aika,/ˈɑi̯kɑ/
aika,/ˈɑi̯kɑ/
ahteritoppi,/ˈɑhteriˌtopːi/
aijaa,/ˈɑjɑː/
aijanseiväs,/ˈɑi̯jɑnˌsei̯ʋæs/
aijan,/ˈɑi̯jɑn/
ahtaa,/ˈɑhtɑː/
aijas,/ˈɑi̯jɑs/
aikkaa,/ˈɑi̯kːɑː/
aikain,/ˈɑi̯kɑi̯ne/
aima,/ˈɑi̯mɑ/
aima,/ˈɑi̯mɑ/
aikaisee,/ˈɑi̯kɑi̯seː/
aikaisee,/ˈɑi̯kɑi̯seː/
ain,/ˈɑi̯n/
aikoin-taikoin,/ˈɑi̯koi̯n ˈtɑi̯koi̯n/
aimastaa,/ˈɑi̯mɑstɑː/
airo,/ˈɑi̯ro/
aikamitta,/ˈɑi̯kɑˌmitːɑ/
aikaa,/ˈɑi̯kɑː/
aikaa,/ˈɑi̯kɑː/
aikaa,/ˈɑi̯kɑː/
aisakello,/ˈɑi̯sɑˌkelːo/
ainava,/ˈɑi̯nɑʋɑ/
aina,/ˈɑi̯nɑ/
aisannahka,/ˈɑi̯sɑnˌnɑhkɑ/
aita,/ˈɑi̯tɑ/
aitta,/ˈɑi̯tːɑ/
aisarauta,/ˈɑi̯sɑˌrɑu̯tɑ/
aine,/ˈɑi̯ne/
aine,/ˈɑi̯ne/
aivas,/ˈɑi̯ʋɑs/
aivastaissa,/ˈɑi̯ʋɑstɑi̯sːɑ/
aista,/ˈɑ.istɑ/
aivassella,/ˈɑi̯ʋɑsˌselːɑ/
aivot,/ˈɑi̯ʋot/
aivina,/ˈɑi̯ʋinɑ/
ajama,/ˈɑjɑmɑ/
aivinain,/ˈɑi̯ʋinɑi̯ne/
ajatos,/ˈɑjɑtos/
aivassus,/ˈɑi̯ʋɑsːus/
ajotee,/ˈɑjoˌteː/
ajella,/ˈɑjelːɑ/
ak,/ˈɑk/
akka,/ˈɑkːɑ/
akkuna,/ˈɑkːunɑ/
akko,/ˈɑkːo/
ajanveetto,/ˈɑjɑnˌʋeːtːo/
al,/ˈɑlːɑ/
al,/ˈɑlːɑ/
aktinidia,/ˈɑktinidiɑ/
akatsia,/ˈɑkɑt͡siɑ/
akula,/ˈɑkulɑ/
ala-,/ˈɑlɑ-/
alakeeli,/ˈɑlɑˌkeːli/
alaitse,/ˈɑlɑi̯t͡se/
alaitse,/ˈɑlɑi̯t͡se/
alahuuli,/ˈɑlɑˌhuːli/
alas,/ˈɑlɑs/
alaosa,/ˈɑlɑˌosɑ/
alasokka,/ˈɑlɑˌsokːɑ/
alaselys,/ˈɑlɑˌselys/
alasvirta,/ˈɑlɑsˌʋirtɑ/
alatasanko,/ˈɑlɑˌtɑsɑŋko/
alaspäin,/ˈɑlɑsˌpæi̯/
alastoin,/ˈɑlɑstoi̯n/
ali-,/ˈɑli-/
alassi,/ˈɑlɑsːi/
alileuka,/ˈɑliˌleu̯kɑ/
alfavitta,/ˈɑlfɑʋitːɑ/
alkamaa,/ˈɑlkɑmɑː/
alkaa,/ˈɑlkɑː/
aleta,/ˈɑletɑ/
aleta,/ˈɑletɑ/
alkukonsonantta,/ˈɑlkuˌkonsoˌnɑntːɑ/
alkujutto,/ˈɑlkuˌjutːo/
alkuperä,/ˈɑlkuˌperæ/
alkuškoulu,/ˈɑlkuˌʃkou̯lu/
alkutiito,/ˈɑlkuˌtiːto/
alt,/ˈɑltɑ/
alt,/ˈɑltɑ/
allaalt,/ˈɑlɑːltɑ/
alle,/ˈɑlːe/
alle,/ˈɑlːe/
alto,/ˈɑlto/
allativa,/ˈɑlːɑtiʋɑ/
aluhame,/ˈɑluˌhɑme/
aluhuuli,/ˈɑluˌhuːli/
alttari,/ˈɑltːɑri/
alusmeisteri,/ˈɑlusˌmei̯steri/
alumain,/ˈɑlumɑi̯ne/
alutella,/ˈɑlutelːɑ/
alutos,/ˈɑlutos/
aluotsa,/ˈɑluˌot͡sɑ/
aluttaa,/ˈɑlutːɑː/
ammi,/ˈɑmːi/
aluspoduška,/ˈɑlusˌpoduʃkɑ/
ammatti,/ˈɑmːɑtːi/
ammua,/ˈɑmːuɑ/
aluverkko,/ˈɑluˌʋerkːo/
ampumiin,/ˈɑmpumine/
ampumiin,/ˈɑmpumine/
ammattimees,/ˈɑmːɑtːiˌmeːs/
anna,/ˈɑnːɑ/
ankkuriis,/ˈɑŋkːurisːɑ/
ankkuriis,/ˈɑŋkːurisːɑ/
ammus,/ˈɑmːus/
Andree,/ˈɑndreː/
Annuška,/ˈɑnːuʃkɑ/
antaa anteeks,/ˈɑntɑː ˈɑnteːksi/
ansa,/ˈɑnsɑ/
antaa antiiks,/ˈɑntɑː ˈɑntiːksi/
antelikas,/ˈɑntelikɑs/
Anttikristus,/ˈɑntːiˌkristus/
antura,/ˈɑnturɑ/
antakaa,/ˈɑntɑkɑː/
antiissa,/ˈɑntiːsːɑ/
aposteli,/ˈɑposteli/
apilain,/ˈɑpilɑi̯ne/
apu,/ˈɑpu/
apaja,/ˈɑpɑjɑ/
api,/ˈɑpi/
arassutella,/ˈɑrɑsːutelːɑ/
apihua,/ˈɑpihuɑ/
apreli,/ˈɑpreli/
arassuttaa,/ˈɑrɑsːutːɑː/
arbuza,/ˈɑrbuzɑ/
apulain,/ˈɑpulɑi̯ne/
aressoittaa,/ˈɑresːoi̯tːɑː/
apusana,/ˈɑpusɑnɑ/
aresti,/ˈɑresti/
arastua,/ˈɑrɑstuɑ/
Arhippa,/ˈɑripːɑ/
arastaa,/ˈɑrɑstɑː/
arhirei,/ˈɑrhirei̯/
arkirooka,/ˈɑrkiˌroːkɑ/
armas,/ˈɑrmɑs/
arkipäiväin,/ˈɑrkiˌpæi̯ʋæi̯ne/
armo,/ˈɑrmo/
arkkana,/ˈɑrkːɑnɑ/
arkaloontoin,/ˈɑrkɑˌloːntoi̯ne/
armimain,/ˈɑrmimɑi̯ne/
aroittaa,/ˈɑroi̯tːɑː/
arpi,/ˈɑrpi/
armastaa,/ˈɑrmɑstɑː/
armahtaa,/ˈɑrmɑhtɑː/
armotoin,/ˈɑrmotoi̯n/
armotoin,/ˈɑrmotoi̯n/
arvata,/ˈɑrʋɑtɑ/
arvo,/ˈɑrʋo/
arvaavalliin,/ˈɑrʋɑːʋɑlːine/
artteli,/ˈɑrtːeli/
arpa,/ˈɑrpɑ/
arvoittaa,/ˈɑrʋoi̯tːɑː/
arvolliin,/ˈɑrʋolːine/
arvaava,/ˈɑrʋɑːʋɑ/
asettaa,/ˈɑsetːɑː/
asettaa,/ˈɑsetːɑː/
arvokas,/ˈɑrʋokɑs/
asettaissa,/ˈɑsetːɑi̯sːɑ/
ast,/ˈɑstɑ/
ast,/ˈɑstɑ/
asettua,/ˈɑsetːuɑ/
asse,/ˈɑsːe/
asse,/ˈɑsːe/
astava,/ˈɑstɑʋɑ/
astarga,/ˈɑstɑrɡɑ/
astua,/ˈɑstuɑ/
atlasnoi,/ˈɑtlɑsnoi̯/
astavoittaa,/ˈɑstɑʋoi̯tːɑː/
aukinain,/ˈɑu̯kinɑi̯ne/
auki,/ˈɑu̯ki/
aukka,/ˈɑu̯kːɑ/
Australia,/ˈɑu̯strɑliɑ/
atamaani,/ˈɑtɑmɑːni/
Atu,/ˈɑtu/
aukko,/ˈɑu̯kːo/
avahua,/ˈɑʋɑhuɑ/
avaro,/ˈɑʋɑro/
avata,/ˈɑʋɑtɑ/
avgusta,/ˈɑʋɡustɑ/
avahtua,/ˈɑʋɑhtuɑ/
aula,/ˈɑ.ulɑ/
avaroittaa,/ˈɑʋɑroi̯tːɑː/
avanto,/ˈɑʋɑnto/
avattu,/ˈɑʋɑtːu/
avattu,/ˈɑʋɑtːu/
avonain meri,/ˈɑʋonɑi̯ne ˈmeri/
avvain,/ˈɑʋɑi̯ne/
avonain,/ˈɑʋonɑi̯ne/
azbukki,/ˈɑzbukːi/
avollaa,/ˈɑʋolːɑː/
avittaa,/ˈɑʋitːɑː/
baabuška,/ˈbɑːbuʃkɑ/
avosuu,/ˈɑʋoˌsuː/
avuttaa,/ˈɑʋutːɑː/
balagana,/ˈbɑlɑɡɑnɑ/
babka,/ˈbɑbkɑ/
babka,/ˈbɑbkɑ/
banttasolmi,/ˈbɑntːɑˌsolmi/
bajani,/ˈbɑjɑni/
balalaikka,/ˈbɑlɑlɑi̯kːɑ/
bankivakana,/ˈbɑŋkiʋɑˌkɑnɑ/
bankivakukko,/ˈbɑŋkiʋɑˌkukːo/
basnja,/ˈbɑsnʲɑ/
barabana,/ˈbɑrɑbɑnɑ/
barometra,/ˈbɑrometrɑ/
begemootta,/ˈbeɡemoːtːɑ/
bantta,/ˈbɑntːɑ/
bardakka,/ˈbɑrdɑkːɑ/
bašmakki,/ˈbɑʃmɑkːi/
bibliotekka,/ˈbibliotekːɑ/
bedra,/ˈbedrɑ/
bašmakka,/ˈbɑʃmɑkːɑ/
beekki,/ˈbeːkːi/
Bibliä,/ˈbibliæ/
bläättiä,/ˈblæːtːiæ/
bläädi,/ˈblæːdi/
bintta,/ˈbintːɑ/
boinoi,/ˈboi̯noi̯/
bomba,/ˈbombɑ/
boltuška,/ˈboltuʃkɑ/
borkkana,/ˈborkːɑnɑ/
bohatteri,/ˈbohɑtːeri/
bortsa,/ˈbort͡sɑ/
bolnitsa,/ˈbolnit͡sɑ/
boravikko,/ˈborɑʋikːo/
broška,/ˈbroʃkɑ/
bombittaa,/ˈbombitːɑː/
brigada,/ˈbriɡɑdɑ/
bukva,/ˈbukʋɑ/
bukvat,/ˈbukʋɑt/
bronha,/ˈbronhɑ/
braakkaa,/ˈbrɑːkːɑː/
budilnikka,/ˈbudilnikːɑ/
bulafka,/ˈbulɑfkɑ/
bulkka,/ˈbulkːɑ/
bumaga,/ˈbumɑɡɑ/
burnoi,/ˈburnoi̯/
bähättää,/ˈbæhætːæː/
bäkättää,/ˈbækætːæː/
cakatella,/ˈt͡ʃɑkɑtelːɑ/
bälättää,/ˈbælætːæː/
cerdakka,/ˈt͡ʃerdɑkːɑ/
bärämä,/ˈbæræmæ/
cernila,/ˈt͡ʃernilɑ/
cecevitsa,/ˈt͡ʃet͡ʃeʋit͡sɑ/
cereda,/ˈt͡ʃeredɑ/
cerepaha,/ˈt͡ʃerepɑhɑ/
cakattaa,/ˈt͡ʃɑkɑtːɑː/
certežä,/ˈt͡ʃerteʒæ/
cikertää,/ˈt͡ʃikertæː/
cesnokka,/ˈt͡ʃesnokːɑ/
ciukkaa,/ˈt͡ʃiu̯kːɑː/
certeža,/ˈt͡ʃerteʒɑ/
cudakka,/ˈt͡ʃudɑkːɑ/
clena,/ˈt͡ʃlenɑ/
cuguna,/ˈt͡ʃuɡunɑ/
cortta,/ˈt͡ʃortːɑ/
curahtaa,/ˈt͡ʃurɑhtɑː/
cukca,/ˈt͡ʃukt͡ʃɑ/
cäinikkä,/ˈt͡ʃæi̯nikːæ/
cur,/ˈt͡ʃur/
da,/ˈdɑ/
cugunikka,/ˈt͡ʃuɡunikːɑ/
dai,/ˈdɑ.i/
cäinöi,/ˈt͡ʃæi̯nøi̯/
cäsönä,/ˈt͡ʃæsønæ/
davai,/ˈdɑʋɑi̯/
dekabri,/ˈdekɑbri/
Darja,/ˈdɑrjɑ/
detsi-,/ˈdet͡si-/
daže,/ˈdɑʒe/
Danila,/ˈdɑnilɑ/
dispetcera,/ˈdispett͡ʃerɑ/
dobra,/ˈdobrɑ/
dialekta,/ˈdiɑlektɑ/
diikkoi kapusta,/ˈdiːkːoi̯ ˈkɑpustɑ/
dekabrikuu,/ˈdekɑbriˌkuː/
detsimetra,/ˈdet͡siˌmetrɑ/
dohteri,/ˈdohteri/
doska,/ˈdoskɑ/
draastui,/ˈdrɑːstui̯/
duuba,/ˈduːbɑ/
dohtori,/ˈdohtori/
duumata,/ˈduːmɑtɑ/
eel,/ˈe.elːæ/
eel,/ˈe.elːæ/
-e,/-e/
dvortsa,/ˈdʋort͡sɑ/
eglen,/ˈeɡlen/
eest,/ˈe.estæ/
eest,/ˈe.estæ/
eest,/ˈe.estæ/
eest,/ˈe.estæ/
däädä,/ˈdæːdæ/
ehkä,/ˈehkæ/
eelus,/ˈeːlus/
egliin,/ˈeɡline/
eetä,/ˈe.etæ/
ei,/ˈei̯/
ei,/ˈei̯/
ehtiissä,/ˈehtiːsːæ/
eine,/ˈei̯ne/
eik,/ˈei̯kæ/
eik,/ˈei̯kæ/
eitsi,/ˈei̯t͡si/
ehittää,/ˈehitːæː/
ei mittää,/ˈei̯ ˈmitæː/
ekskavatora,/ˈekskɑʋɑtorɑ/
elektricestva,/ˈelek.trit͡ʃestʋɑ/
eksessiva,/ˈeksesːiʋɑ/
elellä,/ˈelelːæ/
eli,/ˈeli/
eli,/ˈeli/
elektrostantsia,/ˈelektroˌstɑnt͡siɑ/
eitsinikka,/ˈei̯t͡sinikːɑ/
elo,/ˈelo/
ellää,/ˈelæː/
elohoone,/ˈeloˌhoːne/
elativa,/ˈelɑtiʋɑ/
elokas,/ˈelokɑs/
elokas,/ˈelokɑs/
-ella,/-elːɑ/
elkää,/ˈelkæː/
-ellä,/-elːæ/
elpyä,/ˈelpyæ/
elokasmaailma,/ˈelokɑsˌmɑːˌilmɑ/
elvyttää,/ˈelʋytːæː/
elämä,/ˈelæmæ/
elähtää,/ˈelæhtæː/
elopaikka,/ˈeloˌpɑi̯kːɑ/
elosooni,/ˈeloˌsoːni/
elävä,/ˈelæʋæ/
elävä,/ˈelæʋæ/
elustaa,/ˈelustɑː/
emä,/ˈemæ/
elävähoppia,/ˈelæʋæˌhopiɑ/
elättäjä,/ˈelætːæjæ/
emäin,/ˈemæi̯ne/
emintimä,/ˈemintimæ/
emälammas,/ˈemæˌlɑmːɑs/
emäkasvo,/ˈemæˌkɑsʋo/
emohut,/ˈemohut/
emäkana,/ˈemæˌkɑnɑ/
emo,/ˈemo/
emännain,/ˈemænˌnɑi̯ne/
emänoora,/ˈemæˌnoːrɑ/
emätöin,/ˈemætøi̯n/
en,/ˈen/
emäntä,/ˈemæntæ/
emännäin,/ˈemænˌnæi̯ne/
emänain,/ˈemæˌnɑi̯ne/
emäpuu,/ˈemæˌpuː/
enemmittee,/ˈenemːitːeː/
enne,/ˈenːe/
enne,/ˈenːe/
enemmän tali vähemmän,/ˈenemːæn ˈtɑli ˈʋæhemːæn/
energia,/ˈenerɡiɑ/
enemp,/ˈenempi/
enemp,/ˈenempi/
ennää,/ˈenæː/
ennettää,/ˈenːetːæː/
ennen muinaa,/ˈenːen ˈmui̯nɑː/
enneppäin,/ˈenːepˌpæi̯ne/
ensi-,/ˈensi-/
ensimässarki,/ˈensimæsˌsɑrki/
ensikää,/ˈensikæː/
ensistää,/ˈensistæː/
ensiks,/ˈensikse/
ensimäin sormi,/ˈensimæi̯ne ˈsormi/
entiin,/ˈentine/
ensimäin,/ˈensimæi̯ne/
ensipäivä,/ˈensiˌpæi̯ʋæ/
epäjumala,/ˈepæˌjumɑlɑ/
epäellä,/ˈepæelːæ/
eri,/ˈeri/
eri,/ˈeri/
erahussa,/ˈerɑhusːɑ/
epässyttää,/ˈepæsːytːæː/
epästyä,/ˈepæstyæ/
eriksee,/ˈerikseː/
erimittee,/ˈerimitːeː/
erahus,/ˈerɑhus/
erittäin,/ˈeritːæi̯n/
erittäissä,/ˈeritˌtæi̯sːæ/
erittyä,/ˈeritːyæ/
ero,/ˈero/
eriliin,/ˈeriline/
erillää,/ˈerilːæː/
erittää,/ˈeritːæː/
erota,/ˈerotɑ/
erojaiset,/ˈerojɑi̯set/
esi,/ˈesi/
erityin,/ˈerityi̯ne/
esimerkiks,/ˈesiˌmerkikse/
esimerkiks,/ˈesiˌmerkikse/
esi-,/ˈesi-/
eroittaa,/ˈeroi̯tːɑː/
eroittaa,/ˈeroi̯tːɑː/
esipertti,/ˈesiˌpertːi/
erroissa,/ˈeroi̯sːɑ/
esijalka,/ˈesiˌjɑlkɑ/
esipaju,/ˈesiˌpɑju/
eso,/ˈeso/
esse,/ˈesːe/
Estonia,/ˈestoniɑ/
estyä,/ˈestyæ/
et,/ˈet/
esipooli,/ˈesiˌpoːli/
estää,/ˈestæː/
eskimosa,/ˈeskimosɑ/
esmessarki,/ˈesmesˌsɑrki/
etemmäks,/ˈetemːækse/
essiiva,/ˈesːiːʋɑ/
etemmälle,/ˈetemːælːe/
etemp,/ˈetemp/
etemmäitse,/ˈetemːæi̯t͡se/
etemmittee,/ˈetemːitːeː/
etemmält,/ˈetemːæltæ/
etsijä,/ˈet͡sijæ/
etempäin,/ˈetempæi̯ne/
etso,/ˈet͡so/
etsiä,/ˈet͡siæ/
ettee,/ˈeteː/
ettee,/ˈeteː/
ettee,/ˈeteː/
ettee,/ˈeteː/
etujalka,/ˈetuˌjɑlkɑ/
-etä,/-etæ/
etähäisys,/ˈetæhæi̯sys/
etähittee,/ˈetæhitːeː/
etähäitse,/ˈetæhæi̯t͡se/
etähääl,/ˈetæːlːæ/
evenka,/ˈeʋeŋkɑ/
evät,/ˈeʋæt/
eus,/ˈe.us/
familia,/ˈfɑmiliɑ/
etähält,/ˈetæːltæ/
Europpa,/ˈeu̯ropːɑ/
farfori,/ˈfɑrfori/
fizkulttuura,/ˈfizˌkultːuːrɑ/
flakku,/ˈflɑkːu/
fartukki,/ˈfɑrtukːi/
flaneli,/ˈflɑneli/
fevralikuu,/ˈfeʋrɑliˌkuː/
fookusnikka,/ˈfoːkusnikːɑ/
fonettiin,/ˈfonetːine/
forma,/ˈformɑ/
foljklora,/ˈfolʲklorɑ/
fortocka,/ˈfortot͡ʃkɑ/
fonari,/ˈfonɑri/
frantsilain,/ˈfrɑnt͡silɑi̯ne/
frantsilain,/ˈfrɑnt͡silɑi̯ne/
frovva,/ˈfroʋːɑ/
fundamentti,/ˈfundɑmentːi/
furskata,/ˈfurskɑtɑ/
Frantsia,/ˈfrɑnt͡siɑ/
Frolkka,/ˈfrolkːɑ/
gaika,/ˈɡɑi̯kɑ/
föklä,/ˈføklæ/
garmani,/ˈɡɑrmɑni/
garmonššikka,/ˈɡɑrmonʃːikːɑ/
genetiva,/ˈɡenetiʋɑ/
geografia,/ˈɡeo.ɡrɑfiɑ/
glaisa,/ˈɡlɑi̯sɑ/
gazetti,/ˈɡɑzetːi/
geografiakartta,/ˈɡeoˌɡrɑfiɑˌkɑrtːɑ/
glaisikko,/ˈɡlɑi̯sikːo/
glasi,/ˈɡlɑsi/
gazetcikka,/ˈɡɑzett͡ʃikːɑ/
geografiatunni,/ˈɡeoˌɡrɑfiɑˌtunːi/
glava,/ˈɡlɑʋɑ/
gorilla,/ˈɡorilːɑ/
gloobusa,/ˈɡloːbusɑ/
glavnoi,/ˈɡlɑʋnoi̯/
gluuhhoi,/ˈɡluːxːoi̯/
gluuhhoi,/ˈɡluːxːoi̯/
golubi,/ˈɡolubi/
granitta,/ˈɡrɑnitːɑ/
gluuhkoi,/ˈɡluːhkoi̯/
gluuhkoi,/ˈɡluːhkoi̯/
gorba,/ˈɡorbɑ/
gorbain,/ˈɡorbɑi̯ne/
Gorjki,/ˈɡorʲki/
greecinain,/ˈɡreːt͡ʃinɑi̯ne/
gramma,/ˈɡrɑmːɑ/
greecinasuurima,/ˈɡreːt͡ʃinɑˌsuːrimɑ/
gruppa,/ˈɡrupːɑ/
greecina,/ˈɡreːt͡ʃinɑ/
gruuša,/ˈɡruːʃɑ/
gruušapuu,/ˈɡruːʃɑˌpuː/
gromootvoda,/ˈɡromo.otʋodɑ/
guberni,/ˈɡuberni/
grusti,/ˈɡrusti/
guljaittaa,/ˈɡulʲɑi̯tːɑː/
haapakookka,/ˈhɑːpɑˌkoːkːɑ/
grььzi,/ˈɡrɨːzi/
gubernaattori,/ˈɡubernɑːtːori/
guljanja,/ˈɡulʲɑnjɑ/
haapametsä,/ˈhɑːpɑˌmet͡sæ/
haapaseeni,/ˈhɑːpɑˌseːni/
haapakoukku,/ˈhɑːpɑˌkou̯kːu/
haara,/ˈhɑːrɑ/
haavavoije,/ˈhɑːʋɑˌʋoi̯je/
haava,/ˈhɑːʋɑ/
haaveri,/ˈhɑːʋeri/
haijoissa,/ˈhɑjoi̯sːɑ/
haarikas,/ˈhɑːrikɑs/
haikotella,/ˈhɑi̯koˌtelːɑ/
haikotus,/ˈhɑi̯kotus/
hailinkutu,/ˈhɑi̯linˌkutu/
Haililooto,/ˈhɑi̯liˌloːto/
haikotuttaa,/ˈhɑi̯kotutːɑː/
haiso,/ˈhɑi̯so/
haiso,/ˈhɑi̯so/
haissa,/ˈhɑi̯sːɑ/
haisua,/ˈhɑi̯suɑ/
haju,/ˈhɑju/
haisotella,/ˈhɑi̯sotelːɑ/
hajahtaa,/ˈhɑjɑhtɑː/
halata,/ˈhɑlɑtɑ/
hakuli,/ˈhɑkuli/
hajottaa,/ˈhɑjotːɑː/
halkomytty,/ˈhɑlkoˌmytːy/
hakkiissa,/ˈhɑkːiːsːɑ/
halli,/ˈhɑlːi/
haleri,/ˈhɑleri/
hako,/ˈhɑko/
hallia,/ˈhɑliɑ/
hallia,/ˈhɑliɑ/
hallia,/ˈhɑlːiɑ/
halluus,/ˈhɑlːuːs/
halva,/ˈhɑlʋɑ/
halla,/ˈhɑlːɑ/
hamara,/ˈhɑmɑrɑ/
hanhi,/ˈhɑne/
hana,/ˈhɑnɑ/
hanhenpaju,/ˈhɑnenˌpɑju/
Hanikki,/ˈhɑnikːi/
hapan,/ˈhɑpɑn/
hapan,/ˈhɑpɑn/
hantara,/ˈhɑntɑrɑ/
hankkia,/ˈhɑŋkːiɑ/
hanko,/ˈhɑŋko/
hapalka,/ˈhɑpɑlkɑ/
hanki,/ˈhɑŋki/
hapa,/ˈhɑpɑ/
hapata,/ˈhɑpɑtɑ/
hapantaa,/ˈhɑpɑntɑː/
harakka,/ˈhɑrɑkːɑ/
hapuella,/ˈhɑpu.elːɑ/
haravoija,/ˈhɑrɑʋoi̯jɑ/
hapukoitella,/ˈhɑpukoi̯telːɑ/
hapanvesi,/ˈhɑpɑnˌʋesi/
harja,/ˈhɑrjɑ/
happo,/ˈhɑpːo/
harjokka,/ˈhɑrʲokːɑ/
harkkia,/ˈhɑrkːiɑ/
harkkia,/ˈhɑrkːiɑ/
harava,/ˈhɑrɑʋɑ/
harmaansiniin,/ˈhɑrmɑːnˌsinine/
harmaansiniin,/ˈhɑrmɑːnˌsinine/
harpata,/ˈhɑrpɑtɑ/
harmaansiniin kyyhkyläin,/ˈhɑrmɑːnˌsinine ˈkyːhkylæi̯ne/
hartia,/ˈhɑrtiɑ/
harmaa,/ˈhɑrmɑː/
harmaa,/ˈhɑrmɑː/
hartiajäsen,/ˈhɑrtiɑˌjæsen/
harotella,/ˈhɑrotelːɑ/
harva,/ˈhɑrʋɑ/
hattara,/ˈhɑtːɑrɑ/
hatara,/ˈhɑtɑrɑ/
hattu,/ˈhɑtːu/
hauki,/ˈhɑu̯ki/
haukka,/ˈhɑu̯kːɑ/
haukkumiin,/ˈhɑu̯kːumine/
haukkumiin,/ˈhɑu̯kːumine/
hauta,/ˈhɑu̯tɑ/
hattarain,/ˈhɑtːɑrɑi̯ne/
harveta,/ˈhɑrʋetɑ/
haukkua,/ˈhɑu̯kːuɑ/
harvoin,/ˈhɑrʋoi̯n/
harvoin,/ˈhɑrʋoi̯n/
hattula,/ˈhɑtːulɑ/
heeno,/ˈheːno/
havupuu,/ˈhɑʋuˌpuː/
havumetsä,/ˈhɑʋuˌmet͡sæ/
hehettää,/ˈhehetːæː/
heikko,/ˈhei̯kːo/
havvata,/ˈhɑʋːɑtɑ/
hehkua,/ˈhehkuɑ/
heimo,/ˈhei̯mo/
heinä,/ˈhei̯næ/
heinäaika,/ˈhei̯næˌɑi̯kɑ/
hei,/ˈhei̯/
heil,/ˈhei̯lːæ/
heinähanko,/ˈhei̯næˌhɑŋko/
heinikko,/ˈhei̯nikːo/
heille,/ˈhei̯lːe/
heinämerta,/ˈhei̯næˌmertɑ/
heinähäkki,/ˈhei̯næˌhækːi/
heinäkäs,/ˈhei̯nækæs/
heinälaine,/ˈhei̯næˌlɑi̯ne/
helissä,/ˈhelisːæ/
heinämylly,/ˈhei̯næˌmylːy/
heinäserkka,/ˈhei̯næˌserkːɑ/
heittiissä,/ˈhei̯tːiːsːæ/
heinäsika,/ˈhei̯næˌsikɑ/
helliä,/ˈheliæ/
helliä,/ˈhelːijæ/
helmivirka,/ˈhelmiˌʋirkɑ/
helppo,/ˈhelpːo/
helmikerta,/ˈhelmiˌkertɑ/
henki,/ˈheŋki/
henkähös,/ˈheŋkæhøs/
hepo,/ˈhepo/
helmusti,/ˈhelmusti/
hepoisenjooksu,/ˈhepoi̯senˌjoːksu/
hepoin,/ˈhepoi̯ne/
henkähösvoima,/ˈheŋkæhøsˌʋoi̯mɑ/
hepoisenriissat,/ˈhepoi̯senˌriːsːɑt/
heppoin,/ˈhepːoi̯n/
heppoin,/ˈhepːoi̯n/
hepoislangokset,/ˈhepoi̯sˌlɑŋɡokset/
herne,/ˈherne/
herkku,/ˈherkːu/
hepokala,/ˈhepoˌkɑlɑ/
herkkä,/ˈherkːæ/
herttä,/ˈhertːæ/
herttä,/ˈhertːæ/
Herra,/ˈherːɑ/
herissellä,/ˈherisːelːæ/
hers,/ˈhirsi/
hetin,/ˈhetin/
hernua,/ˈhernuɑ/
hialliin,/ˈhiɑlːine/
hiekäs,/ˈhiekæs/
hetas,/ˈhetɑs/
herra,/ˈherːɑ/
hietöin,/ˈhietøi̯n/
hiessöittää,/ˈhiesːøi̯tːæː/
hiirenherne,/ˈhiːrenˌherne/
hiirensitta,/ˈhiːrenˌsitːɑ/
-hiin,/-hine/
hiiri,/ˈhiːri/
hiilihappo,/ˈhiːliˌhɑpːo/
hiirenheinä,/ˈhiːrenˌhei̯næ/
hiirenvalkia,/ˈhiːrenˌʋɑlkiɑ/
hiiva,/ˈhiːʋɑ/
hiisnikka,/ˈhiːsnikːɑ/
hiki,/ˈhiki/
hiivakas,/ˈhiːʋɑkɑs/
hiiro,/ˈhiːro/
hiisnoi,/ˈhiːsnoi̯/
hiisnikkakala,/ˈhiːsnikːɑˌkɑlɑ/
himo,/ˈhimo/
hikkee saa,/ˈhikeːsɑː/
hinta,/ˈhintɑ/
himottaa,/ˈhimotːɑː/
hiljakaistaa,/ˈhiljɑˌkɑi̯stɑː/
hiljetä,/ˈhiljetæ/
hirvi,/ˈhirʋi/
hiljaksee,/ˈhiljɑkseː/
hiljaa,/ˈhiljɑː/
hirnahtaa,/ˈhirnɑhtɑː/
hitto,/ˈhitːo/
hippiä,/ˈhipiæ/
hittolain,/ˈhitːolɑi̯ne/
hirnua,/ˈhirnuɑ/
hirvillää,/ˈhirʋilːæː/
hirvillää,/ˈhirʋilːæː/
hirnuksennella,/ˈhirnuksenːelːɑ/
hius,/ˈhiu̯s/
hivuttaa,/ˈhiʋutːɑː/
hirvistää,/ˈhirʋistæː/
hiutale,/ˈhiu̯tɑle/
hittoa,/ˈhitoɑ/
hoi,/ˈhoi̯/
hohottaa,/ˈhohotːɑː/
hoikkasooli,/ˈhoi̯kːɑˌsoːli/
hoitaja,/ˈhoi̯tɑjɑ/
hoitaa,/ˈhoi̯tɑː/
hoitua,/ˈhoi̯tuɑ/
homehoittaa,/ˈhomehoi̯tːɑː/
honka,/ˈhoŋkɑ/
hongakas,/ˈhoŋɡɑkɑs/
homehtua,/ˈhomehtuɑ/
honkametsä,/ˈhoŋkɑˌmet͡sæ/
hoitiissa,/ˈhoi̯tiːsːɑ/
hoolimatoin,/ˈhoːlimɑtoi̯n/
hooli,/ˈhoːli/
hooli,/ˈhoːli/
hooli,/ˈhoːli/
hookua,/ˈhoːkuɑ/
hookua,/ˈhoːkuɑ/
hoomata,/ˈhoːmɑtɑ/
hoomeen,/ˈhoːmeːn/
hoopa,/ˈhoːpɑ/
hoomukseel,/ˈhoːmukselːæ/
hoomukseel,/ˈhoːmukselːæ/
hoolia,/ˈhoːliɑ/
hoolia,/ˈhoːlijɑ/
hooriissa,/ˈhoːriːsːɑ/
hoomeniin,/ˈhoːmenine/
hopiain,/ˈhopi.ɑi̯ne/
hoovata,/ˈhoːʋɑtɑ/
Hospodi,/ˈhospodi/
hooranlaps,/ˈhoːrɑnˌlɑps/
hootava,/ˈhoːtɑʋɑ/
hot,/ˈhot/
hot,/ˈhot/
horjua,/ˈhorjuɑ/
houkka,/ˈhou̯kːɑ/
hotka,/ˈhotkɑ/
horoma,/ˈhoromɑ/
houkas,/ˈhou̯kɑs/
-hua,/-huɑ/
huitsata,/ˈhui̯t͡sɑtɑ/
houkassella,/ˈhou̯kɑsˌselːɑ/
huja,/ˈhujɑ/
hukka,/ˈhukːɑ/
huimata,/ˈhui̯mɑtɑ/
huima,/ˈhui̯mɑ/
huiskia,/ˈhui̯skiɑ/
huimakas,/ˈhui̯mɑkɑs/
hovi,/ˈhoʋi/
huimattaa,/ˈhui̯mɑtːɑː/
hullukkain,/ˈhulːukːɑi̯ne/
hullukkain,/ˈhulːukːɑi̯ne/
hullust,/ˈhulːustɑ/
hullust,/ˈhulːustɑ/
hukkahua,/ˈhukːɑhuɑ/
hukkahus,/ˈhukːɑhus/
humala,/ˈhumɑlɑ/
hullussella,/ˈhulːusːelːɑ/
hulkkua,/ˈhulkːuɑ/
hullu,/ˈhulːu/
hulpela,/ˈhulpelɑ/
hummer,/ˈhumːer/
humine,/ˈhumine/
humalluttaa,/ˈhumɑlːutːɑː/
humissa,/ˈhumisːɑ/
humuri,/ˈhumuri/
hutja,/ˈhutjɑ/
huuhtoa,/ˈhuːhtoɑ/
huuli,/ˈhuːli/
hursti,/ˈhursti/
hyle,/ˈhyle/
huntti,/ˈhuntːi/
hyppy,/ˈhypːy/
hylätä,/ˈhylætæ/
hyvin,/ˈhyʋin/
hylky,/ˈhylky/
hylky,/ˈhylky/
hyvvyys,/ˈhyʋyːs/
hyvvää iltaa,/ˈhyʋæː ˈiltɑː/
hyvvää hoomusta,/ˈhyʋæː ˈhoːmustɑ/
hyvä,/ˈhyʋæ/
hyvä,/ˈhyʋæ/
hyppiä,/ˈhypːiæ/
hyväntaholliin,/ˈhyʋænˌtɑholːine/
hyvvää päivää,/ˈhyʋæː ˈpæi̯ʋæː/
hyvvää öötä,/ˈhyʋæː ˈøːtæ/
hyypiäs,/ˈhyːpiæs/
hyväntapain,/ˈhyʋænˌtɑpɑi̯ne/
-hyä,/-hyæ/
häglä,/ˈhæɡlæ/
häikävälliin,/ˈhæi̯kæʋælːine/
häkki,/ˈhækːi/
häilytellä,/ˈhæi̯lytelːæ/
häjätä,/ˈhæjætæ/
häkä,/ˈhækæ/
hämmennellä,/ˈhæmːenːelːæ/
häikävä,/ˈhæi̯kæʋæ/
hämäri,/ˈhæmæri/
hämöverkko,/ˈhæmøˌʋerkːo/
hällö,/ˈhælːø/
hämärä,/ˈhæmæræ/
hämärä,/ˈhæmæræ/
hän,/ˈhæn/
hännäkäs,/ˈhænːækæs/
hämärtyä,/ˈhæmærtyæ/
hänel,/ˈhænelːæ/
häpy,/ˈhæpy/
hänen,/ˈhænen/
härkä,/ˈhærkæ/
hännätöin,/ˈhænːætøi̯n/
häntäpiiluu,/ˈhæntæˌpiːˌluː/
härkin,/ˈhærkin/
häppiä,/ˈhæpiæ/
häpelikäs,/ˈhæpelikæs/
hätä,/ˈhætæ/
häryt,/ˈhæryt/
härytmaa,/ˈhærytˌmɑː/
härkäin,/ˈhærkæi̯ne/
hässiä,/ˈhæsːiæ/
hätämöry,/ˈhætæˌmøry/
hätähyä,/ˈhætæhyæ/
hätäapi,/ˈhætæˌɑpi/
hävviimiin,/ˈhæʋiːmine/
hävviimiin,/ˈhæʋiːmine/
hävitöin,/ˈhæʋitøi̯n/
hävätä,/ˈhæʋætæ/
häylytellä,/ˈhæy̯lytelːæ/
hään,/ˈhæːn/
hään,/ˈhæ.æn/
hään,/ˈhæ.æn/
häät,/ˈhæːt/
häät,/ˈhæ.æt/
häät,/ˈhæ.æt/
häylää,/ˈhæy̯læː/
häylyttää,/ˈhæy̯lytːæː/
höblä,/ˈhøblæ/
hörkkä,/ˈhørkːæ/
hämmentyä,/ˈhæmːentyæ/
höyry,/ˈhøy̯ry/
hönkä,/ˈhøŋkæ/
i,/ˈi/
i,/ˈi/
-ia,/-iɑ/
-ia,/-iɑ/
hörsky,/ˈhørsky/
hörhöläin,/ˈhørølæi̯ne/
höökö,/ˈhøːkø/
hötissä,/ˈhøtisːæ/
ihan,/ˈihɑn/
ien,/ˈien/
hövelin,/ˈhøʋelin/
-iain,/-ijɑi̯ne/
ihastua,/ˈihɑstuɑ/
ihmetellä,/ˈihmetelːæ/
ihmekäs,/ˈihmekæs/
ihmiin,/ˈihmine/
ihmanne,/ˈihmɑnːe/
ihmanne,/ˈihmɑnːe/
iho,/ˈiho/
ihmelliin,/ˈihmelːine/
Iilia,/ˈiːliɑ/
iimenäiset,/ˈiːmenæi̯set/
ikinää,/ˈikinæː/
-ikko,/-ikːo/
ikkee,/ˈikeː/
ikkee,/ˈikeː/
ikä,/ˈikæ/
ikä,/ˈikæ/
ikkunalle,/ˈikːunɑlːe/
ikkunalle,/ˈikːunɑlːe/
ikostaa,/ˈikostɑː/
ikävys,/ˈikæʋys/
ikäyks,/ˈikæˌyks/
ilkiä,/ˈilkiæ/
ilkiä,/ˈilkiæ/
ikkunalus,/ˈikːunˌɑlus/
ikävöijä,/ˈikæʋøi̯jæ/
ilma,/ˈilmɑ/
ilma,/ˈilmɑ/
illaal,/ˈilːɑlːɑ/
ilmahtua,/ˈilmɑhtuɑ/
ilo,/ˈilo/
ilata,/ˈilɑtɑ/
ilta,/ˈiltɑ/
illastaa,/ˈilːɑstɑː/
ilmolintu,/ˈilmoˌlintu/
ilve,/ˈilʋe/
ilves,/ˈilʋes/
iltain,/ˈiltɑi̯ne/
ilveskissa,/ˈilʋesˌkisːɑ/
imikko,/ˈimikːo/
imettävä,/ˈimetːæʋæ/
imettävä,/ˈimetːæʋæ/
imettävä,/ˈimetːæʋæ/
ilvehtiä,/ˈilʋehtiæ/
iltanna,/ˈiltɑnːɑ/
imikkohyle,/ˈimikːoˌhyle/
India,/ˈindiɑ/
imikkoporsas,/ˈimikːoˌporsɑs/
imi,/ˈimi/
imisä,/ˈimisæ/
imikkosika,/ˈimikːoˌsikɑ/
immiä,/ˈimiæ/
immiä,/ˈimiæ/
-in,/-jne/
-in,/-ine/
-in,/-in/
inhota,/ˈinotɑ/
inhota,/ˈinotɑ/
inhimiin,/ˈinimine/
inhotos,/ˈinotos/
inari,/ˈinɑri/
inho,/ˈino/
indjukka,/ˈindʲukːɑ/
inmiin,/ˈin.mine/
instruktiva,/ˈinstruktiʋɑ/
Inkeri,/ˈiŋkeri/
irine,/ˈirine/
Iriska,/ˈiriskɑ/
inkerikko,/ˈiŋkerikːo/
inkerläin,/ˈiŋkerlæi̯ne/
inkerläin,/ˈiŋkerlæi̯ne/
irtonain,/ˈirtonɑi̯ne/
inženera,/ˈinʒenerɑ/
irvissös,/ˈirʋisːøs/
irvillää,/ˈirʋilːæː/
iskiä,/ˈiskiæ/
isku,/ˈisku/
issukki,/ˈisːukːi/
irvistää,/ˈirʋistæː/
Issakka,/ˈisːɑkːɑ/
isost,/ˈisostɑ/
issuttaa,/ˈisːutːɑː/
-issa,/-isːɑ/
-issa,/-isːɑ/
issukkivooro,/ˈisːukːiˌʋoːro/
issutella,/ˈisːutelːɑ/
istoria,/ˈistoriɑ/
isä,/ˈisæ/
-issä,/-isːæ/
-issä,/-isːæ/
-istää,/-istæː/
istua,/ˈistuɑ/
itikka,/ˈitikːɑ/
itettää,/ˈitetːæː/
itse,/ˈit͡se/
itkiä,/ˈitkiæ/
isäntä,/ˈisæntæ/
ity,/ˈity/
itse assiaas,/ˈit͡se ˈɑsiɑsːɑ/
itä,/ˈitæ/
itähyä,/ˈitæhyæ/
itkuin,/ˈitkui̯ne/
itkuin,/ˈitkui̯n/
ittää,/ˈitæː/
ittää,/ˈitæː/
Ivo,/ˈiʋo/
itu,/ˈitu/
iys,/ˈi.ys/
itälounat,/ˈitæˌlou̯nɑt/
ižora,/ˈiʒorɑ/
ižoralain,/ˈiʒorɑˌlɑi̯ne/
iättää,/ˈiætːæː/
-ja,/-jɑ/
-ja,/-jɑ/
izdateljstva,/ˈizdɑtelʲstʋɑ/
ja,/ˈjɑ/
ja,/ˈjɑ/
ja,/ˈjɑ/
ižori,/ˈiʒori/
ižoran,/ˈiʒorɑn/
iäkäs,/ˈiækæs/
ja niin etes,/ˈjɑ ˈniːn ˈetes/
Jaakko,/ˈjɑːkːo/
jaadukas,/ˈjɑːdukɑs/
jaadu,/ˈjɑːdu/
jaanikukka,/ˈjɑːniˌkukːɑ/
Jaani,/ˈjɑːni/
jaama,/ˈjɑːmɑ/
jaala,/ˈjɑːlɑ/
jakkaa,/ˈjɑkɑː/
jaavali,/ˈjɑːʋɑli/
jaanikutu,/ˈjɑːniˌkutu/
jahtimees,/ˈjɑhtiˌmeːs/
jakutta,/ˈjɑkutːɑ/
jahti,/ˈjɑhti/
jahti,/ˈjɑhti/
jakahus,/ˈjɑkɑhus/
jaksaa,/ˈjɑksɑː/
jalka,/ˈjɑlkɑ/
jalas,/ˈjɑlɑs/
jalas,/ˈjɑlɑsːɑ/
jalanpohja,/ˈjɑlɑnˌpohjɑ/
jalkaja,/ˈjɑlkɑjɑ/
jalkamuna,/ˈjɑlkɑˌmunɑ/
jalkarätti,/ˈjɑlkɑˌrætːi/
jaloitella,/ˈjɑloi̯telːɑ/
jalkaisin,/ˈjɑlkɑi̯sin/
jalkakätyt,/ˈjɑlkɑˌkætyt/
jammoa,/ˈjɑmoɑ/
janvari,/ˈjɑnʋɑri/
jalussin,/ˈjɑlusːin/
jaloille,/ˈjɑloi̯lːe/
jaloille,/ˈjɑloi̯lːe/
jamakka,/ˈjɑmɑkːɑ/
jaššikka,/ˈjɑʃːikːɑ/
jauhaa,/ˈjɑu̯hɑː/
jauhaa,/ˈjɑu̯hɑː/
jauho,/ˈjɑu̯ho/
jauho,/ˈjɑu̯ho/
jauhoa,/ˈjɑu̯hoɑ/
jauhakivi,/ˈjɑu̯hɑˌkiʋi/
jatkaa,/ˈjɑtkɑː/
jaslit,/ˈjɑslit/
Jefima,/ˈjefimɑ/
Jekima,/ˈjekimɑ/
jauha,/ˈjɑu̯hɑ/
jauha,/ˈjɑu̯hɑ/
jauhokas,/ˈjɑu̯hokɑs/
Jeppifana,/ˈjepːifɑnɑ/
Jauza,/ˈjɑ.uzɑ/
Jelena,/ˈjelenɑ/
jet,/ˈjet/
jo,/ˈjo/
javlenja,/ˈjɑʋlenʲɑ/
jevangeli,/ˈjeʋɑŋɡeli/
joka,/ˈjokɑ/
jerantka,/ˈjerɑntkɑ/
Jelissee,/ˈjelisːeː/
jokapäiväin,/ˈjokɑˌpæi̯ʋæi̯ne/
jokaaikain,/ˈjokɑˌɑi̯kɑi̯ne/
jevree,/ˈjeʋreː/
joelt,/ˈjoeltɑ/
jokahiin,/ˈjokɑhine/
jokahiin,/ˈjokɑhine/
Johorka,/ˈjohorkɑ/
jompakumpa,/ˈjompɑˌkumpɑ/
jokko,/ˈjokːo/
joonitella,/ˈjoːnitelːɑ/
jooksu,/ˈjoːksu/
Joko,/ˈjoko/
jorvia,/ˈjorʋiɑ/
jooksuaika,/ˈjoːksuˌɑi̯kɑ/
jot,/ˈjot/
joossennella,/ˈjoːsːenːelːɑ/
joovva,/ˈjoːʋːɑ/
joomari,/ˈjoːmɑri/
joomukka,/ˈjoːmukːɑ/
joulujolkka,/ˈjou̯luˌjolkːɑ/
jos,/ˈjos/
joršši,/ˈjorʃːi/
joutava aika,/ˈjou̯tɑʋɑ ˈɑi̯kɑ/
jouhikas,/ˈjou̯hikɑs/
joulunveetto,/ˈjou̯lunˌʋeːtːo/
joutaa,/ˈjou̯tɑː/
jumala,/ˈjumɑlɑ/
Jumala,/ˈjumɑlɑ/
Joulu,/ˈjou̯lu/
jouten,/ˈjou̯ten/
joutsen,/ˈjou̯t͡sen/
Jumala jyrissöö,/ˈjumɑlɑ ˈjyrisːøː/
jumalanlintu,/ˈjumɑlɑnˌlintu/
jurmast,/ˈjurmɑstɑ/
jurmast,/ˈjurmɑstɑ/
jussi,/ˈjusːi/
jumalalliin,/ˈjumɑlɑlːine/
julittaa,/ˈjulitːɑː/
just,/ˈjust/
jute,/ˈjute/
jurma,/ˈjurmɑ/
jussikkoniitty,/ˈjusːikːoˌniːtːy/
jumalanlehmä,/ˈjumɑlɑnˌlehmæ/
jumaliin,/ˈjumɑline/
jumaliin,/ˈjumɑliːn/
juuri,/ˈjuːri/
jussikko,/ˈjusːikːo/
jutto,/ˈjutːo/
juustomaito,/ˈjuːstoˌmɑi̯to/
jyllätä,/ˈjylːætæ/
juusto,/ˈjuːsto/
juutalain,/ˈjuːtɑlɑi̯ne/
jyrysae,/ˈjyryˌsɑe/
juurikarva,/ˈjuːriˌkɑrʋɑ/
jyry,/ˈjyry/
jyvä,/ˈjyʋæ/
jyrytellä,/ˈjyrytelːæ/
jyrähtää,/ˈjyræhtæː/
jäles,/ˈjælesːæ/
jäles,/ˈjælesːæ/
jälki,/ˈjælki/
-jä,/-jæ/
-jä,/-jæ/
jyvänsööjä,/ˈjyʋænˌsøːjæ/
jyvänsööjä,/ˈjyʋænˌsøːjæ/
jälkiä,/ˈjælkiæ/
jälkiä,/ˈjælkiæ/
jäinnä,/ˈjæi̯nːæ/
jälkinootta,/ˈjælkiˌnoːtːɑ/
jänis,/ˈjænis/
jäniksensoolaheinä,/ˈjæniksenˌsoːlɑˌhei̯næ/
jäns,/ˈjæns/
jällee,/ˈjælːeː/
jänö,/ˈjænø/
järkenää,/ˈjærkenæː/
järvi,/ˈjærʋi/
jäniksenkäpälä,/ˈjæniksenˌkæpælæ/
jämmiä,/ˈjæmiæ/
jättää,/ˈjætːæː/
jäntsähtää,/ˈjænt͡sæhtæː/
jäähytellä,/ˈjæːhytelːæ/
jäsensuma,/ˈjæsenˌsumɑ/
jäägeli,/ˈjæːɡeli/
jättää rautahampaalle,/ˈjætːæː ˈrɑu̯tɑˌhɑmpɑːlːe/
jäännös,/ˈjæːnːøs/
jäännös,/ˈjæːnːøs/
jäähyttää,/ˈjæːhytːæː/
jäähtyä,/ˈjæːhtyæ/
jäärunni,/ˈjæːˌrunːi/
jääkerros,/ˈjæːˌkerːos/
jäärävä,/ˈjæːræʋæ/
-ka,/-kɑ/
-ka,/-kɑ/
-ka,/-kɑː/
jääteli,/ˈjæːˌteli/
kaakattamiin,/ˈkɑːkɑtːɑmine/
kaakattamiin,/ˈkɑːkɑtːɑmine/
kaakka,/ˈkɑːkːɑ/
jäättyä,/ˈjæːtːyæ/
kaakku,/ˈkɑːkːu/
kaaliain,/ˈkɑːlijɑi̯ne/
-kaa,/-kɑː/
kaalimaali,/ˈkɑːliˌmɑːli/
kaarre,/ˈkɑːrːe/
kaanu,/ˈkɑːnu/
kaartaa,/ˈkɑːrtɑː/
kabakka,/ˈkɑbɑkːɑ/
kaarto,/ˈkɑːrto/
kaavi,/ˈkɑːʋi/
kagla,/ˈkɑɡlɑ/
kaaska,/ˈkɑːskɑ/
kaglarätti,/ˈkɑɡlɑˌrætːi/
kaataa,/ˈkɑːtɑː/
kablukka,/ˈkɑblukːɑ/
kaglaluu,/ˈkɑɡlɑluː/
kaglašarffi,/ˈkɑɡlɑʃɑrfːi/
kagrapelto,/ˈkɑɡrɑˌpelto/
kagrasuurima,/ˈkɑɡrɑˌsuːrimɑ/
kagranrummen,/ˈkɑɡrɑnˌrumːen/
kaglus,/ˈkɑɡlus/
kaheks,/ˈkɑhekse/
kagrain,/ˈkɑɡrɑi̯ne/
kagrapurnu,/ˈkɑɡrɑˌpurnu/
kahmola,/ˈkɑhmolɑ/
kagrariihi,/ˈkɑɡrɑˌriːhi/
kaihoella,/ˈkɑi̯ho.elːɑ/
kaheksaskymmenäs,/ˈkɑheksɑsˌkymːenæs/
kaheksantoist,/ˈkɑheksɑntoi̯stɑ/
kaihota,/ˈkɑi̯hotɑ/
kaikellain,/ˈkɑi̯kelːɑi̯ne/
kaikkia,/ˈkɑi̯kːiɑ/
kaikkia,/ˈkɑi̯kːiɑ/
kaikkia,/ˈkɑi̯kːiɑ/
kainalo,/ˈkɑi̯nɑlo/
kaikenlain,/ˈkɑi̯kenlɑi̯ne/
kaivaa,/ˈkɑi̯ʋɑː/
kaikin,/ˈkɑi̯kin/
kaivo,/ˈkɑi̯ʋo/
kaila,/ˈkɑi̯lɑ/
kaikua,/ˈkɑi̯kuɑ/
kajava,/ˈkɑjɑʋɑ/
kaivokokka,/ˈkɑi̯ʋoˌkokːɑ/
kaks,/ˈkɑks/
kaivertaa,/ˈkɑi̯ʋertɑː/
kakka,/ˈkɑkːɑ/
kakka,/ˈkɑkːɑ/
kaks kolmatta ei vältä,/ˈkɑks ˈkolmɑtːɑ ˈei̯ ˈʋæltæ/
kaksikko,/ˈkɑksikːo/
kakko,/ˈkɑkːo/
kakskertain,/ˈkɑksˌkertɑi̯ne/
kaksnaaglain,/ˈkɑksˌnɑːɡlɑi̯ne/
kakshaarain,/ˈkɑksˌhɑːrɑi̯ne/
kaksikkoin,/ˈkɑksikːoi̯ne/
kaksikkoin,/ˈkɑksikːoi̯n/
kakskolmatta,/ˈkɑksˌkolmɑtːɑ/
kakskymmenäs,/ˈkɑksˌkymːenæs/
kala,/ˈkɑlɑ/
kakspohjain,/ˈkɑksˌpohjɑi̯ne/
kaksvootiin,/ˈkɑksˌʋoːtine/
kalakajava,/ˈkɑlɑˌkɑjɑʋɑ/
kaksznacnoi,/ˈkɑksˌznɑt͡ʃnoi̯/
kalamerta,/ˈkɑlɑˌmertɑ/
kalapiirakka,/ˈkɑlɑˌpiːrɑkːɑ/
kalanmukain,/ˈkɑlɑnˌmukɑi̯ne/
kalanrakko,/ˈkɑlɑnˌrɑkːo/
kalapaikka,/ˈkɑlɑˌpɑi̯kːɑ/
kalbassi,/ˈkɑlbɑsːi/
kalastaa,/ˈkɑlɑstɑː/
kalatoin,/ˈkɑlɑtoi̯n/
kalanpyytö,/ˈkɑlɑnˌpyːtø/
kalitka,/ˈkɑlitkɑ/
kalasuppi,/ˈkɑlɑˌsupːi/
kalinamarja,/ˈkɑlinɑˌmɑrjɑ/
kalla,/ˈkɑlːɑ/
kalkkuna,/ˈkɑlkːunɑ/
kallas,/ˈkɑlːɑs/
kallis,/ˈkɑlːis/
Kalinin,/ˈkɑlinin/
kalmaluu,/ˈkɑlmɑˌluː/
kalindora,/ˈkɑlindorɑ/
kallio,/ˈkɑljo/
kamala,/ˈkɑmɑlɑ/
kambala,/ˈkɑmbɑlɑ/
kalliokas,/ˈkɑljokɑs/
kamenšikka,/ˈkɑmenʃikːɑ/
kana,/ˈkɑnɑ/
kamppania,/ˈkɑmpːɑniɑ/
kaloja,/ˈkɑlojɑ/
kanajoukko,/ˈkɑnɑˌjou̯kːo/
kaltain,/ˈkɑltɑi̯ne/
kamara,/ˈkɑmɑrɑ/
kammari,/ˈkɑmːɑri/
kananmuna,/ˈkɑnɑnˌmunɑ/
kananhaukka,/ˈkɑnɑnˌhɑu̯kːɑ/
kanansilmä,/ˈkɑnɑnˌsilmæ/
kanava,/ˈkɑnɑʋɑ/
kangassammal,/ˈkɑŋɡɑsˌsɑmːɑl/
kanaporoda,/ˈkɑnɑˌporodɑ/
kankaroittaa,/ˈkɑŋkɑroi̯tːɑː/
kanerva,/ˈkɑnerʋɑ/
kaneppi,/ˈkɑnepːi/
kannattaa,/ˈkɑnːɑtːɑː/
kannikka,/ˈkɑnːikːɑ/
kanki,/ˈkɑŋki/
kanta,/ˈkɑntɑ/
kanini,/ˈkɑnini/
kannus,/ˈkɑnːus/
kanto,/ˈkɑnto/
kantosammal,/ˈkɑntoˌsɑmːɑl/
kapa,/ˈkɑpɑ/
kapale,/ˈkɑpɑle/
kantaa,/ˈkɑntɑː/
kantaa,/ˈkɑntɑː/
kapalo,/ˈkɑpɑlo/
kapkana,/ˈkɑpkɑnɑ/
kapitalisticeskoi,/ˈkɑpitɑlistit͡ʃeskoi̯/
kaottaa,/ˈkɑotːɑː/
kapsoli,/ˈkɑpsoli/
kapusta,/ˈkɑpustɑ/
kapussantaimi,/ˈkɑpusːɑnˌtɑi̯mi/
kapalovöö,/ˈkɑpɑloˌʋøː/
karhu,/ˈkɑru/
karavooda,/ˈkɑrɑʋoːdɑ/
karata,/ˈkɑrɑtɑ/
karata,/ˈkɑrɑtɑ/
karjala,/ˈkɑrjɑlɑ/
kare,/ˈkɑre/
karjalain,/ˈkɑrjɑlɑi̯ne/
karassi,/ˈkɑrɑsːi/
karassi,/ˈkɑrɑsːi/
karja,/ˈkɑrjɑ/
karjaprogona,/ˈkɑrjɑˌproɡonɑ/
karmu,/ˈkɑrmu/
karkia,/ˈkɑrkiɑ/
karpala,/ˈkɑrpɑlɑ/
Karppa,/ˈkɑrpːɑ/
karjamaa,/ˈkɑrjɑˌmɑː/
karppi,/ˈkɑrpːi/
karsina,/ˈkɑrsinɑ/
karsittaa,/ˈkɑrsitːɑː/
karta,/ˈkɑrtɑ/
karsia,/ˈkɑrsiɑ/
kartain,/ˈkɑrtɑi̯ne/
kartta,/ˈkɑrtːɑ/
kartauhlu,/ˈkɑrtɑˌuhlu/
karvahattu,/ˈkɑrʋɑˌhɑtːu/
karva,/ˈkɑrʋɑ/
kas,/ˈkɑs/
kasis,/ˈkɑsisːɑ/
kasi,/ˈkɑsi/
kasi,/ˈkɑsi/
karttaa,/ˈkɑrtːɑː/
karttaa,/ˈkɑrtːɑː/
karvakas,/ˈkɑrʋɑkɑs/
kastua,/ˈkɑstuɑ/
karvaverkko,/ˈkɑrʋɑˌʋerkːo/
kasvaa,/ˈkɑsʋɑː/
kasvattaa,/ˈkɑsʋɑtːɑː/
kate,/ˈkɑte/
-kas,/-kɑs/
kateta,/ˈkɑtetɑ/
kasvattua,/ˈkɑsʋɑtːuɑ/
katolle,/ˈkɑtolːe/
katolt,/ˈkɑtoltɑ/
katkiissa,/ˈkɑtkiːsːɑ/
Katja,/ˈkɑtʲɑ/
kataja,/ˈkɑtɑjɑ/
kattaa,/ˈkɑtːɑː/
katos,/ˈkɑtos/
katos,/ˈkɑtosːɑ/
kattopäre,/ˈkɑtːoˌpære/
katselain,/ˈkɑt͡selɑi̯n/
katsella,/ˈkɑt͡selːɑ/
katsomus,/ˈkɑt͡somus/
kaunis,/ˈkɑu̯nis/
kautta,/ˈkɑu̯tːɑ/
katu,/ˈkɑtu/
kavuta,/ˈkɑʋutɑ/
kavvaks,/ˈkɑʋːɑkse/
katuškarihma,/ˈkɑtuʃkɑˌrihmɑ/
kaupanmees,/ˈkɑu̯pɑnˌmeːs/
-ke,/-ke/
kavvoa,/ˈkɑʋoɑ/
kaus,/ˈkɑu̯s/
kedrätä,/ˈkedrætæ/
keehuttaa,/ˈkeːhutːɑː/
keeli,/ˈkeːli/
kavvaa,/ˈkɑʋːɑː/
kedräsluu,/ˈkedræsˌluː/
keelitöö,/ˈkeːliˌtøː/
keeleel jauhaa,/ˈkeːlelːæ ˈjɑu̯hɑː/
keeltiissä,/ˈkeːltiːsːæ/
keeletöin,/ˈkeːletøi̯n/
keelto,/ˈkeːlto/
keeropäre,/ˈkeːroˌpære/
keero,/ˈkeːro/
kehittää,/ˈkehitːæː/
keerrellä,/ˈkeːrːelːæ/
kehnokkain,/ˈkehnokːɑi̯ne/
kehvelikäs,/ˈkehʋelikæs/
kehno,/ˈkehno/
kekelä,/ˈkekelæ/
keertyä,/ˈkeːrtyæ/
kelkka,/ˈkelkːɑ/
keihäs,/ˈkei̯hæs/
kekele,/ˈkekele/
kellankarvalliin,/ˈkelːɑnˌkɑrʋɑlːine/
kello,/ˈkelːo/
kekäle,/ˈkekæle/
kehvel,/ˈkehʋel/
kelmiä,/ˈkelmiæ/
kelpaamatoin,/ˈkelpɑːmɑtoi̯n/
kelta,/ˈkeltɑ/
keko,/ˈkeko/
keltacirkkulain,/ˈkeltɑˌt͡ʃirkːulɑi̯n/
ken,/ˈken/
kena,/ˈkenɑ/
kelto,/ˈkelto/
keltatauti,/ˈkeltɑˌtɑu̯ti/
"kenen ranta, senen raha","/ˈkenen ˈrɑntɑ, ˈsenen ˈrɑhɑ/"
ken siä oot?,/ˈken ˈsiæ̯ ˈoːt/
kenle,/ˈkenle/
kengätä,/ˈkeŋɡætæ/
kengätä,/ˈkeŋɡætæ/
kenen,/ˈkenen/
keltulain,/ˈkeltulɑi̯ne/
kenlee,/ˈkenleː/
"kenen voima, senen voli","/ˈkenen ˈʋoi̯mɑ, ˈsenen ˈʋoli/"
kenkää,/ˈkeŋkæː/
kenkää,/ˈkeŋkæː/
kenkää,/ˈkeŋkæː/
kenkää,/ˈkeŋkæː/
kepsahtaa,/ˈkepsɑhtɑː/
kepsahtaa,/ˈkepsɑhtɑː/
kera,/ˈkerɑ/
kera,/ˈkerɑ/
kepka,/ˈkepkɑ/
kero,/ˈkero/
keritä,/ˈkeritæ/
keritä,/ˈkeritæ/
kerppu,/ˈkerpːu/
kerros,/ˈkerːos/
kerkiäliha,/ˈkerkiæˌlihɑ/
kerosana,/ˈkeroˌsɑnɑ/
keroella,/ˈkero.elːɑ/
kersi,/ˈkersi/
-kertain,/-kertɑi̯ne/
kerraal,/ˈkerːɑlːɑ/
kerrääjät,/ˈkeræːjæt/
keräkapusta,/ˈkeræˌkɑpustɑ/
kerta,/ˈkertɑ/
kerttää,/ˈkertːæː/
kerus,/ˈkerus/
keräjä,/ˈkeræjæ/
keräjät,/ˈkeræjæt/
kerä,/ˈkeræ/
keskeel,/ˈkeskelːæ/
keskeel,/ˈkeskelːæ/
kesoin,/ˈkesoi̯ne/
keskikohta,/ˈkeskiˌkohtɑ/
kesä,/ˈkesæ/
keskinäin,/ˈkeskinæi̯ne/
kesäomena,/ˈkesæˌomenɑ/
kevät,/ˈkeʋæt/
kevätkuu,/ˈkeʋætˌkuː/
keskipaikka,/ˈkeskiˌpɑi̯kːɑ/
kesäpäivä,/ˈkesæˌpæi̯ʋæ/
kihlat,/ˈkihlɑt/
kevätlumi,/ˈkeʋætˌlumi/
kesävari,/ˈkesæˌʋɑri/
kesälintu,/ˈkesæˌlintu/
kiikari,/ˈkiːkɑri/
kiin,/ˈkiːn/
-ki,/-ki/
kiintiä,/ˈkiːntiæ/
kiisseli,/ˈkiːsːeli/
kiire,/ˈkiːre/
kiire,/ˈkiːre/
kiire,/ˈkiːre/
kiiliäin,/ˈkiːlijæi̯ne/
kiirehtää,/ˈkiːrehtæː/
kiitos,/ˈkiːtos/
kiitos,/ˈkiːtos/
kiiree,/ˈkiːreː/
kiissata,/ˈkiːsːɑtɑ/
Kiko,/ˈkiko/
kiitos leivält soolalt,/ˈkiːtos ˈlei̯ʋæltæ ˈsoːlɑltɑ/
kiissellä,/ˈkiːsːelːæ/
kiitta,/ˈkiːtːɑ/
kilinä,/ˈkilinæ/
kilina,/ˈkilinɑ/
kilo-,/ˈkilo-/
kiittää,/ˈkiːtːæː/
kiljua,/ˈkiljuɑ/
kilissä,/ˈkilisːæ/
kino,/ˈkino/
kino,/ˈkino/
kimalain,/ˈkimɑlɑi̯ne/
Kingisepp,/ˈkiŋɡisepːi/
kilogramma,/ˈkiloˌɡrɑmːɑ/
kipu,/ˈkipu/
kilometra,/ˈkiloˌmetrɑ/
kipuna,/ˈkipunɑ/
kirja,/ˈkirjɑ/
kirjailija,/ˈkirjɑi̯lijɑ/
kirissä,/ˈkirisːæ/
kirjamees,/ˈkirjɑˌmeːs/
kirjamerkki,/ˈkirjɑˌmerkːi/
kintakkain,/ˈkintɑkːɑi̯ne/
kippiä,/ˈkipiæ/
kippiä,/ˈkipiæ/
kirjava mato,/ˈkirjɑʋɑ ˈmɑto/
kirjakeeli,/ˈkirjɑˌkeːli/
kirjutella,/ˈkirjutelːɑ/
kirjutospraavila,/ˈkirjutosˌprɑːʋilɑ/
kirjanahka,/ˈkirjɑˌnɑhkɑ/
kirjutos,/ˈkirjutos/
kirkassuttaa,/ˈkirkɑsːutːɑː/
kirkko,/ˈkirkːo/
kirjava pouta,/ˈkirjɑʋɑ ˈpou̯tɑ/
kirkkokirja,/ˈkirkːoˌkirjɑ/
Kirjo,/ˈkirjo/
kirkkoaika,/ˈkirkːoˌɑi̯kɑ/
kirkkostaarosta,/ˈkirkːoˌstɑːrostɑ/
Kirkonmäki,/ˈkirkonˌmæki/
kirkkostoroža,/ˈkirkːoˌstoroʒɑ/
kirkonmänö,/ˈkirkonˌmænø/
kirkkovers,/ˈkirkːoˌʋers/
kirnahka,/ˈkirnɑhkɑ/
kirppu,/ˈkirpːu/
kirves,/ˈkirʋes/
kirkonvahti,/ˈkirkonˌʋɑhti/
kirnuta,/ˈkirnutɑ/
kisloroda,/ˈkislorodɑ/
kisko,/ˈkisko/
kis-kis,/ˈkis ˈkis/
kissankäpälä,/ˈkisːɑnˌkæpælæ/
kitsas,/ˈkit͡sɑs/
kissa,/ˈkisːɑ/
kiukaa,/ˈkiu̯kɑː/
kives,/ˈkiʋes/
kives,/ˈkiʋesːæ/
kiuru,/ˈkiu̯ru/
kivi,/ˈkiʋi/
kistocka,/ˈkistot͡ʃkɑ/
kivikallio,/ˈkiʋiˌkɑljo/
kivilooto,/ˈkiʋiˌloːto/
Kiukaansaari,/ˈkiu̯kɑːnˌsɑːri/
kiusata,/ˈkiu̯sɑtɑ/
kivimylly,/ˈkiʋiˌmylːy/
kivikirkko,/ˈkiʋiˌkirkːo/
kivimatara,/ˈkiʋiˌmɑtɑrɑ/
kiviraunio,/ˈkiʋiˌrɑu̯nio/
kivimäki,/ˈkiʋiˌmæki/
kivitee,/ˈkiʋiˌteː/
kivistää,/ˈkiʋistæː/
-kko,/-kːo/
-kka,/-kːɑ/
-kkö,/-kːø/
klaassa,/ˈklɑːsːɑ/
klasiputeli,/ˈklɑsiˌputeli/
klaiza,/ˈklɑi̯zɑ/
-kkain,/-kːɑi̯ne/
-kkain,/-kːɑi̯n/
-kkain,/-kːɑi̯n/
-kki,/-kːi/
kleittää,/ˈklei̯tːæː/
kleeveri,/ˈkleːʋeri/
kleima,/ˈklei̯mɑ/
klina,/ˈklinɑ/
klazi,/ˈklɑzi/
kloksaa,/ˈkloksɑː/
klonksu,/ˈkloŋksu/
-ko,/-ko/
ko,/ˈko/
klingata,/ˈkliŋɡɑtɑ/
klinata,/ˈklinɑtɑ/
koblata,/ˈkoblɑtɑ/
kloksuttaa,/ˈkloksutːɑː/
kohentaa,/ˈkohentɑː/
kluuba,/ˈkluːbɑ/
koheta,/ˈkohetɑ/
kohta,/ˈkohtɑ/
kohta,/ˈkohtɑ/
kohalliin,/ˈkohɑlːine/
koi,/ˈkoi̯/
kohvimylly,/ˈkohʋimylːy/
koikka,/ˈkoi̯kːɑ/
koira,/ˈkoi̯rɑ/
kohme,/ˈkohme/
koirankuudra,/ˈkoi̯rɑnˌkuːdrɑ/
koinia,/ˈkoi̯niɑ/
koiralt,/ˈkoi̯rɑltɑ/
koinvahti,/ˈko.inˌʋɑhti/
koipi,/ˈkoi̯pi/
koiranmarjapuu,/ˈkoi̯rɑnˌmɑrjɑˌpuː/
koiranputki,/ˈkoi̯rɑnˌputki/
koirannännä,/ˈkoi̯rɑnˌnænːæ/
koirapoika,/ˈkoi̯rɑˌpoi̯kɑ/
koivu,/ˈkoi̯ʋu/
koirus,/ˈkoi̯rus/
koiria,/ˈkoi̯riɑ/
koiria,/ˈkoi̯rijɑ/
koivuin,/ˈkoi̯ʋui̯ne/
koivuin,/ˈkoi̯ʋui̯ne/
koivuin,/ˈkoi̯ʋui̯n/
kokka,/ˈkokːɑ/
koirustaa,/ˈkoi̯rustɑː/
koitella,/ˈkoi̯telːɑ/
koivupuu,/ˈkoi̯ʋuˌpuː/
koivusikko,/ˈkoi̯ʋusikːo/
kokko,/ˈkokːo/
kokko,/ˈkokːo/
Kokkasaari,/ˈkokːɑˌsɑːri/
kokonaa,/ˈkokonɑː/
kokkaleukain,/ˈkokːɑˌleu̯kɑi̯ne/
kokki,/ˈkokːi/
kokkia,/ˈkokːiɑ/
kokkia,/ˈkokːiɑ/
kokkia,/ˈkokːijɑ/
kokkomaito,/ˈkokːoˌmɑi̯to/
kolbassi,/ˈkolbɑsːi/
kolhoza,/ˈkolhozɑ/
Kolja,/ˈkolʲɑ/
kolmaspäivä,/ˈkolmɑsˌpæi̯ʋæ/
kolissa,/ˈkolisːɑ/
kolmidjuimain,/ˈkolmiˌdʲui̯mɑi̯ne/
kolkuttaa,/ˈkolkutːɑː/
kolmipäin,/ˈkolmiˌpæi̯ne/
koloda,/ˈkolodɑ/
kolmanneks,/ˈkolmɑnːekse/
koltslogain,/ˈkoltˌsloɡɑi̯ne/
kolmiriukuin,/ˈkolmiˌriu̯kui̯ne/
koltznacnoi,/ˈkoltˌznɑt͡ʃnoi̯/
kolmivootiin,/ˈkolmiˌʋoːtine/
kolt,/ˈkolt/
komandoittaa,/ˈkomɑndoi̯tːɑː/
komentaa,/ˈkomentɑː/
komi,/ˈkomi/
komi,/ˈkomi/
komalle,/ˈkomɑlːe/
komitetta,/ˈkomiˌtetːɑ/
kommunisticeskoi,/ˈkomːunisˌtit͡ʃeskoi̯/
komissa,/ˈkomisːɑ/
konjokka,/ˈkonʲokːɑ/
konna,/ˈkonːɑ/
komkka,/ˈkomkːɑ/
konnankutu,/ˈkonːɑnˌkutu/
kommi,/ˈkomːi/
konjunktsia,/ˈkonjuŋkt͡siɑ/
konnankiisseli,/ˈkonːɑnˌkiːsːeli/
konsonantta,/ˈkonsoˌnɑntːɑ/
konsaa,/ˈkonsɑː/
kontia,/ˈkontiɑ/
konservazavoda,/ˈkonserʋɑˌzɑʋodɑ/
kontti,/ˈkontːi/
konvertti,/ˈkonʋertːi/
koohuissa,/ˈkoːhui̯sːɑ/
konttoori,/ˈkontːoːri/
koolle,/ˈkoːlːe/
koolleensanoma,/ˈkoːlːeːnˌsɑnomɑ/
kookkaveeras,/ˈkoːkːɑˌʋeːrɑs/
koollut,/ˈkoːlːut/
kooperativa,/ˈko.operɑtiʋɑ/
koorimaito,/ˈkoːriˌmɑi̯to/
kooma,/ˈkoːmɑ/
kooria,/ˈkoːriɑ/
kooria,/ˈkoːrijɑ/
koorma,/ˈkoːrmɑ/
koorre,/ˈkoːrːe/
koositoin,/ˈkoːsitoi̯n/
koormain,/ˈkoːrmɑi̯ne/
koormittee,/ˈkoːrmitːeː/
koormittee,/ˈkoːrmitːeː/
koosi,/ˈkoːsi/
korina,/ˈkorinɑ/
kori,/ˈkori/
kori,/ˈkori/
korissa,/ˈkorisːɑ/
kopekka,/ˈkopekːɑ/
korissella,/ˈkorisːelːɑ/
korkiaškoulu,/ˈkorkiɑˌʃkou̯lu/
korkia,/ˈkorkiɑ/
kormano,/ˈkormɑno/
korjahua,/ˈkorjɑhuɑ/
kormento,/ˈkormento/
korma,/ˈkormɑ/
koro,/ˈkoro/
korpi,/ˈkorpi/
Korpiniitty,/ˈkorpiˌniːtːy/
korkehus,/ˈkorkehus/
korsku,/ˈkorsku/
korppu,/ˈkorpːu/
korva,/ˈkorʋɑ/
kortsuta,/ˈkort͡sutɑ/
korvalappu,/ˈkorʋɑˌlɑpːu/
korria,/ˈkoriɑ/
korria,/ˈkoriɑ/
korria,/ˈkoriɑ/
kosjoa,/ˈkosjoɑ/
kosi,/ˈkosi/
kosi,/ˈkosi/
koski,/ˈkoski/
korppi,/ˈkorpːi/
Koskina,/ˈkoskinɑ/
kosija,/ˈkosijɑ/
kosija,/ˈkosijɑ/
koskelo,/ˈkoskelo/
koskia,/ˈkoskiɑ/
koskia,/ˈkoskiɑ/
koti,/ˈkoti/
kotihanhi,/ˈkotiˌhɑne/
kosikkivers,/ˈkosikːiˌʋers/
kosolain,/ˈkosolɑi̯ne/
kotikana,/ˈkotiˌkɑnɑ/
kotiisäntä,/ˈkotiˌisæntæ/
kotipääskö,/ˈkotiˌpæːskø/
kotisorsa,/ˈkotiˌsorsɑ/
kotihaltias,/ˈkotiˌhɑltiɑs/
kova,/ˈkoʋɑ/
kotilintu,/ˈkotiˌlintu/
kotisarka,/ˈkotiˌsɑrkɑ/
kotsena,/ˈkot͡senɑ/
kovast,/ˈkoʋɑstɑ/
kovast,/ˈkoʋɑstɑ/
kotipuu,/ˈkotiˌpuː/
koverus,/ˈkoʋerus/
koulu,/ˈkou̯lu/
kraami,/ˈkrɑːmi/
kovain,/ˈkoʋɑne/
kraasata,/ˈkrɑːsɑtɑ/
kraamia,/ˈkrɑːmiɑ/
kraamia,/ˈkrɑːmiɑ/
koveranenä,/ˈkoʋerɑˌnenæ/
krahmala,/ˈkrɑhmɑlɑ/
kraba,/ˈkrɑbɑ/
kovin,/ˈkoʋin/
krahmali,/ˈkrɑhmɑli/
krahmalo,/ˈkrɑhmɑlo/
kraappi,/ˈkrɑːpːi/
kraappi,/ˈkrɑːpːi/
krandašši,/ˈkrɑndɑʃːi/
krapu,/ˈkrɑpu/
krandošši,/ˈkrɑndoʃːi/
krasnoflotsa,/ˈkrɑsnoflot͡sɑ/
Kristus,/ˈkristus/
krepostnoi,/ˈkrepostnoi̯/
kronni,/ˈkronːi/
kreeposti,/ˈkreːposti/
krokodila,/ˈkrokodilɑ/
Krontsi,/ˈkront͡si/
kruglova,/ˈkruɡloʋɑ/
kroolikka,/ˈkroːlikːɑ/
-ks,/-kse/
krookkaa,/ˈkroːkːɑː/
-kse,/-kse/
ku,/ˈku/
kruga,/ˈkruɡɑ/
-ksennella,/-ksenːelːɑ/
kuerihma,/ˈkueˌrihmɑ/
krääkki,/ˈkræːkːi/
kui,/ˈkui̯/
ku vaa,/ˈku ˈʋɑː/
kuin,/ˈkui̯n/
kuettaa,/ˈkuetːɑː/
kuha,/ˈkuhɑ/
kuhu,/ˈkuhu/
kuherrella,/ˈkuherːelːɑ/
kuivus,/ˈkui̯ʋus/
kuja,/ˈkujɑ/
kuin sinnua kutsutaa?,/ˈkui̯n ˈsinuɑ ˈkut͡sutɑː/
kuiva maa,/ˈkui̯ʋɑ ˈmɑː/
kuivaa,/ˈkui̯ʋɑː/
kuivaa,/ˈkui̯ʋɑː/
kuivaa,/ˈkui̯ʋɑː/
kukkaaika,/ˈkukːɑˌɑi̯kɑ/
kukka,/ˈkukːɑ/
kujalt,/ˈkujɑltɑ/
kujalt,/ˈkujɑltɑ/
kukikas,/ˈkukikɑs/
kukkia,/ˈkukːiɑ/
kukkia,/ˈkukːijɑ/
kuka,/ˈkukɑ/
kukko,/ˈkukːo/
kukkoi,/ˈkukːoi̯sːe/
kukkoi,/ˈkukːoi̯sːe/
kujal,/ˈkujɑlːɑ/
kujal,/ˈkujɑlːɑ/
kukkakapusta,/ˈkukːɑˌkɑpustɑ/
kukkakimppu,/ˈkukːɑˌkimpːu/
kukkapata,/ˈkukːɑˌpɑtɑ/
kukkain,/ˈkukːɑi̯ne/
kukkura,/ˈkukːurɑ/
kulisavva,/ˈkuliˌsɑʋːɑ/
kukkohanhi,/ˈkukːoˌhɑne/
kulkku,/ˈkulkːu/
kukonkannus,/ˈkukonˌkɑnːus/
kulkia,/ˈkulkiɑ/
kulakka,/ˈkulɑkːɑ/
kukkula,/ˈkukːulɑ/
kulju,/ˈkulju/
kulikka,/ˈkulikːɑ/
kulja,/ˈkulʲɑ/
kulli,/ˈkulːi/
kulma,/ˈkulmɑ/
kulkkusolmi,/ˈkulkːuˌsolmi/
kullikoira,/ˈkulːiˌkoi̯rɑ/
kulmakarva,/ˈkulmɑˌkɑrʋɑ/
kullileva,/ˈkulːiˌleʋɑ/
kulo,/ˈkulo/
kultalappa,/ˈkultɑˌlɑpːɑ/
kullisika,/ˈkulːiˌsikɑ/
kultuuri,/ˈkultuːri/
kultaharja,/ˈkultɑˌhɑrjɑ/
kultapää,/ˈkultɑˌpæː/
kummitus,/ˈkumːitus/
kulu,/ˈkulu/
kulu,/ˈkulu/
kulu,/ˈkulu/
kumpa,/ˈkumpɑ/
kumpa,/ˈkumpɑ/
kumma,/ˈkumːɑ/
kulvehto,/ˈkulʋehto/
kunikaanhattu,/ˈkunikɑːnˌhɑtːu/
kunis,/ˈkunis/
kumpassi,/ˈkumpɑsːi/
kunitsa,/ˈkunit͡sɑ/
-kunta,/-ˌkuntɑ/
kumpainki,/ˈkumpɑi̯neki/
kunikas,/ˈkunikɑs/
kuningas,/ˈkuniŋɡɑs/
kupikkain,/ˈkupikːɑi̯ne/
kupahain,/ˈkupɑi̯ne/
kupo,/ˈkupo/
kupo,/ˈkupo/
kuppia,/ˈkupːiɑ/
kuppia,/ˈkupːiɑ/
kupeli,/ˈkupeli/
kupo kuiva,/ˈkupo ˈkui̯ʋɑ/
kuri,/ˈkuri/
kurimus,/ˈkurimus/
kuppari,/ˈkupːɑri/
kurissos,/ˈkurisːos/
kuras,/ˈkurɑs/
kuras,/ˈkurɑsːɑ/
kuristiissa,/ˈkurisˌtiːsːɑ/
kuppi,/ˈkupːi/
kuppikapja,/ˈkupːiˌkɑpjɑ/
kurki,/ˈkurki/
Kurenmäki,/ˈkurenˌmæki/
kuris,/ˈkurisːɑ/
kuris,/ˈkurisːɑ/
kuropatka,/ˈkuropɑtkɑ/
kurja,/ˈkurjɑ/
kurva,/ˈkurʋɑ/
kurissospatsas,/ˈkurisːosˌpɑt͡sɑs/
kurvikapa,/ˈkurʋiˌkɑpɑ/
kuristua,/ˈkuristuɑ/
kus,/ˈkusːɑ/
kuruli,/ˈkuruli/
kurssi,/ˈkursːi/
kus siä elät?,/ˈkus ˈsiæ̯ ˈelæt/
kuskaa,/ˈkuskɑː/
kuskaa,/ˈkuskɑː/
kusi,/ˈkusi/
kusi,/ˈkusi/
kurvi,/ˈkurʋi/
kusilain,/ˈkusilɑi̯ne/
kurviverkko,/ˈkurʋiˌʋerkːo/
kusirakko,/ˈkusiˌrɑkːo/
kust,/ˈkustɑ/
kust,/ˈkustɑ/
kust,/ˈkust/
kust,/ˈkust/
kutsumus,/ˈkut͡sumus/
kussaa,/ˈkusɑː/
kussaa,/ˈkusːɑː/
kuu,/ˈkuː/
kuttoa,/ˈkutoɑ/
kuudra,/ˈkuːdrɑ/
kuulla,/ˈkuːlːɑ/
kututtaa,/ˈkututːɑː/
kutu,/ˈkutu/
kututella,/ˈkutuˌtelːɑ/
kuulua,/ˈkuːluɑ/
kuuluva,/ˈkuːluʋɑ/
kuuluva,/ˈkuːluʋɑ/
kuuma,/ˈkuːmɑ/
kuumattaa,/ˈkuːmɑtːɑː/
kuunnella,/ˈkuːnːelːɑ/
kuumeta,/ˈkuːmetɑ/
kuusi,/ˈkuːsi/
kuumahtava,/ˈkuːmɑhtɑʋɑ/
kuus,/ˈkuːsi/
kuus,/ˈkuːsːɑ/
kuusamiin,/ˈkuːsɑmine/
kuusamiin,/ˈkuːsɑmiːn/
kuusiriuku,/ˈkuːsiˌriu̯ku/
kuusan,/ˈkuːsɑn/
kuuskymment,/ˈkuːsˌkymːentæ/
kuva,/ˈkuʋɑ/
kuuskolmatta,/ˈkuːsˌkolmɑtːɑ/
kuuvveskymmenäs,/ˈkuːʋːeskymːenæs/
kuusnännäin,/ˈkuːsˌnænːæi̯ne/
kuustoist,/ˈkuːstoi̯stɑ/
kuvetuuli,/ˈkuʋeˌtuːli/
kuuvalkia,/ˈkuːˌʋɑlkiɑ/
kuvikas,/ˈkuʋikɑs/
kuve,/ˈkuʋe/
kvadratta,/ˈkʋɑdrɑtːɑ/
kvadratti,/ˈkʋɑdrɑtːi/
kvadrattimetra,/ˈkʋɑdrɑtːiˌmetrɑ/
kvadraatta,/ˈkʋɑdrɑːtːɑ/
kyli,/ˈkyli/
kvadrattisantimetra,/ˈkʋɑdrɑtːiˌsɑntiˌmetrɑ/
kylki,/ˈkylki/
kylläisemp,/ˈkylːæi̯sempi/
kyllääs,/ˈkylːæsːæ/
kylmänväry,/ˈkylmænˌʋæry/
kylläin,/ˈkylːæi̯ne/
kylmäsuurima,/ˈkylmæˌsuːrimɑ/
kylvää,/ˈkylʋæː/
kylpyvasta,/ˈkylpyˌʋɑstɑ/
kylvö,/ˈkylʋø/
kylvömaa,/ˈkylʋøˌmɑː/
kylpy,/ˈkylpy/
kylä,/ˈkylæ/
kylvömašina,/ˈkylʋøˌmɑʃinɑ/
kymmenäs,/ˈkymːenæs/
kynnys,/ˈkynːys/
kyns,/ˈkynsi/
kynsvars,/ˈkynsiˌʋɑrsi/
kymmenikkö,/ˈkymːenikːø/
kynsi,/ˈkynsi/
kynsi,/ˈkynsi/
kyntteli,/ˈkyntːeli/
kynnetty,/ˈkynːetːy/
kysellä,/ˈkyselːæ/
kynttelä,/ˈkyntːelæ/
kyssyä anteeks,/ˈkysyæ ˈɑnteːksi/
kysymys,/ˈkysymys/
kyrpä,/ˈkyrpæ/
kytyt,/ˈkytyt/
kysymysforma,/ˈkysymysˌformɑ/
kyynärä,/ˈkyːnæræ/
kytin,/ˈkytin/
kyyry,/ˈkyːry/
kyyryselkäin,/ˈkyːryˌselkæi̯ne/
kyty,/ˈkyty/
kyttämees,/ˈkytːæˌmeːs/
kyttä,/ˈkytːæ/
kyytti,/ˈkyːtːi/
kähnätä,/ˈkæhnætæ/
kähäkkä,/ˈkæhækːæ/
käly,/ˈkæly/
käet,/ˈkæet/
käet,/ˈkæet/
kämmel,/ˈkæmːel/
käherä,/ˈkæheræ/
kännö,/ˈkænːø/
käppiäst,/ˈkæpiæstæ/
käppiäst,/ˈkæpiæstæ/
kämärä,/ˈkæmæræ/
käpö,/ˈkæpø/
kärki,/ˈkærki/
käpälä,/ˈkæpælæ/
käpehys,/ˈkæpehys/
känkky,/ˈkæŋkːy/
käppiä,/ˈkæpiæ/
kärkky,/ˈkærkːy/
Kärenki,/ˈkæreŋki/
kärppä,/ˈkærpːæ/
kärhiäin,/ˈkærijæi̯ne/
kärnäkonna,/ˈkærnæˌkonːɑ/
kärri,/ˈkærːi/
kärnäkäs,/ˈkærnækæs/
kärttyä,/ˈkærtːyæ/
käsi,/ˈkæsi/
kärsiä,/ˈkærsiæ/
-käs,/-kæs/
kärpäisen opokka,/ˈkærpæi̯sen ˈopokːɑ/
käsihohla,/ˈkæsiˌhohlɑ/
käsin,/ˈkæsin/
käsin,/ˈkæsin/
käsipuu,/ˈkæsiˌpuː/
käsivasara,/ˈkæsiˌʋɑsɑrɑ/
käsiranne,/ˈkæsiˌrɑnːe/
kätyt,/ˈkætyt/
käskyforma,/ˈkæskyˌformɑ/
käsky,/ˈkæsky/
käyvvä,/ˈkæʋːæ/
käskiä,/ˈkæskiæ/
käyttää,/ˈkæy̯tːæː/
kävely,/ˈkæʋely/
kävellä,/ˈkæʋelːæ/
köhhiä,/ˈkøhiæ/
köhhiä,/ˈkøhijæ/
käännös,/ˈkæːnːøs/
kääntiissä,/ˈkæːntiːsːæ/
kääntiellä,/ˈkæːnti.elːæ/
kääriä,/ˈkæːriæ/
köyhä,/ˈkøy̯hæ/
könkörä,/ˈkøŋkøræ/
köys,/ˈkøy̯s/
köhä,/ˈkøhæ/
-la,/-lɑ/
laaja,/ˈlɑːjɑ/
laageri,/ˈlɑːɡeri/
köyhykkäin,/ˈkøy̯hykːæi̯ne/
-laajain,/-lɑːjɑi̯ne/
laari,/ˈlɑːri/
köyttää,/ˈkøy̯tːæː/
Kьzьl,/ˈkɨzɨl/
laatka,/ˈlɑːtkɑ/
laappa,/ˈlɑːpːɑ/
Laari,/ˈlɑːri/
laatia,/ˈlɑːtiɑ/
laatihussa,/ˈlɑːtihusːɑ/
laatihua,/ˈlɑːtihuɑ/
lafka,/ˈlɑfkɑ/
laatta,/ˈlɑːtːɑ/
lagla,/ˈlɑɡlɑ/
laattiissa,/ˈlɑːtːiːsːɑ/
laglut,/ˈlɑɡlut/
lablahaili,/ˈlɑblɑˌhɑi̯li/
laho,/ˈlɑho/
laho,/ˈlɑho/
laija,/ˈlɑi̯jɑ/
lahe,/ˈlɑhe/
lahokas,/ˈlɑhokɑs/
laita,/ˈlɑi̯tɑ/
-lain,/-lɑi̯ne/
lahti,/ˈlɑhti/
lahti,/ˈlɑhti/
laki,/ˈlɑki/
laki,/ˈlɑki/
lakki,/ˈlɑkːi/
laimia,/ˈlɑi̯miɑ/
laina,/ˈlɑi̯nɑ/
lakkia,/ˈlɑkiɑ/
lakkia,/ˈlɑkiɑ/
lakkia,/ˈlɑkiɑ/
lakkia,/ˈlɑkiɑ/
lakkia,/ˈlɑkːiɑ/
lakiain,/ˈlɑkijɑi̯ne/
laiva,/ˈlɑi̯ʋɑ/
lakoitella,/ˈlɑkoi̯telːɑ/
lamppi,/ˈlɑmpːi/
lakso,/ˈlɑkso/
laksu,/ˈlɑksu/
langettaa,/ˈlɑŋɡetːɑː/
langeta,/ˈlɑŋɡetɑ/
lamppu,/ˈlɑmpːu/
lantsi,/ˈlɑnt͡si/
lanka,/ˈlɑŋkɑ/
langetella,/ˈlɑŋɡetelːɑ/
langokset,/ˈlɑŋɡokset/
lanttupiirakka,/ˈlɑntːuˌpiːrɑkːɑ/
lankain,/ˈlɑŋkɑi̯ne/
laottaa,/ˈlɑotːɑː/
lanttuvesi,/ˈlɑntːuˌʋesi/
lappi,/ˈlɑpːi/
lantuntaimi,/ˈlɑntunˌtɑi̯mi/
laota,/ˈlɑotɑ/
laota,/ˈlɑotɑ/
lappasooli,/ˈlɑpːɑˌsoːli/
lapseel,/ˈlɑpselːɑ/
lapsenlaulu,/ˈlɑpsenˌlɑu̯lu/
lapus,/ˈlɑpus/
lappu,/ˈlɑpːu/
laskiella,/ˈlɑski.elːɑ/
Lari,/ˈlɑri/
lasku,/ˈlɑsku/
lapsenna,/ˈlɑpsenːɑ/
lasta,/ˈlɑstɑ/
lassukkain,/ˈlɑsːukːɑi̯ne/
lassata,/ˈlɑsːɑtɑ/
lattoa,/ˈlɑtoɑ/
latsukkain,/ˈlɑt͡sukːɑi̯ne/
latva,/ˈlɑtʋɑ/
lauhketa,/ˈlɑu̯hketɑ/
laukaalain,/ˈlɑu̯kɑːlɑi̯ne/
laukkaheinä,/ˈlɑu̯kːɑˌhei̯næ/
Laukaansuu,/ˈlɑu̯kɑːnˌsuː/
Laukko,/ˈlɑu̯kːo/
laulaja,/ˈlɑu̯lɑjɑ/
laulattaa,/ˈlɑu̯lɑtːɑː/
lauhkia,/ˈlɑu̯hkiɑ/
laulo,/ˈlɑu̯lo/
lautain,/ˈlɑu̯tɑi̯ne/
lauta,/ˈlɑu̯tɑ/
lautajalka,/ˈlɑu̯tɑˌjɑlkɑ/
laurinlehti,/ˈlɑu̯rinˌlehti/
-le,/-le/
Lavvas,/ˈlɑʋːɑs/
leehku,/ˈleːhku/
Lavvassaari,/ˈlɑʋːɑsˌsɑːri/
lausa,/ˈlɑu̯sɑ/
leemi,/ˈleːmi/
leeka,/ˈleːkɑ/
lava,/ˈlɑʋɑ/
leetsa,/ˈleːt͡sɑ/
lehmä,/ˈlehmæ/
lehmäin,/ˈlehmæi̯ne/
leenöö,/ˈleːnøː/
lehmänvoi,/ˈlehmænˌʋoi̯/
lehmäkarja,/ˈlehmæˌkɑrjɑ/
lehti,/ˈlehti/
lehmuri,/ˈlehmuri/
legenda,/ˈleɡendɑ/
lehtolaps,/ˈlehtoˌlɑps/
lehmävasikka,/ˈlehmæˌʋɑsikːɑ/
leikata,/ˈlei̯kɑtɑ/
leikellä,/ˈlei̯kelːæ/
lehto,/ˈlehto/
lehtivimpa,/ˈlehtiˌʋimpɑ/
lehtimetsä,/ˈlehtiˌmet͡sæ/
leinätä,/ˈlei̯nætæ/
leipäaitta,/ˈlei̯pæˌɑi̯tːɑ/
leipähammas,/ˈlei̯pæˌhɑmːɑs/
leipämaa,/ˈlei̯pæˌmɑː/
leipää,/ˈlei̯pæː/
leipoa,/ˈlei̯poɑ/
leipä,/ˈlei̯pæ/
leipäveitsi,/ˈlei̯pæˌʋei̯t͡si/
leipää soolaa,/ˈlei̯pæː ˈsoːlɑː/
leipämulta,/ˈlei̯pæˌmultɑ/
leivykkäin,/ˈlei̯ʋykːæi̯ne/
lekkaa,/ˈlekːɑː/
leninskoi,/ˈleninskoi̯/
lens,/ˈlensi/
lekko,/ˈlekːo/
lennellä,/ˈlenːelːæ/
lentäjä,/ˈlentæjæ/
lentää,/ˈlentæː/
lentiissä,/ˈlentiːsːæ/
Leningrad,/ˈleniŋɡrɑd/
leppä,/ˈlepːæ/
leppälintu,/ˈlepːælintu/
Lenoblono,/ˈlenoblono/
lentämä,/ˈlentæmæ/
lento,/ˈlento/
leppyä,/ˈlepːyæ/
lesa-lesa,/ˈlesɑ ˈlesɑ/
leppäsikko,/ˈlepːæsikːo/
leppäsarka,/ˈlepːæˌsɑrkɑ/
leppävitsa,/ˈlepːæˌʋit͡sɑ/
leppäin,/ˈlepːæi̯ne/
leppäin,/ˈlepːæi̯ne/
lepo,/ˈlepo/
lesorirattaat,/ˈlesoriˌrɑtːɑːt/
letti,/ˈletːi/
lepyttää,/ˈlepytːæː/
leski,/ˈleski/
leski,/ˈleski/
leuka,/ˈleu̯kɑ/
leventää,/ˈleʋentæː/
lesorit,/ˈlesorit/
leva,/ˈleʋɑ/
levvyys,/ˈleʋyːs/
levehys,/ˈleʋehys/
levetä,/ˈleʋetæ/
lihaallas,/ˈlihɑˌɑlːɑs/
ležžiä,/ˈleʒiæ/
levviä,/ˈleʋiæ/
lihakas,/ˈlihɑkɑs/
lihava,/ˈlihɑʋɑ/
lihoittua,/ˈlihoi̯tːuɑ/
lihapiirakka,/ˈlihɑˌpiːrɑkːɑ/
lihoja,/ˈlihojɑ/
liikkumisorgana,/ˈliːkːumisˌorɡɑnɑ/
liikaa,/ˈliːkɑː/
liikaa,/ˈliːkɑː/
liijan,/ˈliːjɑn/
liijan,/ˈliːjɑn/
liikkumiin,/ˈliːkːumine/
liikkumiin,/ˈliːkːumine/
liikuttaa,/ˈliːkutːɑː/
liittyä,/ˈliːtːyæ/
liikkua,/ˈliːkːuɑ/
liiva,/ˈliːʋɑ/
liitsa,/ˈliːt͡sɑ/
liitsaluu,/ˈliːt͡sɑˌluː/
liittää,/ˈliːtːæː/
liivain,/ˈliːʋɑi̯ne/
liivamäki,/ˈliːʋɑˌmæki/
liivamaa,/ˈliːʋɑˌmɑː/
lika,/ˈlikɑ/
liki,/ˈliki/
liki,/ˈliki/
liivakko,/ˈliːʋɑkːo/
liivamätäs,/ˈliːʋɑˌmætæs/
liivakehvel,/ˈliːʋɑˌkehʋel/
linna,/ˈlinːɑ/
liivaperäin,/ˈliːʋɑˌperæi̯ne/
-likas,/-likɑs/
linevoittaa,/ˈlineʋoi̯tːɑː/
lintu,/ˈlintu/
linnast,/ˈlinːɑstɑ/
linnalain,/ˈlinːɑlɑi̯ne/
lintuin,/ˈlintui̯ne/
lintuin,/ˈlintui̯n/
lippiä,/ˈlipiæ/
lisätä,/ˈlisætæ/
liota,/ˈliotɑ/
liota,/ˈliotɑ/
litkiä,/ˈlitkiæ/
liottaa,/ˈliotːɑː/
lissäämiin,/ˈlisæːmine/
lissäämiin,/ˈlisæːmine/
Liukupäivä,/ˈliu̯kuˌpæi̯ʋæ/
livvari,/ˈliʋːɑri/
ljohkoi,/ˈlʲohkoi̯/
livvuttaa,/ˈliʋːutːɑː/
Litva,/ˈlitʋɑ/
loheta,/ˈlohetɑ/
-lle,/-lːe/
lohi,/ˈlohi/
ljuljuttaa,/ˈlʲulʲutːɑː/
lohkulaatka,/ˈlohkuˌlɑːtkɑ/
lollo,/ˈlolːo/
longuttaa,/ˈloŋɡutːɑː/
loba,/ˈlobɑ/
lonka,/ˈloŋkɑ/
looja,/ˈloːjɑ/
looks,/ˈloːkse/
loimi,/ˈloi̯mi/
lohko,/ˈlohko/
lonkka,/ˈloŋkːɑ/
loimirihma,/ˈloi̯miˌrihmɑ/
loonto,/ˈloːnto/
loon,/ˈloːn/
loon,/ˈloːn/
looksepääsemätöin,/ˈloːkseˌpæːsemætøi̯n/
lootin,/ˈloːtine/
looma,/ˈloːmɑ/
looto,/ˈloːto/
loovva,/ˈloːʋːɑ/
lopputalvi,/ˈlopːuˌtɑlʋi/
loru,/ˈloru/
loppu,/ˈlopːu/
loppu,/ˈlopːu/
loovve,/ˈloːʋːe/
loukkulain,/ˈlou̯kːulɑi̯ne/
loukuttaa,/ˈlou̯kutːɑː/
lopettaa,/ˈlopetːɑː/
loukata,/ˈlou̯kɑtɑ/
Loukkula,/ˈlou̯kːulɑ/
lovi,/ˈloʋi/
lounat,/ˈlou̯nɑt/
lovine,/ˈloʋine/
luetella,/ˈluetelːɑ/
luettaa,/ˈluetːɑː/
luhka,/ˈluhkɑ/
-lt,/-ltɑ/
luikkamus,/ˈlui̯kːɑmus/
luhta,/ˈluhtɑ/
luiska,/ˈlui̯skɑ/
luisata,/ˈlui̯sɑtɑ/
lukku,/ˈlukːu/
luku,/ˈluku/
lumi,/ˈlumi/
lumihanki,/ˈlumiˌhɑŋki/
luikata,/ˈlui̯kɑtɑ/
lumihiutale,/ˈlumiˌhiu̯tɑle/
lumiin,/ˈlumine/
lumikulvehto,/ˈlumiˌkulʋehto/
luiskakivi,/ˈlui̯skɑˌkiʋi/
lumituisku,/ˈlumiˌtui̯sku/
lumiukko,/ˈlumiˌukːo/
lumimees,/ˈlumiˌmeːs/
lumipyry,/ˈlumiˌpyry/
lunt,/ˈluntɑ/
lunastaa,/ˈlunɑstɑː/
lusikka,/ˈlusikːɑ/
lusikkain,/ˈlusikːɑi̯ne/
lunta,/ˈluntɑ/
luu,/ˈluː/
luukas,/ˈluːkɑs/
lunata,/ˈlunɑtɑ/
luun,/ˈluːn/
luun,/ˈlu.un/
lutistaa,/ˈlutistɑː/
luta,/ˈlutɑ/
luuta,/ˈluːtɑ/
luuta,/ˈluːtɑ/
lyhyt,/ˈlyhyt/
lyhhyemp,/ˈlyhyempi/
luvata,/ˈluʋɑtɑ/
lyhytväliin,/ˈlyhytˌʋæline/
lyhentyä,/ˈlyhentyæ/
lykkähys,/ˈlykːæhys/
lupa,/ˈlupɑ/
lykky,/ˈlykːy/
lyhhyys,/ˈlyhyːs/
-lä,/-læ/
lähe,/ˈlæhe/
lähe,/ˈlæhe/
lypsäjä,/ˈlypsæjæ/
lähtiisvers,/ˈlæhtiːsˌʋers/
lypsylehmä,/ˈlypsyˌlehmæ/
lypsö,/ˈlypsø/
lähtämä,/ˈlæhtæmæ/
lähtiä,/ˈlæhtiæ/
lämmin,/ˈlæmːin/
läkkämys,/ˈlækːæmys/
läkäellä,/ˈlækæ.elːæ/
lämmike,/ˈlæmːike/
lämmitös,/ˈlæmːitøs/
läkkämyskeeli,/ˈlækːæmysˌkeːli/
Läns-Siberi,/ˈlænsˌsiberi/
lämmittää,/ˈlæmːitːæː/
läpi,/ˈlæpi/
läpi,/ˈlæpi/
läpi,/ˈlæpi/
läpituuli,/ˈlæpiˌtuːli/
lätikkä,/ˈlætikːæ/
länget,/ˈlæŋɡet/
läävä,/ˈlæːʋæ/
läätä,/ˈlæ.ætæ/
löövvä vettoa,/ˈløːʋːæ ˈʋetoɑ/
länsilounat,/ˈlænsiˌlou̯nɑt/
-ma,/-mɑ/
maa,/ˈmɑː/
maaheinä,/ˈmɑːˌhei̯næ/
löyly,/ˈløy̯ly/
löyhyttää,/ˈløy̯hytːæː/
Maahenkeys,/ˈmɑːˌheŋkey̯s/
löövvä,/ˈlyʋːæ/
maackalehti,/ˈmɑːt͡ʃkɑˌlehti/
maakimalain,/ˈmɑːˌkimɑlɑi̯ne/
maakoma,/ˈmɑːˌkomɑ/
maamees,/ˈmɑːˌmeːs/
maahiin,/ˈmɑːhine/
maamunapumppu,/ˈmɑːˌmunɑˌpumpːu/
maamunavelli,/ˈmɑːmunɑˌʋelːi/
maakkoin,/ˈmɑːkːoi̯ne/
maamygrä,/ˈmɑːˌmyɡræ/
maanpäälys,/ˈmɑːnˌpæːlys/
maamunakooppa,/ˈmɑːmunɑˌkoːpːɑ/
maanšaara,/ˈmɑːnˌʃɑːrɑ/
maapaikka,/ˈmɑːˌpɑi̯kːɑ/
maanalain,/ˈmɑːnˌɑlɑi̯ne/
maantaki,/ˈmɑːnˌtɑki/
maansyän,/ˈmɑːnˌsyæn/
maapala,/ˈmɑːˌpɑlɑ/
Maarianpyhä,/ˈmɑːriɑnˌpyhæ/
maapökkö,/ˈmɑːˌpøkːø/
maantee,/ˈmɑːnˌteː/
maarit,/ˈmɑːrit/
maarot,/ˈmɑːrot/
maasteroittaa,/ˈmɑːsteroi̯tːɑː/
Maarianpäivä,/ˈmɑːriɑnˌpæi̯ʋæ/
maatalohusprodukta,/ˈmɑːˌtɑlohusˌproduktɑ/
maasipuli,/ˈmɑːˌsipuli/
maazi,/ˈmɑːzi/
Madagaskara,/ˈmɑdɑɡɑskɑrɑ/
maattuška,/ˈmɑːtːuʃkɑ/
maata,/ˈmɑ.ɑtɑ/
maata,/ˈmɑːtɑ/
mae,/ˈmɑe/
maatrenki,/ˈmɑːˌtreŋki/
mahtaa,/ˈmɑhtɑː/
mahlain,/ˈmɑhlɑi̯ne/
mai,/ˈmɑi̯/
mahlakas,/ˈmɑhlɑkɑs/
maikuu,/ˈmɑi̯ˌkuː/
mahomettiläin,/ˈmɑhometːilæi̯ne/
maina,/ˈmɑi̯nɑ/
maijokas,/ˈmɑi̯jokɑs/
maissella,/ˈmɑi̯sːelːɑ/
mainia,/ˈmɑi̯niɑ/
maito,/ˈmɑi̯to/
Maipraaznikka,/ˈmɑi̯ˌprɑːznikːɑ/
maitopata,/ˈmɑi̯toˌpɑtɑ/
mainita,/ˈmɑi̯nitɑ/
maitosarvi,/ˈmɑi̯toˌsɑrʋi/
maitovarsa,/ˈmɑi̯toˌʋɑrsɑ/
majamees,/ˈmɑjɑˌmeːs/
maitse,/ˈmɑi̯t͡se/
makjassella,/ˈmɑkjɑsːelːɑ/
maitokukka,/ˈmɑi̯toˌkukːɑ/
maja,/ˈmɑjɑ/
maklakka,/ˈmɑklɑkːɑ/
Makara,/ˈmɑkɑrɑ/
makoittaa,/ˈmɑkoi̯tːɑː/
mako,/ˈmɑko/
maksa,/ˈmɑksɑ/
maksa,/ˈmɑksɑ/
makoitos,/ˈmɑkoi̯tos/
makuin,/ˈmɑkui̯ne/
makuin,/ˈmɑkui̯ne/
maku,/ˈmɑku/
malketa,/ˈmɑlketɑ/
malja,/ˈmɑljɑ/
malitva,/ˈmɑlitʋɑ/
maksaa,/ˈmɑksɑː/
maksaa,/ˈmɑksɑː/
manasteri,/ˈmɑnɑsteri/
mallas,/ˈmɑlːɑs/
mammata,/ˈmɑmːɑtɑ/
Mancžjuria,/ˈmɑnt͡ʃ.ʒʲuriɑ/
Manja,/ˈmɑnʲɑ/
manna,/ˈmɑnːɑ/
mantere,/ˈmɑntere/
manitella,/ˈmɑnitelːɑ/
Marfa,/ˈmɑrfɑ/
marja,/ˈmɑrjɑ/
mankua,/ˈmɑŋkuɑ/
marjakas,/ˈmɑrjɑkɑs/
manju,/ˈmɑnʲu/
maokas,/ˈmɑokɑs/
marakatti,/ˈmɑrɑkɑtːi/
marjakärkkä,/ˈmɑrjɑˌkærkːæ/
marjasaadu,/ˈmɑrjɑˌsɑːdu/
mama,/ˈmɑmɑ/
marjamerta,/ˈmɑrjɑˌmertɑ/
marli,/ˈmɑrli/
marjavesi,/ˈmɑrjɑˌʋesi/
marjukkain,/ˈmɑrjukːɑi̯ne/
markittana,/ˈmɑrkitːɑnɑ/
marjavars,/ˈmɑrjɑˌʋɑrsi/
markkinat,/ˈmɑrkːinɑt/
marttikuu,/ˈmɑrtːiˌkuː/
masštaaba,/ˈmɑsʃtɑːbɑ/
martti,/ˈmɑrtːi/
matalain,/ˈmɑtɑlɑi̯ne/
masterskoi,/ˈmɑsterskoi̯/
Maslitsa,/ˈmɑslit͡sɑ/
matalus,/ˈmɑtɑlus/
mašinista,/ˈmɑʃinistɑ/
mašina,/ˈmɑʃinɑ/
maštiin,/ˈmɑʃtine/
matka,/ˈmɑtkɑ/
matala,/ˈmɑtɑlɑ/
matala,/ˈmɑtɑlɑ/
matalaisest,/ˈmɑtɑlɑi̯sestɑ/
matalaisest,/ˈmɑtɑlɑi̯sestɑ/
matoheinä,/ˈmɑtoˌhei̯næ/
matkustaa,/ˈmɑtkustɑː/
matokkain,/ˈmɑtokːɑi̯ne/
meehensolmi,/ˈmeːhenˌsolmi/
matsaa,/ˈmɑt͡sɑː/
maukas,/ˈmɑ.ukɑs/
meekka,/ˈmeːkːɑ/
meebeli,/ˈmeːbeli/
meehusta,/ˈmeːhustɑ/
meeselokas,/ˈmeːsˌelokɑs/
meeseläjä,/ˈmeːsˌelæjæ/
meekäs,/ˈme.ekæs/
mato,/ˈmɑto/
meeskooma,/ˈmeːsˌkoːmɑ/
meeletöin,/ˈmeːletøi̯n/
meest,/ˈmeːst/
meest,/ˈme.estæ/
meel,/ˈmeːl/
meel,/ˈme.elːæ/
meesta,/ˈmeːstɑ/
mehiläin,/ˈmehilæi̯ne/
mehetöin,/ˈmehetøi̯n/
meettiä,/ˈmeːtːiæ/
mehiläispatsas,/ˈmehilæi̯sˌpɑt͡sɑs/
meil,/ˈmei̯lːæ/
meille,/ˈmei̯lːe/
meijen,/ˈmei̯jen/
meist,/ˈmei̯stæ/
mehtää,/ˈmehtæː/
meistari,/ˈmei̯stɑri/
mela,/ˈmelɑ/
mekko,/ˈmekːo/
merennenä,/ˈmerenˌnenæ/
Merensuu,/ˈmerenˌsuː/
meri,/ˈmeri/
mekkiä,/ˈmekːiæ/
meis,/ˈmei̯sːæ/
meisteri,/ˈmei̯steri/
merennukka,/ˈmerenˌnukːɑ/
merijoršši,/ˈmeriˌjorʃːi/
merenvaahto,/ˈmerenˌʋɑːhto/
merenajo,/ˈmerenˌɑjo/
merihärkä,/ˈmeriˌhærkæ/
merinoora,/ˈmeriˌnoːrɑ/
meriglaisa,/ˈmeriˌɡlɑi̯sɑ/
meritee,/ˈmeriˌteː/
merimees,/ˈmeriˌmeːs/
merinootta,/ˈmeriˌnoːtːɑ/
merisavi,/ˈmeriˌsɑʋi/
meriportta,/ˈmeriˌportːɑ/
meritse,/ˈmerit͡se/
merkitty,/ˈmerkitːy/
meritähti,/ˈmeriˌtæhti/
merta,/ˈmertɑ/
merivesi,/ˈmeriˌʋesi/
mero,/ˈmero/
merizveeri,/ˈmeriˌzʋeːri/
mesimarja,/ˈmesiˌmɑrjɑ/
mesto,/ˈmesto/
mertatovvi,/ˈmertɑˌtoʋːi/
merkki,/ˈmerkːi/
mesipatsas,/ˈmesiˌpɑt͡sɑs/
metsokana,/ˈmet͡soˌkɑnɑ/
metra,/ˈmetrɑ/
metsokukko,/ˈmet͡soˌkukːo/
mesi,/ˈmesi/
metsikäs,/ˈmet͡sikæs/
metsähiin,/ˈmet͡sæhine/
metsäemä,/ˈmet͡sæˌemæ/
metsittyä,/ˈmet͡sitːyæ/
metsäherra,/ˈmet͡sæˌherːɑ/
metsäkarhu,/ˈmet͡sæˌkɑru/
metsälucikkain,/ˈmet͡sæˌlut͡ʃikːɑi̯ne/
Metsäkylä,/ˈmet͡sæˌkylæ/
metsäomenapuu,/ˈmet͡sæˌomenɑˌpuː/
metsäniitty,/ˈmet͡sæˌniːtːy/
metsännukka,/ˈmet͡sænˌnukːɑ/
metsävahti,/ˈmet͡sæˌʋɑhti/
metsäomena,/ˈmet͡sæˌomenɑ/
metsätee,/ˈmet͡sæˌteː/
miina,/ˈmiːnɑ/
metsävoohi,/ˈmet͡sæˌʋoːhi/
miira,/ˈmiːrɑ/
mikkää,/ˈmikæː/
miks,/ˈmikse/
miks,/ˈmikse/
mikäli,/ˈmikæli/
Mihalka,/ˈmihɑlkɑ/
mikroba,/ˈmikrobɑ/
milli-,/ˈmilːi-/
mikä,/ˈmikæ/
mikälitse,/ˈmikælit͡se/
millain,/ˈmilːɑi̯ne/
millimetra,/ˈmilːiˌmetrɑ/
miltain,/ˈmiltɑi̯ne/
miltäin,/ˈmiltæi̯ne/
mis,/ˈmisːæ/
minni,/ˈminːi/
miltäläin,/ˈmiltælæi̯ne/
minnua kutsutaa …,/ˈminuɑ ˈkut͡sutɑː/
minnua,/ˈminuɑ/
minjä,/ˈminjæ/
mitä kuuluu?,/ˈmitæ ˈkuːluː/
miten,/ˈmiten/
minutti,/ˈminutːi/
miuhu,/ˈmiu̯hu/
miul ono jano,/ˈmiu̯lːɑ ˈono ˈjɑno/
miulle,/ˈmiu̯lːe/
miul ei oo rahhaa,/ˈmiu̯lːɑ ˈejoː ˈrɑhɑː/
mitellä,/ˈmitelːæ/
miust,/ˈmiu̯stɑ/
mius,/ˈmiu̯sːɑ/
miunna,/ˈmiu̯nːɑ/
miul ono kakskymment vootta,/ˈmiu̯lːɑ ˈono ˈkɑksˌkymːentæ ˈʋoːtːɑ/
miä suvvaan sinnua,/ˈmiæ̯ ˈsuʋɑːn ˈsinuɑ/
miä öksyin,/ˈmiæ̯ ˈøksyi̯n/
mockovatoi,/ˈmot͡ʃkoʋɑtoi̯/
moisnikka,/ˈmoi̯snikːɑ/
min,/ˈmin/
moiso,/ˈmoi̯so/
mokkoo,/ˈmokoː/
mokoma,/ˈmokomɑ/
-moin,/-moi̯ne/
moni,/ˈmoni/
molemmat,/ˈmolemːɑt/
molotsa,/ˈmolot͡sɑ/
molommat,/ˈmolomːɑt/
mont,/ˈmont/
mont,/ˈmont/
moni-,/ˈmoni-/
monetta,/ˈmonetːɑ/
monetta,/ˈmonetːɑ/
mookkahua,/ˈmoːkːɑhuɑ/
mooto,/ˈmoːto/
mookata,/ˈmoːkɑtɑ/
mookka,/ˈmoːkːɑ/
morkuna,/ˈmorkunɑ/
moru,/ˈmoru/
morsia,/ˈmorsiɑ/
morža,/ˈmorʒɑ/
mookkahus,/ˈmoːkːɑhus/
morkofka,/ˈmorkofkɑ/
mufta,/ˈmuftɑ/
muhukas,/ˈmuhukɑs/
muila,/ˈmui̯lɑ/
muilakas,/ˈmui̯lɑkɑs/
Moskova,/ˈmoskoʋɑ/
mraamori,/ˈmrɑːmori/
muilata,/ˈmui̯lɑtɑ/
muhku,/ˈmuhku/
muakas,/ˈmuɑkɑs/
muites,/ˈmui̯tes/
muinaa,/ˈmui̯nɑː/
mukava,/ˈmukɑʋɑ/
mukahua,/ˈmukɑhuɑ/
muistaa,/ˈmui̯stɑː/
mukkaa,/ˈmukɑː/
muitas,/ˈmui̯tɑs/
mukkura,/ˈmukːurɑ/
mukertaa,/ˈmukertɑː/
muko-muko,/ˈmuko ˈmuko/
mukistaa,/ˈmukistɑː/
mulkku,/ˈmulkːu/
mukistaja,/ˈmukistɑjɑ/
mullittaa,/ˈmulːitːɑː/
mukoittaa,/ˈmukoi̯tːɑː/
mummukkain,/ˈmumːukːɑi̯ne/
muna,/ˈmunɑ/
mullakas,/ˈmulːɑkɑs/
multamaa,/ˈmultɑˌmɑː/
munakooppa,/ˈmunɑˌkoːpːɑ/
munapudro,/ˈmunɑˌpudro/
munalohko,/ˈmunɑˌlohko/
munalaatka,/ˈmunɑˌlɑːtkɑ/
munain,/ˈmunɑi̯ne/
multa,/ˈmultɑ/
munittaa,/ˈmunitːɑː/
munakakku,/ˈmunɑˌkɑkːu/
munnia,/ˈmuniɑ/
munnia,/ˈmunijɑ/
munavoi,/ˈmunɑˌʋoi̯/
munapesä,/ˈmunɑˌpesæ/
murkina,/ˈmurkinɑ/
murjata,/ˈmurjɑtɑ/
murhata,/ˈmurɑtɑ/
murkinoija,/ˈmurkinoi̯jɑ/
murhe,/ˈmure/
murjoa,/ˈmurjoɑ/
muru,/ˈmuru/
murna,/ˈmurnɑ/
-mus,/-mus/
muromaito,/ˈmuroˌmɑi̯to/
muruin,/ˈmurui̯ne/
murria,/ˈmuriɑ/
mussikka,/ˈmusːikːɑ/
murnapooli,/ˈmurnɑˌpoːli/
muskula,/ˈmuskulɑ/
musta,/ˈmustɑ/
musta,/ˈmustɑ/
murukkain,/ˈmurukːɑi̯ne/
murtaa,/ˈmurtɑː/
mussanmaa,/ˈmusːɑnˌmɑː/
mussikkain,/ˈmusːikːɑi̯ne/
Mussikki,/ˈmusːikːi/
mut,/ˈmut/
muta,/ˈmutɑ/
mustarästähäin,/ˈmustɑˌræstæhæi̯ne/
musta leipä,/ˈmustɑ ˈlei̯pæ/
Muti,/ˈmuti/
muu,/ˈmuː/
muu,/ˈmuː/
muu,/ˈmuː/
muudra,/ˈmuːdrɑ/
mutkikas,/ˈmutkikɑs/
mustapertti,/ˈmustɑˌpertːi/
mutissa,/ˈmutisːɑ/
muukalain,/ˈmuːkɑlɑi̯ne/
muuttiissa,/ˈmuːtːiːsːɑ/
mutkitella,/ˈmutkitelːɑ/
mutka,/ˈmutkɑ/
muuttumiin,/ˈmuːtːumine/
muuttumiin,/ˈmuːtːumine/
mygrä,/ˈmyɡræ/
muurain,/ˈmuːrɑi̯n/
myhhiä,/ˈmyhiæ/
muuttua,/ˈmuːtːuɑ/
myhähtää,/ˈmyhæhtæː/
muuzeja,/ˈmuːzejɑ/
mytty,/ˈmytːy/
myssy,/ˈmysːy/
myrkky,/ˈmyrkːy/
mygrikäs,/ˈmyɡrikæs/
myrsky,/ˈmyrsky/
mylly,/ˈmylːy/
myykiä,/ˈmyːkiæ/
Mäkkylä,/ˈmækːylæ/
mytykkäin,/ˈmytykːæi̯ne/
mäki,/ˈmæki/
männä,/ˈmænːæ/
männä,/ˈmænːæ/
myykkiä,/ˈmyːkːiæ/
mämlä,/ˈmæmlæ/
-mä,/-mæ/
mänettää,/ˈmænetːæː/
männävootiin,/ˈmænːæˌʋoːtine/
märkä,/ˈmærkæ/
märkänevä,/ˈmærkæneʋæ/
märetä,/ˈmæretæ/
märätä,/ˈmærætæ/
männöö,/ˈmænøː/
männöö,/ˈmænːøː/
männöö,/ˈmænøː/
mänö,/ˈmænø/
märkänessä,/ˈmærkæˌnesːæ/
mätäkeeli,/ˈmætæˌkeːli/
mäsnikkä,/ˈmæsnikːæ/
määrätty,/ˈmæːrætːy/
määrätty,/ˈmæːrætːy/
määrä,/ˈmæːræ/
mätökset,/ˈmætøkset/
mörnää,/ˈmørnæː/
mätänäpykkä,/ˈmætæˌnæpykːæ/
möry,/ˈmøry/
möit,/ˈmøi̯t/
möit,/ˈmøi̯t/
mömmöttää,/ˈmømːøtːæː/
mörähtää,/ˈmøræhtæː/
-n,/-n/
-n,/-n/
mööhää,/ˈmøːhæː/
mööhää,/ˈmøːhæː/
mööhässellä,/ˈmøːhæsːelːæ/
n.s.,/en ˈes/
-na,/-nɑ/
naaglia,/ˈnɑːɡliɑ/
mööt,/ˈmøːt/
mööt,/ˈmøːt/
naaglan,/ˈnɑːɡlɑn/
naagla,/ˈnɑːɡlɑ/
naaglita,/ˈnɑːɡlitɑ/
naappapää,/ˈnɑːpːɑˌpæː/
naarata,/ˈnɑːrɑtɑ/
naappojain,/ˈnɑːpːojɑi̯ne/
naappopää,/ˈnɑːpːoˌpæː/
naakeli,/ˈnɑːkeli/
nagrahtaa,/ˈnɑɡrɑhtɑː/
nagraa,/ˈnɑɡrɑː/
nagratella,/ˈnɑɡrɑtelːɑ/
nagres,/ˈnɑɡres/
naapurikeeli,/ˈnɑːpuriˌkeːli/
nagraksennella,/ˈnɑɡrɑksenːelːɑ/
Naasto,/ˈnɑːsto/
nahankiskoja,/ˈnɑhɑnˌkiskojɑ/
nahatoin,/ˈnɑhɑtoi̯n/
nahkalappa,/ˈnɑhkɑˌlɑpːɑ/
nagreskapusta,/ˈnɑɡresˌkɑpustɑ/
nahkamuna,/ˈnɑhkɑˌmunɑ/
nahkapolle,/ˈnɑhkɑˌpolːe/
naija,/ˈnɑi̯jɑ/
nahkia,/ˈnɑhkiɑ/
naikkimees,/ˈnɑi̯kːiˌmeːs/
nahkuri,/ˈnɑhkuri/
naimiskauppa,/ˈnɑi̯misˌkɑu̯pːɑ/
naikkipoika,/ˈnɑi̯kːiˌpoi̯kɑ/
naisikko,/ˈnɑi̯sikːo/
-nain,/-nɑi̯ne/
naiselliin,/ˈnɑi̯selːine/
naisiinpäivä,/ˈnɑi̯siːnˌpæi̯ʋæ/
naittaa,/ˈnɑi̯tːɑː/
naiskooma,/ˈnɑi̯sˌkoːmɑ/
naksahtaa,/ˈnɑksɑhtɑː/
naiseläjä,/ˈnɑi̯sˌelæjæ/
naksuttaja,/ˈnɑksutːɑjɑ/
naissuku,/ˈnɑi̯sˌsuku/
naittamatoin,/ˈnɑi̯tːɑmɑtoi̯n/
naksutella,/ˈnɑksutelːɑ/
napanoora,/ˈnɑpɑˌnoːrɑ/
namasteri,/ˈnɑmɑsteri/
napilka,/ˈnɑpilkɑ/
naljakas,/ˈnɑljɑkɑs/
napapuu,/ˈnɑpɑˌpuː/
namintka,/ˈnɑmintkɑ/
narrata,/ˈnɑrːɑtɑ/
narskaa,/ˈnɑrskɑː/
nartat,/ˈnɑrtɑt/
napata,/ˈnɑpɑtɑ/
napa,/ˈnɑpɑ/
nasse,/ˈnɑsːe/
nasse,/ˈnɑsːe/
Nasto,/ˈnɑsto/
nattiissa,/ˈnɑtiːsːɑ/
napsuttaa,/ˈnɑpsutːɑː/
naulacka,/ˈnɑu̯lɑt͡ʃkɑ/
napsu,/ˈnɑpsu/
ne,/ˈne/
ne,/ˈne/
naskeli,/ˈnɑskeli/
Narva,/ˈnɑrʋɑ/
Nastasja,/ˈnɑstɑsjɑ/
neegla,/ˈneːɡlɑ/
nefti,/ˈnefti/
nauha,/ˈnɑu̯hɑ/
neelu,/ˈneːlu/
neemi,/ˈneːmi/
Neito,/ˈnei̯to/
neet,/ˈneːt/
neet,/ˈneːt/
neitsykkäin,/ˈnei̯t͡sykːæi̯ne/
neljäskymmenäs,/ˈneljæsˌkymːenæs/
neljä,/ˈneljæ/
neljältää,/ˈneljæltæː/
neljätoist kymmenäs,/ˈneljætoi̯stɑ ˈkymːenæs/
neljäspäivä,/ˈneljæsˌpæi̯ʋæ/
nenä,/ˈnenæ/
neljäveeruin,/ˈneljæˌʋeːrui̯ne/
nenätöin,/ˈnenætøi̯n/
neljävootiin,/ˈneljæˌʋoːtine/
nenätauti,/ˈnenæˌtɑu̯ti/
nerva,/ˈnerʋɑ/
nenähooku,/ˈnenæˌhoːku/
netrudnosposobnoi,/ˈnetrudnosposobnoi̯/
nevvoa,/ˈneʋːoɑ/
nevvoa,/ˈneʋːoɑ/
nevvo,/ˈneʋːo/
Niderland,/ˈniderlɑnd/
niin,/ˈniːn/
niin,/ˈniːn/
niin,/ˈniːn/
nii ku,/ˈniː ˈku/
nie,/ˈnie/
niiskavatsa,/ˈniːskɑˌʋɑt͡sɑ/
niisinoora,/ˈniːsiˌnoːrɑ/
niitto,/ˈniːtːo/
niin ku,/ˈniːn ˈku/
niitty,/ˈniːtːy/
niinipuu,/ˈniːniˌpuː/
nikan,/ˈnikɑn/
-nikka,/-nikːɑ/
nikossus,/ˈnikosːus/
niittäjä,/ˈniːtːæjæ/
niku,/ˈniku/
nikossuttaa,/ˈnikosːutːɑː/
nimi,/ˈnimi/
nimetöin sormi,/ˈnimetøi̯n ˈsormi/
niska,/ˈniskɑ/
nimensihalliin,/ˈnimenˌsihɑlːine/
nimensihalliin,/ˈnimenˌsihɑlːine/
nittoa,/ˈnitoɑ/
nikostaa,/ˈnikostɑː/
njoo,/ˈnʲoː/
niskapliiska,/ˈniskɑˌpliːskɑ/
nimisana,/ˈnimiˌsɑnɑ/
njaukkua,/ˈnʲɑu̯kːuɑ/
Nju-Jorkka,/ˈnjuˌjorkːɑ/
-nkö,/-ŋkø/
nodraan,/ˈnodrɑːn/
noekas,/ˈnoekɑs/
noijitos,/ˈnoi̯jitos/
-nna,/-nːɑ/
noita,/ˈnoi̯tɑ/
noita,/ˈnoi̯tɑ/
noita,/ˈnoi̯tɑ/
noitasana,/ˈnoi̯tɑˌsɑnɑ/
noissa,/ˈnoi̯sːɑ/
noitumus,/ˈnoi̯tumus/
noki,/ˈnoki/
noki,/ˈnoki/
noitia,/ˈnoi̯tiɑ/
noitia,/ˈnoi̯tijɑ/
nokkatalja,/ˈnokːɑˌtɑljɑ/
noitua,/ˈnoi̯tuɑ/
no,/ˈno/
no,/ˈno/
nolli,/ˈnolːi/
nojabri,/ˈnojɑbri/
noora,/ˈnoːrɑ/
nooli,/ˈnoːli/
nooli,/ˈnoːli/
noo,/ˈnoː/
noo,/ˈnoː/
noorain,/ˈnoːrɑi̯ne/
nominativa,/ˈnominɑtiʋɑ/
noorikko,/ˈnoːrikːo/
nooravyyhti,/ˈnoːrɑˌʋyːhti/
noolla,/ˈnoːlːɑ/
nooristo,/ˈnoːristo/
noottamees,/ˈnoːtːɑˌmeːs/
noori,/ˈnoːri/
noori,/ˈnoːri/
noorittaa,/ˈnoːritːɑː/
nooristua,/ˈnoːristuɑ/
noottavene,/ˈnoːtːɑˌʋene/
noppia,/ˈnopːiɑ/
Norvegia,/ˈnorʋeɡiɑ/
noska,/ˈnoskɑ/
nopata,/ˈnopɑtɑ/
noovosti,/ˈnoːʋosti/
notkia,/ˈnotkiɑ/
nostajain,/ˈnostɑjɑi̯ne/
nosilkat,/ˈnosilkɑt/
nopo,/ˈnopo/
nuka,/ˈnukɑ/
-nt,/-ntɑ/
-nt,/-nt/
nukka,/ˈnukːɑ/
nukka,/ˈnukːɑ/
nukkua,/ˈnukːuɑ/
numeri,/ˈnumeri/
nurkka,/ˈnurkːɑ/
-nurkkain,/-nurkːɑi̯ne/
nukahtaissa,/ˈnukɑhtɑi̯sːɑ/
nussuri,/ˈnusːuri/
numerali,/ˈnumerɑli/
numeratsia,/ˈnumerɑt͡siɑ/
nurmi,/ˈnurmi/
nyblä,/ˈnyblæ/
nuuhata,/ˈnuːhɑtɑ/
nuuhkia,/ˈnuːhkiɑ/
Nurmisto,/ˈnurmisto/
nu,/ˈnu/
nyrhi,/ˈnyri/
nyrhi,/ˈnyri/
nykyaika,/ˈnykyˌɑi̯kɑ/
nuužnikka,/ˈnuːʒnikːɑ/
nyt,/ˈnyt/
nykyin,/ˈnykyi̯ne/
nyrihyssä,/ˈnyrihysːæ/
nyttä,/ˈnytːæ/
-nä,/-næ/
-nyt,/-nyt/
näkö,/ˈnækø/
nähä,/ˈnæhæ/
näköin,/ˈnækøi̯ne/
-näin,/-næi̯ne/
näkkyä,/ˈnækyæ/
nännänpää,/ˈnænːænˌpæː/
näin,/ˈnæi̯n/
näin,/ˈnæ.in/
nälkä,/ˈnælkæ/
näntkä,/ˈnæntkæ/
närriä,/ˈnæriæ/
näyttää,/ˈnæy̯tːæː/
näpykkä,/ˈnæpykːæ/
näätä,/ˈnæːtæ/
näre,/ˈnære/
näyttää esimerkkiä,/ˈnæy̯tːæː ˈesiˌmerkːiæ/
obezjana,/ˈobezjɑnɑ/
obižoittaa,/ˈobiʒoi̯tːɑː/
näökäs,/ˈnæøkæs/
obidnaal,/ˈobidnɑlːɑ/
oblasti,/ˈoblɑsti/
odrain,/ˈodrɑi̯ne/
obednoi,/ˈobednoi̯/
odrapelto,/ˈodrɑˌpelto/
odranpää,/ˈodrɑnˌpæː/
odrariihi,/ˈodrɑˌriːhi/
odrapurnu,/ˈodrɑˌpurnu/
ockat,/ˈot͡ʃkɑt/
oennella,/ˈoenːelːɑ/
oh,/ˈoh/
ofitseri,/ˈofit͡seri/
odrasuurima,/ˈodrɑˌsuːrimɑ/
ohahtaa,/ˈohɑhtɑː/
oelma,/ˈoelmɑ/
ohkia,/ˈohkiɑ/
ofitsera,/ˈofit͡serɑ/
ohhaus,/ˈohɑu̯s/
ohkaa,/ˈohkɑː/
ohukkain,/ˈohukːɑi̯ne/
ohjas,/ˈohjɑs/
ohvottaissa,/ˈohʋotːɑi̯sːɑ/
oikiasooli,/ˈoi̯kiɑˌsoːli/
Ohvana,/ˈohʋɑnɑ/
oja,/ˈojɑ/
oikehus,/ˈoi̯kehus/
oikiast,/ˈoi̯kiɑstɑ/
oikiast,/ˈoi̯kiɑstɑ/
oikiin,/ˈoi̯kiːn/
ojeta,/ˈojetɑ/
oikianurkkain,/ˈoi̯kiɑˌnurkːɑi̯ne/
oksentaa,/ˈoksentɑː/
oksentaa,/ˈoksentɑː/
ojapuu,/ˈojɑˌpuː/
Oko,/ˈoko/
Okkuli,/ˈokːuli/
oksentaissa,/ˈoksenˌtɑi̯sːɑ/
Oleksandra,/ˈoleksɑndrɑ/
oktjabrenka,/ˈoktʲɑbreŋkɑ/
oktjabrskoi,/ˈoktʲɑbrskoi̯/
oktjabrikuu,/ˈoktʲɑbriˌkuː/
oleninpito,/ˈoleninˌpito/
oleva,/ˈoleʋɑ/
Oktjabrin revolutsia,/ˈoktʲɑbrin ˈreʋolut͡siɑ/
oli,/ˈoli/
olivat,/ˈoliʋɑt/
olkaa hyvät,/ˈolkɑː ˈhyʋæt/
oleninpitotehnikuma,/ˈoleninˌpitoˌtehnikumɑ/
Oljga,/ˈolʲɡɑ/
olla rautahampaal,/ˈolːɑ ˈrɑu̯tɑˌhɑmpɑːlːɑ/
olin,/ˈolin/
olo,/ˈolo/
olut,/ˈolut/
olkitalla,/ˈolkiˌtɑlːɑ/
olutallas,/ˈolutˌɑlːɑs/
omenahauta,/ˈomenɑˌhɑu̯tɑ/
olla obidnaal,/ˈolːɑ ˈobidnɑlːɑ/
ollaa,/ˈolːɑː/
omenasaadu,/ˈomenɑˌsɑːdu/
omenajauho,/ˈomenɑˌjɑu̯ho/
omena,/ˈomenɑ/
ompelostöö,/ˈompelosˌtøː/
ommella,/ˈomːelːɑ/
ongenvars,/ˈoŋɡenˌʋɑrsi/
ompelija,/ˈompelijɑ/
Onnekasta Joulua!,/ˈonːekɑstɑ ˈjou̯luɑ/
onni,/ˈonːi/
ompelosmašina,/ˈompelosˌmɑʃinɑ/
onnelikas,/ˈonːelikɑs/
onnistua,/ˈonːistuɑ/
onnetoin,/ˈonːetoi̯n/
oo hyvä,/ˈoː ˈhyʋæ/
oolo,/ˈoːlo/
oot,/ˈoːt/
onnettomus,/ˈonːetːomus/
ootella,/ˈoːtelːɑ/
opastaja,/ˈopɑstɑjɑ/
opasnoi,/ˈopɑsnoi̯/
oon,/ˈoːn/
opetus,/ˈopetus/
opinikka,/ˈopinikːɑ/
oppihua,/ˈopːihuɑ/
opastaa,/ˈopɑstɑː/
oppihussa,/ˈopːiˌhusːɑ/
oppi,/ˈopːi/
oppi,/ˈopːi/
oppiissa,/ˈopːiːsːɑ/
oppimees,/ˈopːiˌmeːs/
oppikirja,/ˈopːiˌkirjɑ/
oras,/ˈorɑs/
oraspelto,/ˈorɑsˌpelto/
orava,/ˈorɑʋɑ/
organa,/ˈorɡɑnɑ/
orastua,/ˈorɑstuɑ/
ori,/ˈori/
orasheinä,/ˈorɑsˌhei̯næ/
orfografia,/ˈorfo.ɡrɑfiɑ/
orjamarjapuu,/ˈorjɑˌmɑrjɑˌpuː/
orjalain,/ˈorjɑlɑi̯ne/
oro,/ˈoro/
orjumarja,/ˈorjuˌmɑrjɑ/
organisma,/ˈorɡɑnismɑ/
-os,/-os/
-os,/-os/
-os,/-os/
orpo,/ˈorpo/
osalliin,/ˈosɑlːine/
osmuška,/ˈosmuʃkɑ/
osoittaa,/ˈosoi̯tːɑː/
osra,/ˈosrɑ/
osa,/ˈosɑ/
ostaja,/ˈostɑjɑ/
-ota,/-otɑ/
ostaa,/ˈostɑː/
osnovnoi,/ˈosnoʋnoi̯/
otsakeero,/ˈot͡sɑˌkeːro/
otsa,/ˈot͡sɑ/
otsatoin,/ˈot͡sɑtoi̯n/
otkrьtka,/ˈotkrɨtkɑ/
otstavnoi,/ˈot͡stɑʋnoi̯/
ovat,/ˈoʋɑt/
ovi,/ˈoʋi/
ottaa kiin,/ˈotːɑː ˈkiːn/
-pa,/-pɑ/
paarmahain,/ˈpɑːrmɑhɑi̯ne/
ovirauta,/ˈoʋiˌrɑu̯tɑ/
paasi,/ˈpɑːsi/
paarmas,/ˈpɑːrmɑs/
pagla,/ˈpɑɡlɑ/
paha,/ˈpɑhɑ/
otus,/ˈotus/
pahameeliin,/ˈpɑhɑˌmeːline/
pahalain,/ˈpɑhɑlɑi̯ne/
pahantapain,/ˈpɑhɑnˌtɑpɑi̯ne/
pahatapain,/ˈpɑhɑˌtɑpɑi̯ne/
pahhuus,/ˈpɑhuːs/
pahantekijä,/ˈpɑhɑntekijæ/
pahkura,/ˈpɑhkurɑ/
paikka,/ˈpɑi̯kːɑ/
paimen,/ˈpɑi̯men/
pahna,/ˈpɑhnɑ/
paimenpoika,/ˈpɑi̯menˌpoi̯kɑ/
painaa,/ˈpɑi̯nɑː/
pahapäivä,/ˈpɑhɑˌpæi̯ʋæ/
paine,/ˈpɑi̯ne/
pahka,/ˈpɑhkɑ/
paikata,/ˈpɑi̯kɑtɑ/
painopääveitsi,/ˈpɑi̯noˌpæːˌʋei̯t͡si/
painokkaamp,/ˈpɑi̯nokːɑːmpi/
paino,/ˈpɑi̯no/
paimenenna,/ˈpɑi̯menenːɑ/
painuttaa,/ˈpɑi̯nutːɑː/
painua,/ˈpɑi̯nuɑ/
painopuu,/ˈpɑi̯noˌpuː/
painumatoin,/ˈpɑi̯numɑtoi̯n/
paistaa,/ˈpɑi̯stɑː/
paja,/ˈpɑjɑ/
paisse,/ˈpɑi̯sːe/
paissettua,/ˈpɑi̯sːetːuɑ/
pajusoittu,/ˈpɑjuˌsoi̯tːu/
pakko,/ˈpɑkːo/
pakko,/ˈpɑkːo/
pakata,/ˈpɑkɑtɑ/
paitulain,/ˈpɑi̯tulɑi̯ne/
pajuvitsa,/ˈpɑjuˌʋit͡sɑ/
paksuposkiin,/ˈpɑksuˌposkine/
paju,/ˈpɑju/
pale,/ˈpɑle/
pako,/ˈpɑko/
paljas,/ˈpɑljɑs/
paljastaa,/ˈpɑljɑstɑː/
palentaa,/ˈpɑlentɑː/
paljoznacnoi,/ˈpɑljoˌznɑt͡ʃnoi̯/
paljo,/ˈpɑljo/
paljo,/ˈpɑljo/
paljma,/ˈpɑlʲmɑ/
palkka,/ˈpɑlkːɑ/
palentua,/ˈpɑlentuɑ/
paljtto,/ˈpɑlʲtːo/
palkkahua,/ˈpɑlkːɑhuɑ/
palmikko,/ˈpɑlmikːo/
palo,/ˈpɑlo/
palolintu,/ˈpɑloˌlintu/
palmikoija,/ˈpɑlmikoi̯jɑ/
pallaa,/ˈpɑlɑː/
pallaa,/ˈpɑlɑː/
palvoa,/ˈpɑlʋoɑ/
pamppu,/ˈpɑmpːu/
palle,/ˈpɑlːe/
palomašina,/ˈpɑloˌmɑʃinɑ/
panekki,/ˈpɑnekːi/
panna,/ˈpɑnːɑ/
palttina,/ˈpɑltːinɑ/
panka,/ˈpɑŋkɑ/
panna kiini,/ˈpɑnːɑ ˈkiːni/
panna merkille,/ˈpɑnːɑ ˈmerkilːe/
pannu,/ˈpɑnːu/
papka,/ˈpɑpkɑ/
panki,/ˈpɑŋki/
para,/ˈpɑrɑ/
panna kiin,/ˈpɑnːɑ ˈkiːn/
paraikaa,/pɑˈrɑi̯kɑː/
papu,/ˈpɑpu/
papu,/ˈpɑpu/
pappi,/ˈpɑpːi/
paremp,/ˈpɑrempi/
parandža,/ˈpɑrɑndʒɑ/
paraikoi,/pɑˈrɑi̯koi̯/
parikas,/ˈpɑrikɑs/
parentaa,/ˈpɑrentɑː/
Paraska,/ˈpɑrɑskɑ/
parennos,/ˈpɑrenːos/
Paro,/ˈpɑro/
pari,/ˈpɑri/
partia,/ˈpɑrtiɑ/
parras,/ˈpɑrːɑs/
partamees,/ˈpɑrtɑˌmeːs/
partta,/ˈpɑrtːɑ/
partta,/ˈpɑrtːɑ/
partitiva,/ˈpɑrtitiʋɑ/
partsa,/ˈpɑrt͡sɑ/
patahohla,/ˈpɑtɑˌhohlɑ/
passibo,/ˈpɑsːibo/
passibo,/ˈpɑsːibo/
paskain,/ˈpɑskɑi̯ne/
pataässä,/ˈpɑtɑˌæsːæ/
patentti,/ˈpɑtentːi/
patretti,/ˈpɑtretːi/
patrona,/ˈpɑtronɑ/
pauhata,/ˈpɑu̯hɑtɑ/
parvi,/ˈpɑrʋi/
parvi,/ˈpɑrʋi/
patalusikka,/ˈpɑtɑˌlusikːɑ/
patakunigas,/ˈpɑtɑˌkuniɡɑs/
paukutella,/ˈpɑu̯kutelːɑ/
pataluhka,/ˈpɑtɑˌluhkɑ/
patsas,/ˈpɑt͡sɑs/
paukata,/ˈpɑu̯kɑtɑ/
paukata läätä,/ˈpɑu̯kɑtɑ ˈlæ.ætæ/
patukka,/ˈpɑtukːɑ/
paukkaa,/ˈpɑu̯kːɑː/
pavunpalko,/ˈpɑʋunˌpɑlko/
pecnikka,/ˈpet͡ʃnikːɑ/
paukuttaa,/ˈpɑu̯kutːɑː/
peeksää,/ˈpeːksæː/
peenkari,/ˈpeːŋkɑri/
peenys,/ˈpeːnys/
peeli,/ˈpeːli/
peeru,/ˈpeːru/
Pedro,/ˈpedro/
pehko,/ˈpehko/
peereskellä,/ˈpeːreskelːæ/
Pehkosaari,/ˈpehkoˌsɑːri/
peittiissä,/ˈpei̯tːiːsːæ/
peikkomees,/ˈpei̯kːoˌmeːs/
pelehellä,/ˈpelehelːæ/
peli,/ˈpeli/
pehmiä,/ˈpehmiæ/
pehmiä,/ˈpehmiæ/
pellovain,/ˈpelːoʋɑi̯ne/
pellovain,/ˈpelːoʋɑi̯n/
pehmittää,/ˈpehmitːæː/
pellovas,/ˈpelːoʋɑs/
pelto,/ˈpelto/
peltohiiri,/ˈpeltoˌhiːri/
pellovasaivinapijo,/ˈpelːoʋɑsˌɑi̯ʋinɑˌpijo/
Pellervo,/ˈpelːerʋo/
pellovaskaaska,/ˈpelːoʋɑsˌkɑːskɑ/
peltotee,/ˈpeltoˌteː/
pellovasseemenvoi,/ˈpelːoʋɑsˌseːmenˌʋoi̯/
pellovasrihma,/ˈpelːoʋɑsˌrihmɑ/
penikka,/ˈpenikːɑ/
penger,/ˈpeŋɡer/
peltopytty,/ˈpeltoˌpytːy/
peppo,/ˈpepːo/
peltotöö,/ˈpeltoˌtøː/
pereponka,/ˈperepoŋkɑ/
penkki,/ˈpeŋkːi/
perkele,/ˈperkele/
perekäs,/ˈperekæs/
perintuuli,/ˈperinˌtuːli/
perrona,/ˈperːonɑ/
perrää,/ˈperæː/
perrää,/ˈperæː/
perrää,/ˈperæː/
pers,/ˈperse/
Perkele,/ˈperkele/
pero,/ˈpero/
pero,/ˈpero/
perta,/ˈpertɑ/
perta,/ˈpertɑ/
pertsuviina,/ˈpert͡suˌʋiːnɑ/
perna,/ˈpernɑ/
pernamahla,/ˈpernɑˌmɑhlɑ/
pertsupalko,/ˈpert͡suˌpɑlko/
perttipuu,/ˈpertːiˌpuː/
perttikunta,/ˈpertːiˌkuntɑ/
perämees,/ˈperæˌmeːs/
-peräin,/-ˌperæi̯ne/
peräpykämä,/ˈperæˌpykæmæ/
perätöin,/ˈperætøi̯n/
peräs,/ˈperæsːæ/
peräs,/ˈperæsːæ/
pesemätöin,/ˈpesemætøi̯n/
pesoin,/ˈpesoi̯ne/
pesu,/ˈpesu/
pessiissä,/ˈpesːiːsːæ/
pessä,/ˈpesːæ/
petel,/ˈpetel/
pestikka,/ˈpestikːɑ/
petellä,/ˈpetelːæ/
pesuvesi,/ˈpesuˌʋesi/
petkel,/ˈpetkel/
petonsääri,/ˈpetonˌsæːri/
petos,/ˈpetos/
pesä,/ˈpesæ/
pettyä,/ˈpetːyæ/
pettopiimä,/ˈpetːoˌpiːmæ/
petruška,/ˈpetruʃkɑ/
petäjälatva,/ˈpetæjæˌlɑtʋɑ/
pettää,/ˈpetːæː/
pettää,/ˈpetːæː/
pettelikko,/ˈpetːelikːo/
pettelikko,/ˈpetːelikːo/
peukola,/ˈpeu̯kolɑ/
petäjämetsä,/ˈpetæjæˌmet͡sæ/
pihet,/ˈpihet/
petäjänkärkkä,/ˈpetæjænˌkærkːæ/
petäjäpäre,/ˈpetæjæˌpære/
pihkamaito,/ˈpihkɑˌmɑi̯to/
peukala,/ˈpeu̯kɑlɑ/
picka,/ˈpit͡ʃkɑ/
pickapacka,/ˈpit͡ʃkɑˌpɑt͡ʃkɑ/
pihloja,/ˈpihlojɑ/
peukalo,/ˈpeu̯kɑlo/
pii,/ˈpiː/
pihtelet,/ˈpihtelet/
pihlajamarjalintu,/ˈpihlɑjɑˌmɑrjɑˌlintu/
piikkaa,/ˈpiːkːɑː/
piho,/ˈpiho/
piikahtaa,/ˈpiːkɑhtɑː/
piirakalt,/ˈpiːrɑkɑltɑ/
piippu,/ˈpiːpːu/
piika,/ˈpiːkɑ/
piiluu,/ˈpiːˌluː/
piirakka,/ˈpiːrɑkːɑ/
piirakaal,/ˈpiːrɑkɑlːɑ/
piirakkanna,/ˈpiːrɑkːɑnːɑ/
piirakkoja,/ˈpiːrɑkːojɑ/
piirakkoihe,/ˈpiːrɑkːoi̯sːe/
piirakoil,/ˈpiːrɑkoi̯lːɑ/
pijo,/ˈpijo/
piirakoille,/ˈpiːrɑkoi̯lːe/
pijolliin,/ˈpijolːine/
piiras,/ˈpiːrɑs/
pikimusta,/ˈpikiˌmustɑ/
pikkarain,/ˈpikːɑrɑi̯ne/
piirakoilt,/ˈpiːrɑkoi̯ltɑ/
piirakoist,/ˈpiːrɑkoi̯stɑ/
pikkaraikkuin,/ˈpikːɑrɑi̯kːui̯ne/
pikissä,/ˈpikisːæ/
pilahussa,/ˈpilɑhusːɑ/
pilkata,/ˈpilkɑtɑ/
pikkurilli,/ˈpikːuˌrilːi/
pilkko pimmiä,/ˈpilkːo ˈpimiæ/
pilata,/ˈpilɑtɑ/
pilkku,/ˈpilkːu/
pikkuruiskuin,/ˈpikːurui̯skui̯ne/
pilahuttaa,/ˈpilɑhutːɑː/
pilotta,/ˈpilotːɑ/
pilkko,/ˈpilkːo/
pilkka,/ˈpilkːɑ/
pillatöö,/ˈpilːɑˌtøː/
pilvi,/ˈpilʋi/
pilpu,/ˈpilpu/
pilvenjooksu,/ˈpilʋenˌjoːksu/
pilpa,/ˈpilpɑ/
pimetä,/ˈpimetæ/
pilvekäs,/ˈpilʋekæs/
pilpo,/ˈpilpo/
pimetellä,/ˈpimetelːæ/
pimmiä,/ˈpimiæ/
pimmiä,/ˈpimiæ/
pionera,/ˈpionerɑ/
pintamaanalusmaa,/ˈpintɑˌmɑːnˌɑlusˌmɑː/
pirttulamppu,/ˈpirtːuˌlɑmpːu/
pinžakka,/ˈpinʒɑkːɑ/
piot,/ˈpiot/
pinta,/ˈpintɑ/
pisama,/ˈpisɑmɑ/
pistää,/ˈpistæː/
pisara,/ˈpisɑrɑ/
pisju,/ˈpisʲu/
pisar,/ˈpisɑr/
pitkä,/ˈpitkæ/
pitkähäntä,/ˈpitkæˌhæntæ/
pitkin,/ˈpitkin/
pitkin,/ˈpitkin/
pistoletti,/ˈpistoletːi/
pitkulain,/ˈpitkulɑi̯ne/
pitkäkoipiin,/ˈpitkæˌkoi̯pine/
pittiissä,/ˈpitiːsːæ/
pittuus,/ˈpituːs/
Pitkänenä,/ˈpitkæˌnenæ/
piukkaa,/ˈpiu̯kːɑː/
pittuusmitta,/ˈpituːsˌmitːɑ/
piätös,/ˈpiætøs/
piättää,/ˈpiætːæː/
pittää,/ˈpitæː/
platja,/ˈplɑtjɑ/
Platona,/ˈplɑtonɑ/
plaana,/ˈplɑːnɑ/
plekikas,/ˈplekikɑs/
ploda,/ˈplodɑ/
plemmäänitsa,/ˈplemæːnit͡sɑ/
pito,/ˈpito/
plankku,/ˈplɑŋkːu/
plekki,/ˈplekːi/
plotnikka,/ˈplotnikːɑ/
pluuga,/ˈpluːɡɑ/
ploššadi,/ˈploʃːɑdi/
pläkki,/ˈplækːi/
plodikka,/ˈplodikːɑ/
ploššadimitta,/ˈploʃːɑdiˌmitːɑ/
pocka,/ˈpot͡ʃkɑ/
pocka,/ˈpot͡ʃkɑ/
poduška,/ˈpoduʃkɑ/
podvala,/ˈpodʋɑlɑ/
pocivoittaa,/ˈpot͡ʃiʋoi̯tːɑː/
podaroittaa,/ˈpodɑroi̯tːɑː/
pläkikäs,/ˈplækikæs/
pogranicnikka,/ˈpoɡrɑnit͡ʃnikːɑ/
pohjan oleni,/ˈpohjɑn ˈoleni/
pohjasteeppeni,/ˈpohjɑˌsteːpːeni/
pohjapikari,/ˈpohjɑˌpikɑri/
pogreba,/ˈpoɡrebɑ/
pohmelo,/ˈpohmelo/
pohjus,/ˈpohjus/
poika,/ˈpoi̯kɑ/
pohkiat,/ˈpohkiɑt/
pohmelopäivä,/ˈpohmeloˌpæi̯ʋæ/
pohjukka,/ˈpohjukːɑ/
poikain,/ˈpoi̯kɑi̯ne/
poikaoksa,/ˈpoi̯kɑˌoksɑ/
poikia,/ˈpoi̯kiɑ/
poikia,/ˈpoi̯kijɑ/
poikapooli,/ˈpoi̯kɑˌpoːli/
pohvaloittaa,/ˈpohʋɑloi̯tːɑː/
poikarukka,/ˈpoi̯kɑˌrukːɑ/
poikki,/ˈpoi̯kːi/
poikkinain,/ˈpoi̯kːinɑi̯ne/
poikittee,/ˈpoi̯kitːeː/
poimu,/ˈpoi̯mu/
poimia,/ˈpoi̯miɑ/
poikilliin,/ˈpoi̯kilˌline/
poikkipako,/ˈpoi̯kːiˌpɑko/
poime,/ˈpoi̯me/
poikinpuu,/ˈpoi̯kinˌpuː/
politsa,/ˈpolit͡sɑ/
polavikko,/ˈpolɑʋikːo/
Polja,/ˈpolʲɑ/
poissikkain,/ˈpoi̯sːikːɑi̯ne/
pois,/ˈpoi̯s/
Poljša,/ˈpolʲʃɑ/
poljarnoi öö,/ˈpolʲɑrnoi̯ ˈøː/
poljzi,/ˈpolʲzi/
poljarnoi,/ˈpolʲɑrnoi̯/
politseiskoi,/ˈpolit͡sei̯skoi̯/
poloin,/ˈpoloi̯ne/
polnoi,/ˈpolnoi̯/
poljzikas,/ˈpolʲzikɑs/
poljkka,/ˈpolʲkːɑ/
polttaa,/ˈpoltːɑː/
polvensilmä,/ˈpolʋenˌsilmæ/
polvest polvee,/ˈpolʋestɑ ˈpolʋeː/
polopoika,/ˈpoloˌpoi̯kɑ/
polvi,/ˈpolʋi/
poltikkain,/ˈpoltikːɑi̯ne/
poltikkain,/ˈpoltikːɑi̯n/
poohan,/ˈpoːhɑn/
poohan,/ˈpoːhɑn/
pool,/ˈpoːli/
polvenkakku,/ˈpolʋenˌkɑkːu/
pomintkat,/ˈpomintkɑt/
polo,/ˈpolo/
polzuittaa,/ˈpolzui̯tːɑː/
poojezda,/ˈpoːjezdɑ/
pooliin,/ˈpoːline/
poolipitkä,/ˈpoːliˌpitkæ/
poola,/ˈpoːlɑ/
poolipäätkä,/ˈpoːliˌpæːtkæ/
popo,/ˈpopo/
popo,/ˈpopo/
poolisaari,/ˈpoːliˌsɑːri/
poolest,/ˈpoːlestɑ/
poolest,/ˈpoːlestɑ/
popottaa,/ˈpopotːɑː/
poolipäivä,/ˈpoːliˌpæi̯ʋæ/
popugai,/ˈpopuɡɑi̯/
pooti,/ˈpoːti/
pooliöö,/ˈpoːliˌøː/
poroga,/ˈporoɡɑ/
porsas,/ˈporsɑs/
positiva,/ˈpositiʋɑ/
positsia,/ˈposiˌt͡siɑ/
portta,/ˈportːɑ/
postimees,/ˈpostiˌmeːs/
poro,/ˈporo/
portteri,/ˈportːeri/
poštaljona,/ˈpoʃtɑljonɑ/
postpositsia,/ˈpostposit͡siɑ/
poukkupäivä,/ˈpou̯kːuˌpæi̯ʋæ/
postinkantaja,/ˈpostinˌkɑntɑjɑ/
posti,/ˈposti/
pouta,/ˈpou̯tɑ/
potkuri,/ˈpotkuri/
poukkuvesi,/ˈpou̯kːuˌʋesi/
povarnoi,/ˈpoʋɑrnoi̯/
požarnoi,/ˈpoʒɑrnoi̯/
povvinoora,/ˈpoʋːiˌnoːrɑ/
praavitos,/ˈprɑːʋitos/
povoda,/ˈpoʋodɑ/
poveska,/ˈpoʋeskɑ/
praavihussa,/ˈprɑːʋiˌhusːɑ/
povvakas,/ˈpoʋːɑkɑs/
praavila,/ˈprɑːʋilɑ/
pressi,/ˈpresːi/
priha,/ˈprihɑ/
preetiä,/ˈpreːtiæ/
prepositsia,/ˈpreposit͡siɑ/
primera,/ˈprimerɑ/
praaznikka,/ˈprɑːznikːɑ/
probka,/ˈprobkɑ/
priimusa,/ˈpriːmusɑ/
programma,/ˈproɡrɑmːɑ/
printsi,/ˈprint͡si/
pronomina,/ˈpronominɑ/
priho,/ˈpriho/
proomьslapyytö,/ˈproːmɨslɑˌpyːtø/
prosekka,/ˈprosekːɑ/
pristani,/ˈpristɑni/
prostina,/ˈprostinɑ/
proovata,/ˈproːʋɑtɑ/
prolativa,/ˈprolɑtiʋɑ/
proomьsla,/ˈproːmɨslɑ/
prostoimp,/ˈprostoi̯mpi/
prullistaa,/ˈprulːistɑː/
prulli,/ˈprulːi/
pruukata,/ˈpruːkɑtɑ/
prusakka,/ˈprusɑkːɑ/
protivogaza,/ˈprotiʋoɡɑzɑ/
prullikas,/ˈprulːikɑs/
Pskoova,/ˈpskoːʋɑ/
präkkää,/ˈprækːæː/
puhaltaa,/ˈpuhɑltɑː/
-pua,/-puɑ/
puhhua,/ˈpuhuɑ/
pudro,/ˈpudro/
puhaskirjutos,/ˈpuhɑsˌkirjutos/
puippu,/ˈpui̯pːu/
pulkka,/ˈpulkːɑ/
puhas,/ˈpuhɑs/
pulmahoomnikko,/ˈpulmɑˌhoːmnikːo/
puikko,/ˈpui̯kːo/
puistaa,/ˈpui̯stɑː/
pulmajolkka,/ˈpulmɑˌjolkːɑ/
pulmapäivä,/ˈpulmɑˌpæi̯ʋæ/
pulmamees,/ˈpulmɑˌmeːs/
pulmatavarat,/ˈpulmɑˌtɑʋɑrɑt/
pumputa,/ˈpumputɑ/
pulmaolut,/ˈpulmɑˌolut/
pulmaväki,/ˈpulmɑˌʋæki/
Punain armia,/ˈpunɑne ˈɑrmiɑ/
pumissa,/ˈpumisːɑ/
puna,/ˈpunɑ/
Punamaaria,/ˈpunɑˌmɑːriɑ/
Puna-armia,/ˈpunɑˌɑrmiɑ/
pulska,/ˈpulskɑ/
Punain flootta,/ˈpunɑne ˈfloːtːɑ/
punaposkiin,/ˈpunɑˌposkine/
punatauti,/ˈpunɑˌtɑu̯ti/
punain seestaramarja,/ˈpunɑi̯ne ˈseːstɑrɑˌmɑrjɑ/
punapää,/ˈpunɑˌpæː/
punapää,/ˈpunɑˌpæː/
punertava,/ˈpunertɑʋɑ/
punastua,/ˈpunɑstuɑ/
punettia,/ˈpunetːiɑ/
puota,/ˈpuotɑ/
punarinta,/ˈpunɑˌrintɑ/
punttalauta,/ˈpuntːɑˌlɑu̯tɑ/
pupuška,/ˈpupuʃkɑ/
purjehtia,/ˈpurjehtiɑ/
puntta,/ˈpuntːɑ/
purra,/ˈpurːɑ/
pura,/ˈpurɑ/
purjehtiva,/ˈpurjehtiʋɑ/
puru,/ˈpuru/
purno,/ˈpurno/
pussi,/ˈpusːi/
purje,/ˈpurje/
puteli,/ˈputeli/
puskia,/ˈpuskiɑ/
putešestvenikka,/ˈputeʃestʋenikːɑ/
puu,/ˈpuː/
pursuttaa,/ˈpursutːɑː/
puuhanko,/ˈpuːˌhɑŋko/
puukko,/ˈpuːkːo/
puuitikka,/ˈpuːˌitikːɑ/
puulapja,/ˈpuːˌlɑpjɑ/
puumalja,/ˈpuːˌmɑljɑ/
puuha,/ˈpuːhɑ/
puunaagla,/ˈpuːˌnɑːɡlɑ/
puulusikka,/ˈpuːˌlusikːɑ/
puuomena,/ˈpuːˌomenɑ/
puusammal,/ˈpuːˌsɑmːɑl/
puukas,/ˈpuːkɑs/
puutulppa,/ˈpuːˌtulpːɑ/
puuvilla,/ˈpuːˌʋilːɑ/
puutoukka,/ˈpuːˌtou̯kːɑ/
pyhä,/ˈpyhæ/
pyhä,/ˈpyhæ/
puuvoi,/ˈpuːˌʋoi̯/
puuttua,/ˈpuːtːuɑ/
puuttua,/ˈpuːtːuɑ/
pyhäkala,/ˈpyhæˌkɑlɑ/
pyhänveetto,/ˈpyhænˌʋeːtːo/
pyhälliin,/ˈpyhælːine/
pyhäpäiväin,/ˈpyhæˌpæi̯ʋæi̯ne/
pyhäin,/ˈpyhæi̯ne/
pyhänpanekkipäivä,/ˈpyhænˌpɑnekːiˌpæi̯ʋæ/
pylvä,/ˈpylʋæ/
pykämä,/ˈpykæmæ/
pylvätä,/ˈpylʋætæ/
pyry,/ˈpyry/
pyyhkiä,/ˈpyːhkiæ/
pyytäjä,/ˈpyːtæjæ/
-pä,/-pæ/
-pyä,/-pyæ/
pytky,/ˈpytky/
pyytää anteeks,/ˈpyːtæː ˈɑnteːkse/
pyytö,/ˈpyːtø/
päivykkäin,/ˈpæi̯ʋykːæi̯ne/
-päin,/-pæi̯/
päivä,/ˈpæi̯ʋæ/
päivyt,/ˈpæi̯ʋyt/
päi,/ˈpæi̯/
päi,/ˈpæi̯/
päi,/ˈpæi̯/
päiväläin,/ˈpæi̯ʋælæi̯ne/
päiväpyytö,/ˈpæi̯ʋæpyːtø/
päiväpaisse,/ˈpæi̯ʋæˌpɑi̯sːe/
päivyttyä,/ˈpæi̯ʋytːyæ/
päiväin,/ˈpæi̯ʋæi̯ne/
päivämeri,/ˈpæi̯ʋæˌmeri/
päivölintu,/ˈpæi̯ʋøˌlintu/
päivänlasku,/ˈpæi̯ʋænˌlɑsku/
päivöttyä,/ˈpæi̯ʋøtːyæ/
päiväst päivää,/ˈpæi̯ʋæstæ ˈpæi̯ʋæː/
päivääl,/ˈpæi̯ʋælːæ/
päivääl,/ˈpæi̯ʋælːæ/
päpi,/ˈpæpi/
päriin,/ˈpærine/
pärehiin,/ˈpærehine/
Pärspää,/ˈpærsˌpæː/
pärekatto,/ˈpæreˌkɑtːo/
pärekontti,/ˈpæreˌkontːi/
pätärä,/ˈpætæræ/
pässi,/ˈpæsːi/
pässi-pässi,/ˈpæsːi ˈpæsːi/
pääaivo,/ˈpæːˌɑi̯ʋo/
pääheinät,/ˈpæːˌhei̯næt/
päähkenä,/ˈpæːhkenæ/
päähkänikko,/ˈpæːhkænikːo/
päähkänäkärkkä,/ˈpæːhkænæˌkærkːæ/
päähä,/ˈpæːhæ/
päähä,/ˈpæːhæ/
päähkänävoi,/ˈpæːhkænæˌʋoi̯/
pääjyvä,/ˈpæːˌjyʋæ/
pääkäs,/ˈpæːkæs/
pääkkö,/ˈpæːkːø/
päähkänäkärkkäin,/ˈpæːhkænæˌkærkːæi̯ne/
pääliin,/ˈpæːline/
pääkoira,/ˈpæːˌkoi̯rɑ/
pääluu,/ˈpæːˌluː/
päälle,/ˈpæːlːe/
päälle,/ˈpæːlːe/
päälle,/ˈpæːlːe/
päälle,/ˈpæːlːe/
päälys,/ˈpæːlys/
päänikka,/ˈpæːnikːɑ/
päärme,/ˈpæːrme/
pääpooli,/ˈpæːˌpoːli/
päält,/ˈpæːltæ/
päält,/ˈpæːltæ/
päält,/ˈpæːltæ/
päält,/ˈpæːltæ/
päännä,/ˈpæːnːæ/
päännä,/ˈpæːnːæ/
päämees,/ˈpæːˌmeːs/
päärmätä,/ˈpæːrmætæ/
Pääsiä,/ˈpæːsiæ/
pääskö,/ˈpæːskø/
pääs,/ˈpæːsːæ/
pääs,/ˈpæːsːæ/
Pääsiänpaasto,/ˈpæːsiænˌpɑːsto/
pääsaahkara,/ˈpæːˌsɑhkɑrɑ/
päästää,/ˈpæːstæː/
päässä,/ˈpæːsːæ/
pääsky,/ˈpæːsky/
pääskyläin,/ˈpæːskylæi̯ne/
pääsönpisama,/ˈpæːsønˌpisɑmɑ/
pääsköi,/ˈpæːskøi̯sːe/
pääsköi,/ˈpæːskøi̯sːe/
päätetsä,/ˈpæːtet͡sæ/
pääst,/ˈpæːstæ/
pääst,/ˈpæːstæ/
päävaras,/ˈpæːˌʋɑrɑs/
pölly,/ˈpølːy/
päätkä,/ˈpæːtkæ/
pökkö,/ˈpøkːø/
pöksyt,/ˈpøksyt/
pöllytellä,/ˈpølːytelːæ/
pöröläin,/ˈpørølæi̯ne/
pöllyttää,/ˈpølːytːæː/
pölätä,/ˈpølætæ/
pövvy,/ˈpøʋːy/
pöllykäs,/ˈpølːykæs/
pörömä,/ˈpørømæ/
pöyhkiä,/ˈpøy̯hkiæ/
raaka,/ˈrɑːkɑ/
raaka,/ˈrɑːkɑ/
pöytä,/ˈpøy̯tæ/
raaju,/ˈrɑːju/
raami,/ˈrɑːmi/
pöörä,/ˈpøːræ/
raania,/ˈrɑːniɑ/
raavas,/ˈrɑːʋɑs/
raana,/ˈrɑːnɑ/
raenta,/ˈrɑentɑ/
raakamateriala,/ˈrɑːkɑˌmɑteriɑlɑ/
rahi,/ˈrɑhi/
raavastauti,/ˈrɑːʋɑsˌtɑu̯ti/
raha,/ˈrɑhɑ/
raetuuca,/ˈrɑeˌtuːt͡ʃɑ/
rahakas,/ˈrɑhɑkɑs/
rahka,/ˈrɑhkɑ/
rahoittaa,/ˈrɑhoi̯tːɑː/
raijona,/ˈrɑi̯jonɑ/
raisu,/ˈrɑi̯su/
rahkamaito,/ˈrɑhkɑˌmɑi̯to/
raivata,/ˈrɑi̯ʋɑtɑ/
raita,/ˈrɑi̯tɑ/
rajakivi,/ˈrɑjɑˌkiʋi/
raisata,/ˈrɑi̯sɑtɑ/
raja,/ˈrɑjɑ/
rakastaa,/ˈrɑkɑstɑː/
rakehoittaa,/ˈrɑkehoi̯tːɑː/
rajalle,/ˈrɑjɑlːe/
rakkaus,/ˈrɑkːɑ.us/
rajapatsas,/ˈrɑjɑˌpɑt͡sɑs/
rajal,/ˈrɑjɑlːɑ/
rajal,/ˈrɑjɑlːɑ/
rakottua,/ˈrɑkotːuɑ/
rakko,/ˈrɑkːo/
rako,/ˈrɑko/
rallittaa,/ˈrɑlːitːɑː/
ramaška,/ˈrɑmɑʃkɑ/
ramonäpykkä,/ˈrɑmoˌnæpykːæ/
rakkopilli,/ˈrɑkːoˌpilːi/
rampajalka,/ˈrɑmpɑˌjɑlkɑ/
rangastaa,/ˈrɑŋɡɑstɑː/
rangaissa,/ˈrɑŋɡɑi̯sːɑ/
rampihua,/ˈrɑmpihuɑ/
ranka,/ˈrɑŋkɑ/
rannikko,/ˈrɑnːikːo/
ranta,/ˈrɑntɑ/
rantaapu,/ˈrɑntɑˌɑpu/
rantaliiva,/ˈrɑntɑˌliːʋɑ/
rankastua,/ˈrɑŋkɑstuɑ/
Rantapiusta,/ˈrɑntɑˌpiu̯stɑ/
Rantaniitty,/ˈrɑntɑˌniːtːy/
Rantamäki,/ˈrɑntɑˌmæki/
rantti,/ˈrɑntːi/
raokas,/ˈrɑokɑs/
rapahus,/ˈrɑpɑhus/
rantavesi,/ˈrɑntɑˌʋesi/
rantasaraja,/ˈrɑntɑˌsɑrɑjɑ/
rapsata,/ˈrɑpsɑtɑ/
rapata,/ˈrɑpɑtɑ/
rantukkain,/ˈrɑntukːɑi̯ne/
raputtaa,/ˈrɑputːɑː/
raskahus,/ˈrɑskɑhus/
rapamako,/ˈrɑpɑˌmɑko/
rapsuttaa,/ˈrɑpsutːɑː/
raspiska,/ˈrɑspiskɑ/
rasvakakku,/ˈrɑsʋɑˌkɑkːu/
rasseli,/ˈrɑsːeli/
rapsia,/ˈrɑpsiɑ/
rasvata,/ˈrɑsʋɑtɑ/
raskahusaika,/ˈrɑskɑhusˌɑi̯kɑ/
ratsas,/ˈrɑt͡sɑs/
rastii,/ˈrɑstiː/
rata,/ˈrɑtɑ/
ratas,/ˈrɑtɑs/
ratsastaa,/ˈrɑt͡sɑstɑː/
rattaat,/ˈrɑtːɑːt/
rauniopappi,/ˈrɑu̯nioˌpɑpːi/
ratastee,/ˈrɑtɑsˌteː/
ratsuin,/ˈrɑt͡sui̯ne/
ratsuin,/ˈrɑt͡sui̯n/
rauhain,/ˈrɑu̯hɑi̯ne/
rautapaita,/ˈrɑu̯tɑˌpɑi̯tɑ/
rautaastava,/ˈrɑu̯tɑˌɑstɑʋɑ/
rauhalliin,/ˈrɑu̯hɑlːine/
ravvoittaa,/ˈrɑʋːoi̯tːɑː/
rautalanka,/ˈrɑu̯tɑˌlɑŋkɑ/
rautariissat,/ˈrɑu̯tɑˌriːsːɑt/
rautavitsa,/ˈrɑu̯tɑˌʋit͡sɑ/
ravvattaa,/ˈrɑʋːɑtːɑː/
rautapoltikkain,/ˈrɑu̯tɑˌpoltikːɑi̯ne/
reehtila,/ˈreːhtilɑ/
rebinapuu,/ˈrebinɑˌpuː/
reeskamaito,/ˈreːskɑˌmɑi̯to/
reikä,/ˈrei̯kæ/
reko,/ˈreko/
repo,/ˈrepo/
Repola,/ˈrepolɑ/
repolain,/ˈrepolɑi̯ne/
reeska,/ˈreːskɑ/
reis,/ˈrei̯s/
reis,/ˈrekisːæ/
reknatus,/ˈreknɑtus/
retu,/ˈretu/
retuisa,/ˈretui̯sɑ/
retuin,/ˈretui̯ne/
retukoma,/ˈretuˌkomɑ/
reuna,/ˈreu̯nɑ/
reppiä,/ˈrepiæ/
retumatokkain,/ˈretuˌmɑtokːɑi̯ne/
reunakukka,/ˈreu̯nɑˌkukːɑ/
revittää,/ˈreʋitːæː/
revontulet,/ˈreʋonˌtulet/
revetä,/ˈreʋetæ/
revizora,/ˈreʋizorɑ/
rihmasoola,/ˈrihmɑˌsoːlɑ/
rihveli,/ˈrihʋeli/
riihi,/ˈriːhi/
rihma,/ˈrihmɑ/
riima,/ˈriːmɑ/
riissupelto,/ˈriːsːuˌpelto/
riissu,/ˈriːsːu/
riita,/ˈriːtɑ/
riihihaltias,/ˈriːhiˌhɑltiɑs/
rikas,/ˈrikɑs/
rikastaa,/ˈrikɑstɑː/
riista,/ˈriːstɑ/
rikassos,/ˈrikɑsːos/
rikastua,/ˈrikɑstuɑ/
rikkinäin,/ˈrikːinæi̯ne/
rikki,/ˈrikːi/
rikki,/ˈrikːi/
rinnalt,/ˈrinːɑltɑ/
rinnalt,/ˈrinːɑltɑ/
rinnalt,/ˈrinːɑltɑ/
rinnoittaa,/ˈrinːoi̯tːɑː/
rintalaps,/ˈrintɑˌlɑps/
rintapiiluu,/ˈrintɑˌpiːˌluː/
rinnoitussteeppeni,/ˈrinːoi̯tusˌsteːpːeni/
rintapoolosti,/ˈrintɑˌpoːlosti/
rinta,/ˈrintɑ/
rippua,/ˈripːuɑ/
rintaluu,/ˈrintɑˌluː/
risti,/ˈristi/
ripustaa,/ˈripustɑː/
risovoittaa,/ˈrisoʋoi̯tːɑː/
ristiosa,/ˈristiˌosɑ/
ristilaps,/ˈristiˌlɑps/
ristii,/ˈristiː/
ristii,/ˈristiː/
ristii,/ˈristiːsːe/
ristii,/ˈristiː/
ristipiiluu,/ˈristiˌpiːˌluː/
rohkia,/ˈrohkiɑ/
rodnoi,/ˈrodnoi̯/
ristii rastii,/ˈristiː ˈrɑstiː/
rohhoin,/ˈroxːoi̯n/
rohokasvo,/ˈrohoˌkɑsʋo/
rohoin,/ˈrohoi̯ne/
rohoin,/ˈrohoi̯ne/
rohonpäin,/ˈrohonˌpæi̯ne/
romaškacaaju,/ˈromɑʃkɑˌt͡ʃɑːju/
rohottaa,/ˈrohotːɑː/
rooja,/ˈroːjɑ/
rooko,/ˈroːko/
rookoheinikko,/ˈroːkoˌhei̯nikːo/
rooka,/ˈroːkɑ/
rookopilli,/ˈroːkoˌpilːi/
roojata,/ˈroːjɑtɑ/
rootsinleipä,/ˈroːt͡sinˌlei̯pæ/
roozovoi,/ˈroːzoʋoi̯/
roozovoi,/ˈroːzoʋoi̯/
rooskaraha,/ˈroːskɑˌrɑhɑ/
rotta,/ˈrotːɑ/
rootsalain,/ˈroːt͡sɑlɑi̯ne/
Rootsi,/ˈroːt͡si/
roska,/ˈroskɑ/
rootsa,/ˈroːt͡sɑ/
rubla,/ˈrublɑ/
rucka,/ˈrut͡ʃkɑ/
rovnoist,/ˈroʋnoi̯stɑ/
rovnoist,/ˈroʋnoi̯stɑ/
rovatti,/ˈroʋɑtːi/
RSFSR,/er es ef es ˈer/
rozboinikka,/ˈrozboi̯nikːɑ/
ruikko,/ˈrui̯kːo/
ruis,/ˈru.is/
ruakas,/ˈruɑkɑs/
ruiskukka,/ˈru.isˌkukːɑ/
ruiskrääkki,/ˈru.isˌkræːkːi/
ruispudro,/ˈru.isˌpudro/
ruhti,/ˈruhti/
ruisrummen,/ˈru.isˌrumːen/
ruisolki,/ˈru.isˌolki/
ruisleipä,/ˈru.isˌlei̯pæ/
rukoella,/ˈruko.elːɑ/
rummenseegla,/ˈrumːenˌseːɡlɑ/
rummen,/ˈrumːen/
ruisriihi,/ˈru.isˌriːhi/
ruma,/ˈrumɑ/
rusakka,/ˈrusɑkːɑ/
rusakka,/ˈrusɑkːɑ/
rupi,/ˈrupi/
rummensaraja,/ˈrumːenˌsɑrɑjɑ/
rummenvakka,/ˈrumːenˌʋɑkːɑ/
ruskova,/ˈruskoʋɑ/
rusko,/ˈrusko/
rutvata,/ˈrutʋɑtɑ/
ruskettua,/ˈrusketːuɑ/
ruume,/ˈruːme/
ruuhti,/ˈruːhti/
Rusko,/ˈrusko/
ruskulain,/ˈruskulɑi̯ne/
ruveta,/ˈruʋetɑ/
ruttaa,/ˈrutːɑː/
rysty,/ˈrysty/
ryssy,/ˈrysːy/
ryssys,/ˈrysːys/
ruuti,/ˈruːti/
Ruutsia,/ˈruːt͡siɑ/
rysä,/ˈrysæ/
räkänenä,/ˈrækæˌnenæ/
räkä,/ˈrækæ/
rähissä,/ˈræhisːæ/
rästäs,/ˈræstæs/
räpäle,/ˈræpæle/
rättinä,/ˈrætːinæ/
ryyti,/ˈryːti/
ränne,/ˈrænːe/
rästähäin,/ˈræstæhæi̯ne/
rätsinä,/ˈræt͡sinæ/
räämy,/ˈræːmy/
rööstää,/ˈrøːstæː/
-s,/-sːɑ/
-s,/-s/
-s,/-s/
-s,/-s/
röömijä,/ˈrøːmijæ/
Röllölä,/ˈrølːølæ/
rääty,/ˈræːty/
saahka,/ˈsɑːhkɑ/
röömiä,/ˈrøːmiæ/
saaduakatsia,/ˈsɑːduˌɑkɑt͡siɑ/
saapas,/ˈsɑːpɑs/
saarelain,/ˈsɑːrelɑi̯ne/
saami,/ˈsɑːmi/
saakki,/ˈsɑːkːi/
saarikas,/ˈsɑːrikɑs/
Saarave,/ˈsɑːrɑʋe/
saarni,/ˈsɑːrni/
saarniin,/ˈsɑːrnine/
saarniin,/ˈsɑːrniːn/
saarne,/ˈsɑːrne/
saarenhattu,/ˈsɑːrenˌhɑtːu/
Saarenmaa,/ˈsɑːrenˌmɑː/
Saari,/ˈsɑːri/
saattaa,/ˈsɑːtːɑː/
saarukkain,/ˈsɑːrukːɑi̯ne/
saavva aikoo,/ˈsɑːʋːɑ ˈɑi̯koː/
saavilliin,/ˈsɑːʋilːine/
Saatana,/ˈsɑːtɑnɑ/
saavva kiini,/ˈsɑːʋːɑ ˈkiːni/
saavva arvoa,/ˈsɑːʋːɑ ˈɑrʋoɑ/
saavi,/ˈsɑːʋi/
saavva,/ˈsɑʋːɑ/
saavva tolkku,/ˈsɑːʋːɑ ˈtolkːu/
saijajauha,/ˈsɑi̯jɑˌjɑu̯hɑ/
saija,/ˈsɑi̯jɑ/
saijapata,/ˈsɑi̯jɑˌpɑtɑ/
saijakarta,/ˈsɑi̯jɑˌkɑrtɑ/
sahhaaja,/ˈsɑhɑːjɑ/
saijabulkka,/ˈsɑi̯jɑˌbulkːɑ/
sakkeli,/ˈsɑkːeli/
saivar,/ˈsɑi̯ʋɑr/
saijajauho,/ˈsɑi̯jɑˌjɑu̯ho/
sajanti,/ˈsɑjɑnti/
saippu,/ˈsɑi̯pːu/
sakkali,/ˈsɑkːɑli/
Saksa,/ˈsɑksɑ/
sakkia,/ˈsɑkiɑ/
saksanrooko,/ˈsɑksɑnˌroːko/
sala,/ˈsɑlɑ/
salmi,/ˈsɑlmi/
salakivi,/ˈsɑlɑˌkiʋi/
salapaikka,/ˈsɑlɑˌpɑi̯kːɑ/
salakavala,/ˈsɑlɑˌkɑʋɑlɑ/
salvattu,/ˈsɑlʋɑtːu/
salvattu,/ˈsɑlʋɑtːu/
sammuttaa,/ˈsɑmːutːɑː/
sama,/ˈsɑmɑ/
samoin,/ˈsɑmoi̯n/
samantapain,/ˈsɑmɑnˌtɑpɑi̯ne/
samallain,/ˈsɑmɑlːɑi̯ne/
samoljotta,/ˈsɑmoˌlʲotːɑ/
samanlaajain,/ˈsɑmɑnˌlɑːjɑi̯ne/
samoittee,/ˈsɑmoi̯tːeː/
sananjalka,/ˈsɑnɑnˌjɑlkɑ/
sanakirja,/ˈsɑnɑˌkirjɑ/
sana sanalle,/ˈsɑnɑ ˈsɑnɑlːe/
sana,/ˈsɑnɑ/
sanoma,/ˈsɑnomɑ/
sanatiippa,/ˈsɑnɑˌtiːpːɑ/
sanomus,/ˈsɑnomus/
sannikkain,/ˈsɑnːikːɑi̯ne/
saottu,/ˈsɑotːu/
sanasuurima,/ˈsɑnɑˌsuːrimɑ/
sapso,/ˈsɑpso/
santi-,/ˈsɑnti-/
sappirakko,/ˈsɑpːiˌrɑkːo/
sarana,/ˈsɑrɑnɑ/
sapana,/ˈsɑpɑnɑ/
sapara,/ˈsɑpɑrɑ/
sarka,/ˈsɑrkɑ/
sapanapää,/ˈsɑpɑnɑˌpæː/
sataoksa,/ˈsɑtɑˌoksɑ/
sassia,/ˈsɑsiɑ/
sattaa,/ˈsɑtɑː/
sattaa,/ˈsɑtɑː/
sattaa,/ˈsɑtɑː/
satuloja,/ˈsɑtulojɑ/
satula,/ˈsɑtulɑ/
saunaallas,/ˈsɑu̯nɑˌɑlːɑs/
Savasti,/ˈsɑʋɑsti/
satuloija,/ˈsɑtuloi̯jɑ/
savekas,/ˈsɑʋekɑs/
sava,/ˈsɑʋɑ/
savakko,/ˈsɑʋɑkːo/
savikehvel,/ˈsɑʋiˌkehʋel/
sauna,/ˈsɑu̯nɑ/
savipääskö,/ˈsɑʋiˌpæːskø/
savva,/ˈsɑʋːɑ/
saviallas,/ˈsɑʋiˌɑlːɑs/
savviin,/ˈsɑʋiːn/
saviheinä,/ˈsɑʋiˌhei̯næ/
scotut,/ˈst͡ʃotut/
savvu,/ˈsɑʋːu/
see,/ˈseː/
see,/ˈseː/
seas,/ˈseɑsːɑ/
seegloa,/ˈseːɡloɑ/
seata,/ˈseɑtɑ/
seeglata,/ˈseːɡlɑtɑ/
seemen,/ˈseːmen/
seemeckaseemen,/ˈseːmet͡ʃkɑˌseːmen/
sedrina,/ˈsedrinɑ/
seemenvoi,/ˈseːmenˌʋoi̯/
seejata,/ˈseːjɑtɑ/
seen,/ˈseːn/
seelt,/ˈseːltæ/
seenisikko,/ˈseːnisikːo/
seiks,/ˈsetikse/
seestarain,/ˈseːstɑrɑi̯ne/
seestaraispehko,/ˈseːstɑrɑi̯sˌpehko/
seilt,/ˈsetiltæ/
seille,/ˈsetilːe/
seinä,/ˈsei̯næ/
se,/ˈse/
se,/ˈse/
seili,/ˈsei̯li/
seil,/ˈsetilːæ/
seisohtua,/ˈsei̯sohtuɑ/
seisattaa,/ˈsei̯sɑtːɑː/
Seitsekaarto,/ˈsei̯t͡seˌkɑːrto/
seitsemäs,/ˈsei̯t͡semæs/
seisoa,/ˈsei̯soɑ/
seitsenristi,/ˈsei̯t͡senˌristi/
seist,/ˈsei̯st/
seist,/ˈsei̯st/
seist,/ˈsetistæ/
sekametsä,/ˈsekɑmet͡sæ/
sekametsäzoona,/ˈsekɑˌmet͡sæˌzoːnɑ/
seiväs,/ˈsei̯ʋæs/
seitsenkymment,/ˈsei̯t͡senˌkymːentæ/
sekkaa,/ˈsekɑː/
selkäaivo,/ˈselkæˌɑi̯ʋo/
sejalka,/ˈsejɑlkɑ/
selkämuna,/ˈselkæˌmunɑ/
selkäpiiluu,/ˈselkæˌpiːˌluː/
selkäpiitöin,/ˈselkæˌpiːtøi̯n/
selkäosa,/ˈselkæˌosɑ/
selys,/ˈselys/
selkäpii,/ˈselkæˌpiː/
Semo,/ˈsemo/
selkäpiikäs,/ˈselkæˌpiːkæs/
sentjabri,/ˈsentʲɑbri/
Semena,/ˈsemenɑ/
sepalus,/ˈsepɑlus/
selskoi,/ˈselskoi̯/
selvälentäjä,/ˈselʋæˌlentæjæ/
sereta,/ˈseretɑ/
sentää,/ˈsentæː/
sen,/ˈsen/
sen,/ˈsen/
sen,/ˈsen/
senihka,/ˈsenihkɑ/
seppo,/ˈsepːo/
seppä,/ˈsepːæ/
seukokset,/ˈseu̯kokset/
setä,/ˈsetæ/
sesläkormuna,/ˈseslæˌkormunɑ/
seslä,/ˈseslæ/
seukko,/ˈseu̯kːo/
sianmarja,/ˈsiɑnˌmɑrjɑ/
sevvert,/ˈseʋːert/
siansorkkaaita,/ˈsiɑnˌsorkːɑˌɑi̯tɑ/
sianallas,/ˈsiɑnˌɑlːɑs/
sianporsas,/ˈsiɑnˌporsɑs/
sianpoola,/ˈsiɑnˌpoːlɑ/
siika,/ˈsiːkɑ/
sihissä,/ˈsihisːæ/
siili,/ˈsiːli/
siikaverkko,/ˈsiːkɑˌʋerkːo/
siantappajaiset,/ˈsiɑnˌtɑpːɑjɑi̯set/
siiru,/ˈsiːru/
siintää,/ˈsiːntæː/
siis,/ˈsiːs/
siipisulka,/ˈsiːpiˌsulkɑ/
siit,/ˈsiːt/
siin,/ˈsiːnæ/
siin,/ˈsiːnæ/
siityä,/ˈsiːtyæ/
siitnikka,/ˈsiːtnikːɑ/
siitää,/ˈsiːtæː/
siivolliin,/ˈsiːʋolːine/
siivota,/ˈsiːʋotɑ/
siivosana,/ˈsiːʋoˌsɑnɑ/
sika,/ˈsikɑ/
siivast,/ˈsiːʋɑstɑ/
siivast,/ˈsiːʋɑstɑ/
siivilä,/ˈsiːʋilæ/
siiva,/ˈsiːʋɑ/
siivotta,/ˈsiːʋotːɑ/
sikamees,/ˈsikɑˌmeːs/
siks,/ˈsikse/
siks,/ˈsikse/
siks,/ˈsikse/
sikiäin,/ˈsikijæi̯ne/
sikamarja,/ˈsikɑˌmɑrjɑ/
sikihyä,/ˈsikihyæ/
silakkabocka,/ˈsilɑkːɑˌbot͡ʃkɑ/
sil aikaa,/ˈsilːæ ˈɑi̯kɑː/
silmä,/ˈsilmæ/
sikiäissööjä,/ˈsikijæi̯sˌsøːjæ/
sikäläin,/ˈsikælæi̯ne/
silmäkarva,/ˈsilmæˌkɑrʋɑ/
silmärätti,/ˈsilmæˌrætːi/
silmu,/ˈsilmu/
silloin,/ˈsilːoi̯n/
silmämuna,/ˈsilmæˌmunɑ/
silmäripsu,/ˈsilmæˌripsu/
silmäklasit,/ˈsilmæˌklɑsit/
sini,/ˈsini/
siniin akula,/ˈsinine ˈɑkulɑ/
sinicka,/ˈsinit͡ʃkɑ/
sinne,/ˈsinːe/
sinkkiin,/ˈsiŋkːine/
sinkkiin,/ˈsiŋkːiːn/
siputella,/ˈsipuˌtelːɑ/
sinivesi,/ˈsiniˌʋesi/
sinimuna,/ˈsiniˌmunɑ/
sinkki,/ˈsiŋkːi/
siniseili,/ˈsiniˌsei̯li/
siputtaa,/ˈsiputːɑː/
sisest,/ˈsisestæ/
sisest,/ˈsisestæ/
sisava,/ˈsisɑʋɑ/
sisoin,/ˈsisoi̯ne/
sirppi,/ˈsirpːi/
sisarlentämä,/ˈsisɑrˌlentæmæ/
sisus,/ˈsisus/
sissee,/ˈsiseː/
sissee,/ˈsiseː/
sisi,/ˈsisi/
sisuskorva,/ˈsisusˌkorʋɑ/
sisar,/ˈsisɑr/
sit,/ˈsit/
sitkiä,/ˈsitkiæ/
sitsavoi,/ˈsit͡sɑʋoi̯/
sitta,/ˈsitːɑ/
sisteema,/ˈsisteːmɑ/
sisä-,/ˈsisæ-/
sisusstrojenja,/ˈsisusˌstrojenjɑ/
sitsa,/ˈsit͡sɑ/
sittoa,/ˈsitoɑ/
sittakukka,/ˈsitːɑˌkukːɑ/
sittanokka,/ˈsitːɑˌnokːɑ/
sittamato,/ˈsitːɑˌmɑto/
sittamytty,/ˈsitːɑˌmytːy/
sittasorkka,/ˈsitːɑˌsorkːɑ/
siun,/ˈsiu̯n/
siunata,/ˈsiu̯nɑtɑ/
siä,/ˈsiæ̯/
skvortsa,/ˈskʋort͡sɑ/
-skellä,/-skelːæ/
slaaboi,/ˈslɑːboi̯/
-skella,/-skelːɑ/
sivupiiluu,/ˈsiʋuˌpiːˌluː/
slantsa,/ˈslɑnt͡sɑ/
sloja,/ˈslojɑ/
skippari,/ˈskipːɑri/
slaabosti,/ˈslɑːbosti/
slojain,/ˈslojɑi̯ne/
soettaa,/ˈsoetːɑː/
sluužia,/ˈsluːʒiɑ/
slovari,/ˈsloʋɑri/
složnoi,/ˈsloʒnoi̯/
sohissa,/ˈsohisːɑ/
soata,/ˈsoɑtɑ/
snaakka,/ˈsnɑːkːɑ/
soimi,/ˈsoi̯mi/
soima,/ˈsoi̯mɑ/
soittulehti,/ˈsoi̯tːuˌlehti/
sohma,/ˈsohmɑ/
sokahua,/ˈsokɑhuɑ/
sojuza,/ˈsojuzɑ/
sokiain,/ˈsokijɑi̯ne/
sokka,/ˈsokːɑ/
soittu,/ˈsoi̯tːu/
soittu,/ˈsoi̯tːu/
solmita,/ˈsolmitɑ/
-soo,/-soː/
solmi,/ˈsolmi/
soolaheinärokka,/ˈsoːlɑˌhei̯næˌrokːɑ/
soo,/ˈsoː/
sooheinä,/ˈsoːˌhei̯næ/
soolain,/ˈsoːlɑi̯ne/
soolavesi,/ˈsoːlɑˌʋesi/
soolaleipä,/ˈsoːlɑˌlei̯pæ/
soolajärvi,/ˈsoːlɑˌjærʋi/
Soomi,/ˈsoːmi/
soolatoin,/ˈsoːlɑtoi̯n/
sooli,/ˈsoːli/
soolimahla,/ˈsoːliˌmɑhlɑ/
soomalain,/ˈsoːmɑlɑi̯ne/
sooni,/ˈsoːni/
soora,/ˈsoːrɑ/
soora,/ˈsoːrɑ/
sopattaa,/ˈsopɑtːɑː/
soovehka,/ˈsoːˌʋehkɑ/
sopotella,/ˈsopotelːɑ/
soonikkain,/ˈsoːnikːɑi̯ne/
sopulikas,/ˈsopulikɑs/
sormi,/ˈsormi/
sormus,/ˈsormus/
sormin,/ˈsormin/
sortua,/ˈsortuɑ/
sorokofka,/ˈsorokofkɑ/
sopa,/ˈsopɑ/
sota,/ˈsotɑ/
sorria,/ˈsoriɑ/
sortti,/ˈsortːi/
sotasoittu,/ˈsotɑˌsoi̯tːu/
sotka,/ˈsotkɑ/
sotka,/ˈsotkɑ/
sorttu,/ˈsortːu/
sostava,/ˈsostɑʋɑ/
sovesti,/ˈsoʋesti/
sottia,/ˈsotiɑ/
sottia,/ˈsotijɑ/
Sovetskoi valta,/ˈsoʋet͡skoi̯ ˈʋɑltɑ/
sovaporoda,/ˈsoʋɑˌporodɑ/
sova,/ˈsoʋɑ/
Sovetskoin Sotsialisticeskoin Respublikkoin Sojuza,/ˈsoʋet͡skoi̯n ˈsot͡siɑlistit͡ʃeskoi̯n ˈrespublikːoi̯n ˈsojuzɑ/
-st,/-stɑ/
-st,/-stɑ/
sovetskoi,/ˈsoʋet͡skoi̯/
soutaa,/ˈsou̯tɑː/
-staa,/-stɑː/
-staa,/-stɑː/
-staa,/-stɑː/
-staa,/-stɑː/
SSSR,/es es es ˈer/
stalli,/ˈstɑlːi/
sovetti,/ˈsoʋetːi/
SŠA,/se ʃe ˈɑ/
steeppeni,/ˈsteːpːeni/
staarosta,/ˈstɑːrostɑ/
stabilioppikirja,/ˈstɑbiliˌopːiˌkirjɑ/
stantsa,/ˈstɑnt͡sɑ/
stantsian nacalnikka,/ˈstɑnt͡siɑn ˈnɑt͡ʃɑlnikːɑ/
sto,/ˈsto/
Stepo,/ˈstepo/
stolbikka,/ˈstolbikːɑ/
steeppenivaihto,/ˈsteːpːeniˌʋɑi̯hto/
stolitsa,/ˈstolit͡sɑ/
stranitsa,/ˈstrɑnit͡sɑ/
stolari,/ˈstolɑri/
Strastnoi Päätetsä,/ˈstrɑstnoi̯ ˈpæːtet͡sæ/
stolovoi,/ˈstoloʋoi̯/
stroittaa,/ˈstroi̯tːɑː/
strela,/ˈstrelɑ/
-stää,/-stæː/
-stää,/-stæː/
-stää,/-stæː/
-stää,/-stæː/
storoža,/ˈstoroʒɑ/
stroika,/ˈstroi̯kɑ/
struktura,/ˈstrukturɑ/
stroitelstva,/ˈstro.itelstʋɑ/
substantiva,/ˈsubstɑntiʋɑ/
suikia,/ˈsui̯kiɑ/
suiku,/ˈsui̯ku/
sudakka,/ˈsudɑkːɑ/
sukkia,/ˈsukiɑ/
sukkia,/ˈsukːijɑ/
sukkia,/ˈsukijɑ/
suksi,/ˈsuksi/
suku,/ˈsuku/
sukkela,/ˈsukːelɑ/
suksa,/ˈsuksɑ/
sukukili,/ˈsukuˌkili/
suima,/ˈsui̯mɑ/
sukuri,/ˈsukuri/
sulka,/ˈsulkɑ/
sukuporona,/ˈsukuˌporonɑ/
sukulain,/ˈsukulɑi̯ne/
sukulehmä,/ˈsukuˌlehmæ/
suksia,/ˈsuksiɑ/
suksia,/ˈsuksijɑ/
sula,/ˈsulɑ/
sula,/ˈsulɑ/
suppi,/ˈsupːi/
surma,/ˈsurmɑ/
suma,/ˈsumɑ/
suka,/ˈsukɑ/
sumu,/ˈsumu/
sullaa,/ˈsulɑː/
sullaa,/ˈsulɑː/
Susana,/ˈsusɑnɑ/
suukas,/ˈsu.ukɑs/
suukko,/ˈsuːkːo/
suslikka,/ˈsuslikːɑ/
suulaki,/ˈsuːˌlɑki/
suur,/ˈsuːri/
suunnurkka,/ˈsuːnˌnurkːɑ/
Suursaari,/ˈsuːrˌsɑːri/
suupala,/ˈsuːˌpɑlɑ/
suursuu,/ˈsuːrˌsuː/
suur aivo,/ˈsuːr ˈɑi̯ʋo/
suurima,/ˈsuːrimɑ/
suurus,/ˈsuːrus/
suurus,/ˈsuːrus/
suutia,/ˈsuːtiɑ/
suuttua,/ˈsuːtːuɑ/
suuvvita,/ˈsuːʋːitɑ/
suuvvita,/ˈsuːʋːitɑ/
suurustaissa,/ˈsuːrustɑi̯sːɑ/
Svanetia,/ˈsʋɑnetiɑ/
suusoittu,/ˈsuːˌsoi̯tːu/
suutkat,/ˈsuːtkɑt/
syenliika,/ˈsyenˌliːkɑ/
suvata,/ˈsuʋɑtɑ/
syksy,/ˈsyksy/
sviristeli,/ˈsʋiristeli/
syksyin,/ˈsyksyi̯ne/
syksyin,/ˈsyksyi̯n/
syleskellä,/ˈsyleskelːæ/
sylki,/ˈsylki/
sylki,/ˈsylki/
syerliika,/ˈsyerˌliːkɑ/
syksyhaili,/ˈsyksyˌhɑi̯li/
sylkiissä,/ˈsylkiːsːæ/
sylkirakko,/ˈsylkiˌrɑkːo/
syntymerkki,/ˈsyntymerkːi/
syntyä,/ˈsyntyæ/
syntyä,/ˈsyntyæ/
synnikäs,/ˈsynːikæs/
syntymämerkki,/ˈsyntymæˌmerkːi/
syrjysammal,/ˈsyrjyˌsɑmːɑl/
syttyä,/ˈsytːyæ/
syrjy,/ˈsyrjy/
synty,/ˈsynty/
syttää,/ˈsytːæː/
syssiä,/ˈsysiæ/
syssiä,/ˈsysijæ/
sytyttää,/ˈsytytːæː/
syvvyys,/ˈsyʋyːs/
syän,/ˈsyæn/
syänpäivä,/ˈsyænˌpæi̯ʋæ/
syvennös,/ˈsyʋenːøs/
syäntauti,/ˈsyænˌtɑu̯ti/
säje,/ˈsæje/
syyhelmä,/ˈsyːhelmæ/
syänrapahus,/ˈsyænˌrɑpɑhus/
syänöö,/ˈsyænˌøː/
syänriissat,/ˈsyænˌriːsːɑt/
särkiissä,/ˈsærkiːsːæ/
särki,/ˈsærki/
sälköväin,/ˈsælkøʋæi̯ne/
särkiä,/ˈsærkiæ/
särkiä,/ˈsærkiæ/
sälkövä,/ˈsælkøʋæ/
sää,/ˈsæː/
säärimarjat,/ˈsæːriˌmɑrjɑt/
söökki,/ˈsøːkːi/
söökkikerus,/ˈsøːkːiˌkerus/
särvättää,/ˈsærʋætːæː/
söökkilusikka,/ˈsøːkːiˌlusikːɑ/
sööttää,/ˈsøːtːæː/
Sьktьvkar,/ˈsɨktɨʋkɑr/
šaapka,/ˈʃɑːpkɑ/
söömiin,/ˈsøːmine/
söömiin,/ˈsøːmine/
šarfi,/ˈʃɑrfi/
sььra,/ˈsɨːrɑ/
šarffi,/ˈʃɑrfːi/
škoulu,/ˈʃkou̯lu/
šljuuhata,/ˈʃlʲuːhɑtɑ/
šimpanze,/ˈʃimpɑnze/
šlääppi,/ˈʃlæːpːi/
šaška,/ˈʃɑʃkɑ/
šolkku,/ˈʃolkːu/
škaappi,/ˈʃkɑːpːi/
šommela,/ˈʃomːelɑ/
šolkkuna,/ˈʃolkːunɑ/
šotkata,/ˈʃotkɑtɑ/
šommeltua,/ˈʃomːeltuɑ/
štoopata,/ˈʃtoːpɑtɑ/
šommeloittaa,/ˈʃomːeloi̯tːɑː/
šrifta,/ˈʃriftɑ/
špeili,/ˈʃpei̯li/
šulkkusukka,/ˈʃulkːuˌsukːɑ/
šumu,/ˈʃumu/
šulkkuvöö,/ˈʃulkːuˌʋøː/
-t,/-t/
taano,/ˈtɑːno/
šuutkia,/ˈʃuːtkiɑ/
šuutkia,/ˈʃuːtkijɑ/
taanolliin,/ˈtɑːnolːine/
šuutkikas,/ˈʃuːtkikɑs/
taatta,/ˈtɑːtːɑ/
taanoin,/ˈtɑːnoi̯n/
taari,/ˈtɑːri/
tablitsa,/ˈtɑblit͡sɑ/
tae,/ˈtɑe/
tabuna,/ˈtɑbunɑ/
taariastia,/ˈtɑːriˌɑstiɑ/
taevesi,/ˈtɑeˌʋesi/
taehanko,/ˈtɑeˌhɑŋko/
tahkoallas,/ˈtɑhkoˌɑlːɑs/
taemytty,/ˈtɑeˌmytːy/
tahota,/ˈtɑhotɑ/
tahota,/ˈtɑhotɑ/
tahtoa,/ˈtɑhtoɑ/
tahtoa,/ˈtɑhtoɑ/
tagra,/ˈtɑɡrɑ/
tagroa,/ˈtɑɡroɑ/
taikina,/ˈtɑi̯kinɑ/
taikapuu,/ˈtɑi̯kɑˌpuː/
taigaa,/ˈtɑi̯ɡɑː/
taimi,/ˈtɑi̯mi/
taitaa,/ˈtɑi̯tɑː/
taikinain,/ˈtɑi̯kinɑi̯ne/
taikinamarjapehko,/ˈtɑi̯kinɑˌmɑrjɑˌpehko/
taikain,/ˈtɑi̯kɑi̯ne/
taka-,/ˈtɑkɑ-/
taittua,/ˈtɑi̯tːuɑ/
taivas,/ˈtɑi̯ʋɑs/
taivasvoohi,/ˈtɑi̯ʋɑsˌʋoːhi/
takaosa,/ˈtɑkɑˌosɑ/
takajalka,/ˈtɑkɑˌjɑlkɑ/
takkaa,/ˈtɑkɑː/
takkaa,/ˈtɑkɑː/
takkaa,/ˈtɑkɑː/
takaperin,/ˈtɑkɑˌperin/
takkiain,/ˈtɑkiɑi̯ne/
takant,/ˈtɑkɑnt/
taksi,/ˈtɑksi/
takku,/ˈtɑkːu/
tali,/ˈtɑli/
takkoa,/ˈtɑkoɑ/
takkaan,/ˈtɑkɑːn/
takkaan,/ˈtɑkɑːn/
talkoot,/ˈtɑlkoːt/
takujalka,/ˈtɑkuˌjɑlkɑ/
talla,/ˈtɑlːɑ/
talerka,/ˈtɑlerkɑ/
talli,/ˈtɑlːi/
talkokset,/ˈtɑlkokset/
talonmerkki,/ˈtɑlonˌmerkːi/
talloja,/ˈtɑlːojɑ/
talvi,/ˈtɑlʋi/
talohus,/ˈtɑlohus/
talvihattu,/ˈtɑlʋiˌhɑtːu/
talolliin,/ˈtɑlolːine/
talvikuu,/ˈtɑlʋiˌkuː/
talloa,/ˈtɑlːoɑ/
talonpoika,/ˈtɑlonˌpoi̯kɑ/
talvelliin,/ˈtɑlʋelːine/
taluttaa,/ˈtɑlutːɑː/
talvikylmä,/ˈtɑlʋiˌkylmæ/
talvimeri,/ˈtɑlʋiˌmeri/
talvivilla,/ˈtɑlʋiˌʋilːɑ/
talvirooza,/ˈtɑlʋiˌroːzɑ/
talvipakkain,/ˈtɑlʋiˌpɑkːɑi̯ne/
tammi,/ˈtɑmːi/
tammahepoin,/ˈtɑmːɑˌhepoi̯ne/
Tammikontu,/ˈtɑmːiˌkontu/
talviruis,/ˈtɑlʋiˌru.is/
tamožnikka,/ˈtɑmoʒnikːɑ/
tammes,/ˈtɑmːes/
tammipuu,/ˈtɑmːiˌpuː/
tammisikko,/ˈtɑmːisikːo/
tantsukoti,/ˈtɑnt͡suˌkoti/
tantsi,/ˈtɑnt͡si/
tantsi,/ˈtɑnt͡si/
tantarikko,/ˈtɑntɑrikːo/
tapahtua,/ˈtɑpɑhtuɑ/
tapain,/ˈtɑpɑi̯ne/
tapella,/ˈtɑpelːɑ/
tantsupaikka,/ˈtɑnt͡suˌpɑi̯kːɑ/
tanvashaltias,/ˈtɑnɑʋɑˌhɑltiɑs/
tappaa,/ˈtɑpːɑː/
tappaa,/ˈtɑpɑː/
tappaa,/ˈtɑpɑː/
tanvasmato,/ˈtɑnɑʋɑˌmɑto/
Tarassu,/ˈtɑrɑsːu/
tarelka,/ˈtɑrelkɑ/
tappaja,/ˈtɑpːɑjɑ/
tarhaakarhu,/ˈtɑrɑːˌkɑru/
tappurarihma,/ˈtɑpːurɑˌrihmɑ/
tarkata,/ˈtɑrkɑtɑ/
tarkkahua,/ˈtɑrkːɑhuɑ/
Tarinaisi,/ˈtɑrinɑi̯si/
tarpeelliin,/ˈtɑrpeːlːine/
tarha,/ˈtɑrɑ/
tarve,/ˈtɑrʋe/
tarttua,/ˈtɑrtːuɑ/
tarpevalliin,/ˈtɑrpeʋɑlːine/
tasanko,/ˈtɑsɑŋko/
tatti,/ˈtɑtːi/
tasa,/ˈtɑsɑ/
tauti,/ˈtɑu̯ti/
tasain,/ˈtɑsɑi̯ne/
tarttuva,/ˈtɑrtːuʋɑ/
tarttuva,/ˈtɑrtːuʋɑ/
tavata,/ˈtɑʋɑtɑ/
tavoittaa,/ˈtɑʋoi̯tːɑː/
taukeemiin,/ˈtɑu̯keːmine/
taukeemiin,/ˈtɑu̯keːmine/
tavata kiin,/ˈtɑʋɑtɑ ˈkiːn/
tee,/ˈteː/
tee,/ˈteː/
tedrinmuna,/ˈtedrinˌmunɑ/
tehniceskoi,/ˈtehnit͡ʃeskoi̯/
tedro,/ˈtedro/
tehä,/ˈtehæ/
tedri,/ˈtedri/
teitä,/ˈtei̯tæ/
teitä,/ˈtei̯tæ/
teijen,/ˈtei̯jen/
teijen,/ˈtei̯jen/
tekijä,/ˈtekijæ/
teelehti,/ˈteːˌlehti/
tekahua,/ˈtekɑhuɑ/
tekövä,/ˈtekøʋæ/
tekövä,/ˈtekøʋæ/
telki,/ˈtelki/
teko,/ˈteko/
teli,/ˈteli/
tere,/ˈtere/
tekosana,/ˈtekoˌsɑnɑ/
telefonapatsas,/ˈtelefonɑˌpɑt͡sɑs/
tere iltaa,/ˈtere ˈiltɑː/
terppiä,/ˈterpːiæ/
tempova,/ˈtempoʋɑ/
tela,/ˈtelɑ/
terettää,/ˈteretːæː/
tervakukka,/ˈterʋɑˌkukːɑ/
tervapääskö,/ˈterʋɑˌpæːskø/
tere päivää,/ˈtere ˈpæi̯ʋæː/
terppihyä,/ˈterpːihyæ/
terppimätöin,/ˈterpːimætøi̯n/
tervarinta,/ˈterʋɑˌrintɑ/
terppimättömäst,/ˈterpːimætːømæstæ/
terppimättömäst,/ˈterpːimætːømæstæ/
terä,/ˈteræ/
tervabocka,/ˈterʋɑˌbot͡ʃkɑ/
terävä,/ˈteræʋæ/
tervata,/ˈterʋɑtɑ/
teräkäs,/ˈterækæs/
tihhiä,/ˈtihiæ/
tetretti,/ˈtetretːi/
tiippain,/ˈtiːpːɑi̯ne/
tigra,/ˈtiɡrɑ/
tiito,/ˈtiːto/
tihiäin,/ˈtihijæi̯ne/
tiine,/ˈtiːne/
tikka,/ˈtikːɑ/
tiitää,/ˈtiːtæː/
tiitomees,/ˈtiːtoˌmeːs/
tiitoin,/ˈtiːtoi̯ne/
tikanpesä,/ˈtikɑnˌpesæ/
tiitoisest,/ˈtiːtoi̯sestɑ/
tiitoisest,/ˈtiːtoi̯sestɑ/
tiitäjä,/ˈtiːtæjæ/
tilkkua,/ˈtilkːuɑ/
tilkkua,/ˈtilkːuɑ/
tilkahtaa,/ˈtilkɑhtɑː/
tilkku,/ˈtilkːu/
tila,/ˈtilɑ/
tina,/ˈtinɑ/
tiltukkain,/ˈtiltukːɑi̯ne/
tiltukkain,/ˈtiltukːɑi̯n/
tiltukas,/ˈtiltukɑs/
tiskat,/ˈtiskɑt/
titi,/ˈtiti/
titi,/ˈtiti/
tiri,/ˈtiri/
tipu,/ˈtipu/
titinvarpaiset,/ˈtitinˌʋɑrpɑi̯set/
toe,/ˈtoe/
tirissä,/ˈtirisːæ/
tipu-tipu,/ˈtipu ˈtipu/
Titova,/ˈtitoʋɑ/
tocnoi,/ˈtot͡ʃnoi̯/
-toin,/-toi̯n/
-toin,/-toi̯n/
tiukkaa,/ˈtiu̯kːɑː/
toimittaa,/ˈtoi̯mitːɑː/
toimitussana,/ˈtoi̯mitusˌsɑnɑ/
toin toisen,/ˈtoi̯ne ˈtoi̯sen/
toittiissa,/ˈtoi̯tːiːsːɑ/
tokkua,/ˈtokːuɑ/
tolkku,/ˈtolkːu/
tokuttaa,/ˈtokutːɑː/
tonna,/ˈtonːɑ/
toitto,/ˈtoi̯tːo/
toohiin,/ˈtoːhine/
toohiin,/ˈtoːhiːn/
tomakka,/ˈtomɑkːɑ/
toohitooppi,/ˈtoːhiˌtoːpːi/
tontti,/ˈtontːi/
toohi,/ˈtoːhi/
toohitörkkä,/ˈtoːhiˌtørkːæ/
toohilapti,/ˈtoːhiˌlɑpti/
toomari,/ˈtoːmɑri/
toomimarjapuu,/ˈtoːmiˌmɑrjɑˌpuː/
toomi,/ˈtoːmi/
toomipuu,/ˈtoːmiˌpuː/
tooppi,/ˈtoːpːi/
topi,/ˈtopi/
topata,/ˈtopɑtɑ/
torgu,/ˈtorɡu/
toorekas,/ˈtoːrekɑs/
tormiissa,/ˈtormiːsːɑ/
tosi,/ˈtosi/
tosi,/ˈtosi/
tormi,/ˈtormi/
tottua,/ˈtotːuɑ/
torrua,/ˈtoruɑ/
torohammas,/ˈtoroˌhɑmːɑs/
tovarišša,/ˈtoʋɑriʃːɑ/
trallata,/ˈtrɑlːɑtɑ/
translativa,/ˈtrɑnslɑtiʋɑ/
tovvi,/ˈtoʋːi/
tože,/ˈtoʒe/
tprr,/ʙː/
tropiceskoi,/ˈtropit͡ʃeskoi̯/
trenkipoika,/ˈtreŋkiˌpoi̯kɑ/
truba,/ˈtrubɑ/
trilissä,/ˈtrilisːæ/
trava,/ˈtrɑʋɑ/
trubka,/ˈtrubkɑ/
troppa,/ˈtropːɑ/
tsementti,/ˈt͡sementːi/
tuhat,/ˈtuhɑt/
tuhat,/ˈtuhɑt/
-ttää,/-tːæː/
tsirkkuli,/ˈt͡sirkːuli/
tuhka,/ˈtuhkɑ/
tsentnera,/ˈt͡sentnerɑ/
tuhmus,/ˈtuhmus/
tuhkahumala,/ˈtuhkɑˌhumɑlɑ/
-tuin,/-tui̯ne/
tuisku,/ˈtui̯sku/
tuisku,/ˈtui̯sku/
-ttee,/-tːeː/
tukka,/ˈtukːɑ/
tukkia,/ˈtukːiɑ/
tukkia,/ˈtukiɑ/
tuhkapussi,/ˈtuhkɑˌpusːi/
tuisata,/ˈtui̯sɑtɑ/
tuli,/ˈtuli/
tuli,/ˈtuli/
tulikerä,/ˈtuliˌkeræ/
tuleva,/ˈtuleʋɑ/
tuleva,/ˈtuleʋɑ/
tulimuna,/ˈtuliˌmunɑ/
tulla,/ˈtulːɑ/
tuhma,/ˈtuhmɑ/
tulppa,/ˈtulpːɑ/
tulekas,/ˈtulekɑs/
tulus,/ˈtulus/
tulipalo,/ˈtuliˌpɑlo/
tummaveriin,/ˈtumːɑˌʋerine/
tungusa,/ˈtuŋɡusɑ/
tunniloittee,/ˈtunːiːtːeː/
tulo,/ˈtulo/
tuntaa,/ˈtuntɑː/
tumakka,/ˈtumɑkːɑ/
tunnus,/ˈtunːus/
tunniks,/ˈtunːikse/
tunniin,/ˈtunːiːn/
tupakärpäin,/ˈtupɑˌkærpæi̯ne/
tunni,/ˈtunːi/
tupakka,/ˈtupɑkːɑ/
tupa,/ˈtupɑ/
turpia,/ˈturpiɑ/
tuppu,/ˈtupːu/
turha,/ˈturɑ/
tupakkapacka,/ˈtupɑkːɑˌpɑt͡ʃkɑ/
tupata,/ˈtupɑtɑ/
tuppia,/ˈtupːiɑ/
tuppia,/ˈtupːiɑ/
tuppia,/ˈtupijɑ/
turra,/ˈturːɑ/
tusat,/ˈtusɑt/
tutkia,/ˈtutkiɑ/
tuska,/ˈtuskɑ/
tutkimus,/ˈtutkimus/
turvas,/ˈturʋɑs/
tuto,/ˈtuto/
tutustua,/ˈtutustuɑ/
tuttuhua,/ˈtutːuhuɑ/
tutu,/ˈtutu/
tuuli,/ˈtuːli/
tuuli,/ˈtuːli/
tuulimylly,/ˈtuːliˌmylːy/
tuulekas,/ˈtuːlekɑs/
tuulenneegla,/ˈtuːlenˌneːɡlɑ/
tuuloin,/ˈtuːloi̯ne/
tuuloin,/ˈtuːloi̯n/
tuulo,/ˈtuːlo/
tuulenpesä,/ˈtuːlenˌpesæ/
tyhjä,/ˈtyhjæ/
tykki,/ˈtykːi/
tynkä,/ˈtyŋkæ/
tyrmä,/ˈtyrmæ/
tuura,/ˈtuːrɑ/
tyttö,/ˈtytːø/
Tyttersaari,/ˈtytːerˌsɑːri/
tyttöi,/ˈtytːøi̯sːe/
tyttöi,/ˈtytːøi̯sːe/
tykkää,/ˈtykːæː/
tytär,/ˈtytær/
-tystee,/-tysteː/
tyyni,/ˈtyːni/
tyyni,/ˈtyːni/
tyrä,/ˈtyræ/
tähti,/ˈtæhti/
tytärlentämä,/ˈtytærˌlentæmæ/
Tähtirata,/ˈtæhtiˌrɑtɑ/
täi,/ˈtæi̯/
tämä,/ˈtæmæ/
tämä,/ˈtæmæ/
tähekäs,/ˈtæhekæs/
täkki,/ˈtækːi/
tähentää,/ˈtæhentæː/
tänne,/ˈtænːe/
tämän,/ˈtæmæn/
tämän,/ˈtæmæn/
tärkähtäissä,/ˈtærkæhtæi̯sːæ/
täs,/ˈtæsːæ/
täs,/ˈtæsːæ/
tämänpäiväin,/ˈtæmænˌpæi̯ʋæi̯ne/
täys,/ˈtæy̯s/
täyttää,/ˈtæy̯tːæː/
tää,/ˈtæː/
tää,/ˈtæː/
täysiälliin,/ˈtæy̯sˌiælːine/
täält,/ˈtæːltæ/
täytetty,/ˈtæy̯tetːy/
täytetty,/ˈtæy̯tetːy/
täti,/ˈtæti/
törkkiä,/ˈtørkːiæ/
törkkiä,/ˈtørkːijæ/
-töin,/-tøi̯n/
-töin,/-tøi̯n/
töri,/ˈtøri/
tökötti,/ˈtøkøtːi/
törkkä,/ˈtørkːæ/
törö,/ˈtørø/
tööasu,/ˈtøːˌɑsu/
Törö,/ˈtørø/
tööläin,/ˈtøːlæi̯ne/
tööhepoin,/ˈtøːˌhepoi̯ne/
töökäs,/ˈtøːkæs/
töömees,/ˈtøːˌmeːs/
-u,/-u/
tööst,/ˈtøːstæ/
tööväki,/ˈtøːˌʋæki/
-ua,/-uɑ/
-ua,/-uɑ/
tьkva,/ˈtɨkʋɑ/
uheri,/ˈuheri/
udarnitsa,/ˈudɑrnit͡sɑ/
uhersin,/ˈuhersin/
uhata,/ˈuhɑtɑ/
uguritsa,/ˈuɡurit͡sɑ/
uhluin,/ˈuhlui̯ne/
uhluin,/ˈuhlui̯n/
ujo,/ˈujo/
ujukki,/ˈujukːi/
uhka,/ˈuhkɑ/
ujukkipaikka,/ˈujukːiˌpɑi̯kːɑ/
ukko,/ˈukːo/
uhkia,/ˈuhkiɑ/
uhkia,/ˈuhkijɑ/
ukleikka,/ˈuklei̯kːɑ/
ujokkain,/ˈujokːɑi̯ne/
ukonjyry,/ˈukonˌjyry/
ukonlooti,/ˈukonˌloːti/
ukrooppi,/ˈukroːpːi/
ujumapereponka,/ˈujumɑˌperepoŋkɑ/
ukontuuca,/ˈukonˌtuːt͡ʃɑ/
ukkoraiska,/ˈukːoˌrɑi̯skɑ/
Uljana,/ˈuljɑnɑ/
uksus,/ˈuksus/
ulkopooliin,/ˈulkoˌpoːline/
ulkopooliin,/ˈulkoˌpoːliːn/
Ukonlooto,/ˈukonˌloːto/
umpi,/ˈumpi/
ukraina,/ˈukrɑi̯nɑ/
umpi-,/ˈumpi-/
ulvoa,/ˈulʋoɑ/
ulvottaa,/ˈulʋotːɑː/
unenarvaaja,/ˈunenˌɑrʋɑːjɑ/
umpikatto,/ˈumpiˌkɑtːo/
uni,/ˈuni/
unetoin,/ˈunetoi̯n/
umpimaho,/ˈumpiˌmɑho/
unohtaa,/ˈunohtɑː/
unilintu,/ˈuniˌlintu/
unklaariis,/ˈuŋklɑːrisːɑ/
unohtua,/ˈunohtuɑ/
upottaa,/ˈupotːɑː/
urpa,/ˈurpɑ/
urokka,/ˈurokːɑ/
urraa,/ˈurːɑː/
Urpipäivä,/ˈurpiˌpæi̯ʋæ/
usaltaa,/ˈusɑltɑː/
uslovia,/ˈusloʋiɑ/
urpaviina,/ˈurpɑˌʋiːnɑ/
-us,/-us/
-us,/-us/
usat,/ˈusɑt/
utjuga,/ˈutʲuɡɑ/
-uttaa,/-utːɑː/
usko,/ˈusko/
ušnikat,/ˈuʃnikɑt/
uskomatoin,/ˈuskomɑtoi̯n/
utu,/ˈutu/
uupua,/ˈuːpuɑ/
uurre,/ˈuːrːe/
-uus,/-uːs/
uus,/ˈuːs/
uus,/ˈu.usːɑ/
uurran,/ˈuːrːɑn/
uus kuu,/ˈuːs ˈkuː/
uukahtaa,/ˈuːkɑhtɑː/
uulitsalt,/ˈuːlit͡sɑltɑ/
uulitsalt,/ˈuːlit͡sɑltɑ/
uutimo,/ˈuːtimo/
Uus Voos,/ˈuːs ˈʋoːs/
uulitsalle,/ˈuːlit͡sɑlːe/
uulitsalle,/ˈuːlit͡sɑlːe/
uutukas,/ˈuːtukɑs/
uuvvellee,/ˈuːʋːelːeː/
uutta,/ˈuːtːɑ/
uuvvin,/ˈuːʋːin/
uuvvistaa,/ˈuːʋːistɑː/
uuttu,/ˈuːtːu/
uuvvestaa,/ˈuːʋːestɑː/
vaaheria,/ˈʋɑːheriɑ/
vaakia,/ˈʋɑːkiɑ/
-V,/ː/
-V,/ː/
vaa,/ˈʋɑː/
vaa,/ˈʋɑː/
vaahto,/ˈʋɑːhto/
vaapukkapehko,/ˈʋɑːpukːɑˌpehko/
vaaksa,/ˈʋɑːksɑ/
vaattiissa,/ˈʋɑːtːiːsːɑ/
vaateaitta,/ˈʋɑːteˌɑi̯tːɑ/
vaapukkavarenja,/ˈʋɑːpukːɑˌʋɑrenjɑ/
vaaliamp,/ˈʋɑːliɑmpi/
vadja,/ˈʋɑdʲːɑ/
vaapsahain,/ˈʋɑːpsɑhɑi̯ne/
vadjakko,/ˈʋɑdʲːɑkːo/
vaažnoimp,/ˈʋɑːʒnoi̯mpi/
vahain,/ˈʋɑhɑi̯ne/
vahtihoone,/ˈʋɑhtiˌhoːne/
vahventaa,/ˈʋɑhʋentɑː/
vahveta,/ˈʋɑhʋetɑ/
vahvistaa,/ˈʋɑhʋistɑː/
vahvenoittaa,/ˈʋɑhʋenoi̯tːɑː/
vahtia,/ˈʋɑhtiɑ/
vahtia,/ˈʋɑhtiɑ/
vaha,/ˈʋɑhɑ/
vaihto,/ˈʋɑi̯hto/
vahvistua,/ˈʋɑhʋistuɑ/
vahvissuttaa,/ˈʋɑhʋisːutːɑː/
vaihella,/ˈʋɑi̯helːɑ/
vahvita,/ˈʋɑhʋitɑ/
vaihtumiin,/ˈʋɑi̯htumine/
vaihtumiin,/ˈʋɑi̯htumine/
vaihtaa,/ˈʋɑi̯htɑː/
vaikehus,/ˈʋɑi̯kehus/
vaikko,/ˈʋɑi̯kːo/
vaikko,/ˈʋɑi̯kːo/
vaihtumissteeppeni,/ˈʋɑi̯htumisˌsteːpːeni/
vait,/ˈʋɑi̯t/
vaiketa,/ˈʋɑi̯ketɑ/
vaikenoittaa,/ˈʋɑi̯kenoi̯tːɑː/
vaikenoittaa,/ˈʋɑi̯kenoi̯tːɑː/
vaikkos,/ˈʋɑi̯kːos/
vaka,/ˈʋɑkɑ/
vaikku,/ˈʋɑi̯kːu/
vakalliin,/ˈʋɑkɑlːine/
vaiva,/ˈʋɑi̯ʋɑ/
valehella,/ˈʋɑlehelːɑ/
vajottaa,/ˈʋɑjotːɑː/
vale,/ˈʋɑle/
vako,/ˈʋɑko/
valeta,/ˈʋɑletɑ/
valeta,/ˈʋɑletɑ/
valetti,/ˈʋɑletːi/
valetin,/ˈʋɑletin/
valjaat,/ˈʋɑljɑːt/
valju,/ˈʋɑlju/
valkia karhu,/ˈʋɑlkiɑ ˈkɑru/
valkiaa,/ˈʋɑlkeːtɑ/
valkiaa,/ˈʋɑlkeːtɑ/
valkiaa,/ˈʋɑlkiɑsːe/
valkiaa,/ˈʋɑlkiɑsːe/
vallanherra,/ˈʋɑlːɑnˌherːɑ/
vallua,/ˈʋɑluɑ/
valjo,/ˈʋɑljo/
valkulain,/ˈʋɑlkulɑi̯ne/
valta,/ˈʋɑltɑ/
valuttaa,/ˈʋɑlutːɑː/
vanha,/ˈʋɑnɑ/
valmistua,/ˈʋɑlmistuɑ/
valvoa,/ˈʋɑlʋoɑ/
valkulaisobolocka,/ˈʋɑlkulɑi̯sˌobolot͡ʃkɑ/
vanhemp,/ˈʋɑnempi/
vanhemp,/ˈʋɑnempi/
vanhenoittaa,/ˈʋɑnenoi̯tːɑː/
vanhapoika,/ˈʋɑnɑˌpoi̯kɑ/
Vanhajoulu,/ˈʋɑnɑˌjou̯lu/
vanna,/ˈʋɑnːɑ/
vankkuri,/ˈʋɑŋkːuri/
valo,/ˈʋɑlo/
valo,/ˈʋɑlo/
vanheta,/ˈʋɑnetɑ/
vanne,/ˈʋɑnːe/
vapa,/ˈʋɑpɑ/
vanhus,/ˈʋɑnus/
vappaa,/ˈʋɑpɑː/
vappaa,/ˈʋɑpɑː/
varassos,/ˈʋɑrɑsːos/
vari,/ˈʋɑri/
vari,/ˈʋɑri/
variksenpökkö,/ˈʋɑriksenˌpøkːø/
varas,/ˈʋɑrɑs/
varistua,/ˈʋɑristuɑ/
variksenvarpaat,/ˈʋɑriksenˌʋɑrpɑːt/
varistamiin,/ˈʋɑristɑmine/
varistamiin,/ˈʋɑristɑmine/
varjokas,/ˈʋɑrjokɑs/
variksiinvahti,/ˈʋɑriksiːnˌʋɑhti/
varma,/ˈʋɑrmɑ/
varkahus,/ˈʋɑrkɑhus/
varreel,/ˈʋɑrːelːɑ/
varreel,/ˈʋɑrːelːɑ/
vars,/ˈʋɑrsi/
varretoin,/ˈʋɑrːetoi̯n/
vart,/ˈʋɑrt/
varo,/ˈʋɑro/
vartti,/ˈʋɑrtːi/
Varla,/ˈʋɑrlɑ/
vasara,/ˈʋɑsɑrɑ/
Varvana,/ˈʋɑrʋɑnɑ/
vartta,/ˈʋɑrtːɑ/
varukset,/ˈʋɑrukset/
Vartta,/ˈʋɑrtːɑ/
varsanpolvi,/ˈʋɑrsɑnˌpolʋi/
vaskiin,/ˈʋɑskine/
vaskiin,/ˈʋɑskiːn/
vassakkain,/ˈʋɑsːɑkːɑi̯ne/
varvas,/ˈʋɑrʋɑs/
vassata,/ˈʋɑsːɑtɑ/
Vasja,/ˈʋɑsʲɑ/
vaskiraha,/ˈʋɑskiˌrɑhɑ/
vaskihammas,/ˈʋɑskiˌhɑmːɑs/
vast,/ˈʋɑstɑ/
vast,/ˈʋɑstɑ/
vassen,/ˈʋɑsːen/
vassen,/ˈʋɑsːen/
vassus,/ˈʋɑsːus/
vassoin,/ˈʋɑsːoi̯n/
vasta-,/ˈʋɑstɑ-/
vasta,/ˈʋɑstɑ/
Vassu,/ˈʋɑsːu/
Vašington,/ˈʋɑʃiŋɡton/
vatnoi,/ˈʋɑtnoi̯/
vastain,/ˈʋɑstɑi̯ne/
vatsan,/ˈʋɑt͡sɑn/
vatera,/ˈʋɑterɑ/
vastumain,/ˈʋɑstumɑi̯ne/
veejä,/ˈʋijːæ/
veekas,/ˈʋeːkɑs/
veekäs,/ˈʋe.ekæs/
vatsanmako,/ˈʋɑt͡sɑnˌmɑko/
vavissa,/ˈʋɑʋisːɑ/
vedra,/ˈʋedrɑ/
veeno,/ˈʋeːno/
veenoksee,/ˈʋeːnokseː/
veeras,/ˈʋeːrɑs/
veeras,/ˈʋeːrɑs/
veeraisse,/ˈʋeːrɑi̯sːe/
veeraisse,/ˈʋeːrɑi̯sːe/
veeraisse,/ˈʋeːrɑi̯sːe/
veerre,/ˈʋeːrːe/
veeriäin,/ˈʋeːrijæi̯ne/
veerrä,/ˈʋeːrːæ/
veerättää,/ˈʋeːrætːæː/
veettää,/ˈʋeːtːæː/
vehka,/ˈʋehkɑ/
veelä,/ˈʋeːlæ/
vehnä,/ˈʋehnæ/
veero,/ˈʋeːro/
vehnäkakka,/ˈʋehnæˌkɑkːɑ/
vehnäpurnu,/ˈʋehnæˌpurnu/
vekale,/ˈʋekɑle/
veikko,/ˈʋei̯kːo/
veetto,/ˈʋeːtːo/
veli,/ˈʋeli/
velli,/ˈʋelːi/
velikunta,/ˈʋeliˌkuntɑ/
veiterys,/ˈʋei̯terys/
velosipeda,/ˈʋelosipedɑ/
velipoika,/ˈʋeliˌpoi̯kɑ/
velvyt,/ˈʋelʋyt/
vello,/ˈʋelːo/
veljä,/ˈʋeljæ/
venahtaa,/ˈʋenɑhtɑː/
venemeri,/ˈʋeneˌmeri/
vencäissä,/ˈʋent͡ʃæi̯sːæ/
venemaasteri,/ˈʋeneˌmɑːsteri/
venta,/ˈʋentɑ/
venemeisteri,/ˈʋeneˌmei̯steri/
ventsa,/ˈʋent͡sɑ/
vennää,/ˈʋenæː/
vennää,/ˈʋenːæː/
vennäin,/ˈʋenːæi̯ne/
vennäin,/ˈʋenːæi̯n/
vennäänsaapas,/ˈʋenæːnˌsɑːpɑs/
venutella,/ˈʋenutelːɑ/
ventolain,/ˈʋentolɑi̯ne/
venuttaissa,/ˈʋenutːɑi̯sːɑ/
venuttaa,/ˈʋenutːɑː/
verakas,/ˈʋerɑkɑs/
venät,/ˈʋenæt/
veri,/ˈʋeri/
verbi,/ˈʋerbi/
verenimiäin,/ˈʋerenˌimijæi̯ne/
Verba,/ˈʋerbɑ/
verestää,/ˈʋerestæː/
verekäs,/ˈʋerekæs/
veripunain,/ˈʋeriˌpunɑi̯ne/
veripunain,/ˈʋeriˌpunɑi̯ne/
verihaava,/ˈʋeriˌhɑːʋɑ/
verkkoaitta,/ˈʋerkːoˌɑi̯tːɑ/
verkko,/ˈʋerkːo/
verivilli,/ˈʋeriˌʋilːi/
versta,/ˈʋerstɑ/
verkkorihma,/ˈʋerkːoˌrihmɑ/
verka,/ˈʋerkɑ/
vernoi,/ˈʋernoi̯/
vernoist,/ˈʋernoi̯stɑ/
vernoist,/ˈʋernoi̯stɑ/
vernoist,/ˈʋernoi̯stɑ/
veritilkka,/ˈʋeriˌtilkːɑ/
vesakas,/ˈʋesɑkɑs/
verta,/ˈʋertɑ/
vesi,/ˈʋesi/
vervi,/ˈʋerʋi/
veruttaa,/ˈʋerutːɑː/
Veserista,/ˈʋeseristɑ/
vesielokas,/ˈʋesiˌelokɑs/
vesikko,/ˈʋesikːo/
vesikasvo,/ˈʋesiˌkɑsʋo/
vesikäs,/ˈʋesikæs/
vesikukka,/ˈʋesiˌkukːɑ/
vesilintu,/ˈʋesiˌlintu/
vesilucikkain,/ˈʋesiˌlut͡ʃikːɑi̯ne/
vesikelkka,/ˈʋesiˌkelkːɑ/
vesirakko,/ˈʋesiˌrɑkːo/
vesirotta,/ˈʋesiˌrotːɑ/
vesilätikkä,/ˈʋesiˌlætikːæ/
vesitilkka,/ˈʋesiˌtilkːɑ/
vesu,/ˈʋesu/
vestää,/ˈʋestæː/
vesselä,/ˈʋesːelæ/
vetosolmi,/ˈʋetoˌsolmi/
vettiissä,/ˈʋetiːsːæ/
vessellä,/ˈʋesːelːæ/
vet,/ˈʋet/
vetämys,/ˈʋetæmys/
vihain,/ˈʋihɑi̯ne/
vihma,/ˈʋihmɑ/
vettää,/ˈʋetæː/
vetämä,/ˈʋetæmæ/
vihmakas,/ˈʋihmɑkɑs/
vihmakaarto,/ˈʋihmɑˌkɑːrto/
vihata,/ˈʋihɑtɑ/
vihmamatokkain,/ˈʋihmɑˌmɑtokːɑi̯n/
vihmakulli,/ˈʋihmɑˌkulːi/
viijes,/ˈʋiːjes/
vihmakaarre,/ˈʋihmɑˌkɑːrːe/
vihura,/ˈʋihurɑ/
vihmoittaa,/ˈʋihmoi̯tːɑː/
viijespäivä,/ˈʋiːjesˌpæi̯ʋæ/
viikate,/ˈʋiːkɑte/
viihkura,/ˈʋiːhkurɑ/
vihmoja,/ˈʋihmojɑ/
viimeks,/ˈʋiːmekse/
viimän,/ˈʋiːmæn/
viikko,/ˈʋiːkːo/
viilike,/ˈʋiːlike/
viimänki,/ˈʋiːmæŋki/
viimein,/ˈʋiːmei̯ne/
viina,/ˈʋiːnɑ/
Viiseniä,/ˈʋiːsenjæ/
viisi,/ˈʋiːsi/
viiskymment,/ˈʋiːsˌkymːentæ/
Viiseniäpäivä,/ˈʋiːsenjæˌpæi̯ʋæ/
viistoist,/ˈʋiːstoi̯stɑ/
Viistikolkka,/ˈʋiːstiˌkolkːɑ/
viišnjä,/ˈʋiːʃnʲæ/
viksu,/ˈʋiksu/
viis,/ˈʋiːsi/
Viistina,/ˈʋiːstinɑ/
vilja,/ˈʋiljɑ/
viljaaitta,/ˈʋiljɑˌɑi̯tːɑ/
Viljam,/ˈʋiljɑm/
vilahtaa,/ˈʋilɑhtɑː/
vilissä,/ˈʋilisːæ/
viljarunni,/ˈʋiljɑˌrunːi/
vilkahtaa,/ˈʋilkɑhtɑː/
vilkkaa,/ˈʋilkːɑː/
vilkkaa,/ˈʋilkːɑː/
viljapelto,/ˈʋiljɑˌpelto/
vilkuttaa,/ˈʋilkutːɑː/
villalanka,/ˈʋilːɑˌlɑŋkɑ/
viljellä,/ˈʋiljelːæ/
viljasarka,/ˈʋiljɑˌsɑrkɑ/
villi,/ˈʋilːi/
villi,/ˈʋilːi/
villa,/ˈʋilːɑ/
villapää,/ˈʋilːɑˌpæː/
vilu,/ˈʋilu/
vimpa,/ˈʋimpɑ/
villanahka,/ˈʋilːɑˌnɑhkɑ/
vimpapiiras,/ˈʋimpɑˌpiːrɑs/
villipulli,/ˈʋilːiˌpulːi/
vingerrellä,/ˈʋiŋɡerːelːæ/
vimpata,/ˈʋimpɑtɑ/
viluin,/ˈʋilui̯ne/
vinguttaa,/ˈʋiŋɡutːɑː/
vipu,/ˈʋipu/
vinkiä,/ˈʋiŋkiæ/
virittyä,/ˈʋiritːyæ/
vinkua,/ˈʋiŋkuɑ/
virsta,/ˈʋirstɑ/
virrata,/ˈʋirːɑtɑ/
vipukätyt,/ˈʋipuˌkætyt/
visata,/ˈʋisɑtɑ/
virka,/ˈʋirkɑ/
virolain,/ˈʋirolɑi̯ne/
vitsamerta,/ˈʋit͡sɑˌmertɑ/
viskoa,/ˈʋiskoɑ/
vodoroda,/ˈʋodorodɑ/
voi,/ˈʋoi̯/
voi,/ˈʋoi̯/
voi,/ˈʋoi̯/
vohmain,/ˈʋohmɑi̯ne/
vohma,/ˈʋohmɑ/
vohma,/ˈʋohmɑ/
voija,/ˈʋoi̯jɑ/
voima,/ˈʋoi̯mɑ/
voimakkuus,/ˈʋoi̯mɑkːuːs/
voimakagra,/ˈʋoi̯mɑˌkɑɡrɑ/
viuhka,/ˈʋiu̯hkɑ/
voije,/ˈʋoi̯je/
voimakas,/ˈʋoi̯mɑkɑs/
voipata,/ˈʋoi̯ˌpɑtɑ/
voimuro,/ˈʋoi̯ˌmuro/
voittiissa,/ˈʋoi̯tːiːsːɑ/
voimakkaamp,/ˈʋoi̯mɑkːɑːmpi/
voittaa,/ˈʋoi̯tːɑː/
vokala,/ˈʋokɑlɑ/
voitto,/ˈʋoi̯tːo/
voimatoin,/ˈʋoi̯mɑtoi̯n/
voitaa,/ˈʋoi̯tɑː/
vokalagarmonia,/ˈʋokɑlɑˌɡɑrmoniɑ/
voitella,/ˈʋoi̯telːɑ/
volosti,/ˈʋolosti/
voohilintu,/ˈʋoːhiˌlintu/
vokzala,/ˈʋokzɑlɑ/
voonain,/ˈʋoːnɑi̯ne/
voli,/ˈʋoli/
voos,/ˈʋoːsi/
vonka,/ˈʋoŋkɑ/
voovve,/ˈʋoːʋːe/
voossata,/ˈʋoːsˌsɑtɑ/
vozduha,/ˈʋozduhɑ/
voonna,/ˈʋoːnːɑ/
voonna,/ˈʋoːnːɑ/
vurahtaa,/ˈʋurɑhtɑː/
-vva,/-ʋːɑ/
vrednoi,/ˈʋrednoi̯/
vähemmän,/ˈʋæhemːæn/
vähemmän,/ˈʋæhemːæn/
vunukka,/ˈʋunukːɑ/
vähentyä,/ˈʋæhentyæ/
vähemp,/ˈʋæhempi/
vähentäjä,/ˈʋæhentæjæ/
vähentää,/ˈʋæhentæː/
vähennettävä,/ˈʋæhenːetːæʋæ/
vähennettävä,/ˈʋæhenːetːæʋæ/
vähittee,/ˈʋæhitːeː/
vähä,/ˈʋæhæ/
vähä,/ˈʋæhæ/
väkövä,/ˈʋækeʋæ/
vähänäkyvä,/ˈʋæhæˌnækyʋæ/
väliavanto,/ˈʋæliˌɑʋɑnto/
vähätiitoin,/ˈʋæhæˌtiːtoi̯ne/
väki,/ˈʋæki/
väli,/ˈʋæli/
väkkärä,/ˈʋækːæræ/
välis,/ˈʋælisːæ/
välis,/ˈʋælisːæ/
välistää,/ˈʋælistæː/
välist,/ˈʋælistæ/
välist,/ˈʋælistæ/
värski,/ˈʋærski/
värttänämato,/ˈʋærtːænæˌmɑto/
vällää,/ˈʋælæː/
vävy,/ˈʋæʋy/
välttää,/ˈʋæltːæː/
vääntää,/ˈʋæːntæː/
vässyä,/ˈʋæsyæ/
vääskö,/ˈʋæːskø/
-y,/-y/
yheksänkymment,/ˈyheksænˌkymːentæ/
väärä,/ˈʋæːræ/
vöö,/ˈʋøː/
vöönkohta,/ˈʋøːnˌkohtɑ/
yheksäntoist kymmenäs,/ˈyheksæntoi̯stɑ ˈkymːenæs/
vöglä,/ˈʋøɡlæ/
yhenlaajain,/ˈyhenlɑːjɑi̯ne/
yheksäskymmenäs,/ˈyheksæsˌkymːenæs/
yheksäs,/ˈyheksæs/
yhtehystee,/ˈyhtehysˌteː/
yhistää,/ˈyhistæː/
yhtehös,/ˈyhtehøs/
yhissetty,/ˈyhisːetːy/
yhissetty,/ˈyhisːetːy/
yhtyä,/ˈyhtyæ/
yhtee,/ˈyhteː/
yhtee,/ˈyhteː/
yhtä,/ˈyhtæ/
yks,/ˈyks/
yks,/ˈyks/
yks,/ˈyks/
yhtymiin,/ˈyhtymine/
yhtymiin,/ˈyhtymine/
yksikkö,/ˈyksikːø/
yksinää,/ˈyksinæː/
yksmaštiin,/ˈyksˌmɑʃtine/
ylemmäks,/ˈylemːækse/
yksittää,/ˈyksitːæː/
ylentäjä,/ˈylentæjæ/
yksikköforma,/ˈyksikːøˌformɑ/
ylentäjäin,/ˈylentæjæi̯ne/
yletä,/ˈyletæ/
ykstoist kymment,/ˈykstoi̯stɑ ˈkymːentæ/
ykstoist kymmenäs,/ˈykstoi̯stɑ ˈkymːenæs/
yliniitty,/ˈyliˌniːtːy/
ylihoomeen,/ˈyliˌhoːmeːn/
ylimaarit,/ˈyliˌmɑːrit/
yli,/ˈyli/
yli,/ˈyli/
yli,/ˈyli/
yllääl,/ˈylæːlːæ/
yli-,/ˈyli-/
ylämeri,/ˈylæˌmeri/
ylioppi,/ˈyliˌopːi/
ylös,/ˈyløs/
yläsokka,/ˈylæˌsokːɑ/
ymmärtää,/ˈymːærtæː/
ympärkäin,/ˈympærkæi̯ne/
ylläält,/ˈylæːltæ/
ympäröivä,/ˈympærøi̯ʋæ/
ympärys,/ˈympærys/
yrnää,/ˈyrnæː/
ympärikko,/ˈympærikːo/
ympärikko,/ˈympærikːo/
ymmyrkäin,/ˈymːyrkæi̯ne/
-yttää,/-ytːæː/
zakona,/ˈzɑkonɑ/
zadaci,/ˈzɑdɑt͡ʃi/
ympäär,/ˈympæri/
ympäär,/ˈympæri/
ympäär,/ˈympæri/
ystävä,/ˈystæʋæ/
zavoda,/ˈzɑʋodɑ/
zontikka,/ˈzontikːɑ/
žaabrat,/ˈʒɑːbrɑt/
zooparkka,/ˈzo.oˌpɑrkːɑ/
žirafa,/ˈʒirɑfɑ/
žaali,/ˈʒɑːli/
-znacnoi,/-znɑt͡ʃnoi̯/
žaaru,/ˈʒɑːru/
äijä,/ˈæi̯jæ/
äijä,/ˈæi̯jæ/
äijä,/ˈæi̯jæ/
äijäin,/ˈæi̯jæi̯ne/
Äijäpäivä,/ˈæi̯jæˌpæi̯ʋæ/
že,/ˈʒe/
žiidalain,/ˈʒiːdɑlɑi̯ne/
äkkistää,/ˈækːistæː/
äkkiammus,/ˈækːiˌɑmːus/
äkykäs,/ˈækykæs/
ämmä,/ˈæmːæ/
ämmö,/ˈæmːø/
-ähtää,/-æhtæː/
äky,/ˈæky/
ämmäin,/ˈæmːæi̯ne/
äkki,/ˈækːi/
ärvärtää,/ˈærʋærtæː/
ätinnimi,/ˈætinˌnimi/
ätti,/ˈætːi/
ätsintimä,/ˈæt͡sintimæ/
ääni,/ˈæːni/
ätsimä,/ˈæt͡simæ/
ätälä,/ˈætælæ/
ääntää,/ˈæːntæː/
äänioppi,/ˈæːniˌopːi/
ääree,/ˈæːreː/
ääree,/ˈæːreː/
äänehtiä,/ˈæːnehtiæ/
öittee,/ˈøi̯tːeː/
ääri,/ˈæːri/
öksyttää,/ˈøksytːæː/
äärykset,/ˈæːrykset/
ölissä,/ˈølisːæ/
äärimäin,/ˈæːrimæi̯ne/
-ötä,/-øtæ/
öljy,/ˈøljy/
öljytä,/ˈøljytæ/
örissä,/ˈørisːæ/
öljyvaate,/ˈøljyˌʋɑːte/
-ös,/-øs/
-ös,/-øs/
-ös,/-øs/
öönikka,/ˈøːnikːɑ/
ööitku,/ˈøːˌitku/
öömaja,/ˈøːˌmɑjɑ/
ööl,/ˈøːlːæ/
öösiha,/ˈøːˌsihɑ/
öömato,/ˈøːˌmɑto/
öötöin-päivätöin,/ˈøːtøi̯n ˈpæi̯ʋætøi̯n/
öövahti,/ˈøːˌʋɑhti/
ööpyytö,/ˈøːˌpyːtø/
aijoittaa,/ˈɑi̯joi̯tːɑː/
aikahiin,/ˈɑi̯kɑhine/
aikoo,/ˈɑi̯koː/
aikanna,/ˈɑi̯kɑnːɑ/
aikanna,/ˈɑi̯kɑnːɑ/
airana,/ˈɑi̯rɑnɑ/
aikaisemp,/ˈɑi̯kɑi̯sempi/
aisa,/ˈɑi̯sɑ/
aisanahkain,/ˈɑi̯sɑˌnɑhkɑi̯ne/
aisannahkain,/ˈɑi̯sɑnˌnɑhkɑi̯ne/
ainavo,/ˈɑi̯nɑʋo/
aivassuttaa,/ˈɑi̯ʋɑsːutːɑː/
ainaki,/ˈɑi̯nɑki/
aitavitsa,/ˈɑi̯tɑˌʋit͡sɑ/
aivastaa,/ˈɑi̯ʋɑstɑː/
aivastaa,/ˈɑi̯ʋɑstɑː/
ajaja,/ˈɑjɑjɑ/
aiva,/ˈɑi̯ʋɑ/
aivo,/ˈɑi̯ʋo/
aivon,/ˈɑi̯ʋon/
ajo,/ˈɑjo/
ajan,/ˈɑjɑn/
ajan,/ˈɑjɑn/
ajattaa,/ˈɑjɑtːɑː/
Ala-Laukaa,/ˈɑlɑˌlɑu̯kɑː/
alain,/ˈɑlɑi̯ne/
alain,/ˈɑlɑi̯ne/
akana,/ˈɑkɑnɑ/
akanpala,/ˈɑkɑnˌpɑlɑ/
alameri,/ˈɑlɑˌmeri/
alanikko,/ˈɑlɑnikːo/
alanikko,/ˈɑlɑnikːo/
alanko,/ˈɑlɑŋko/
akkusativa,/ˈɑkːusɑtiʋɑ/
alassin,/ˈɑlɑsːin/
alanne,/ˈɑlɑnːe/
alapooli,/ˈɑlɑˌpoːli/
alempain,/ˈɑlempɑi̯ne/
alemmaal,/ˈɑlemːɑlːɑ/
aliniitty,/ˈɑliˌniːtːy/
alentaa,/ˈɑlentɑː/
alasvaahto,/ˈɑlɑsˌʋɑːhto/
alketa,/ˈɑlketɑ/
alimaarit,/ˈɑliˌmɑːrit/
aliripsut,/ˈɑliˌripsut/
alku,/ˈɑlku/
allaa,/ˈɑlɑː/
allaalle,/ˈɑlːɑːlːe/
alu-,/ˈɑlu-/
alusmaja,/ˈɑlusˌmɑjɑ/
aluskaatiat,/ˈɑlusˌkɑːtiɑt/
alustrenki,/ˈɑlusˌtreŋki/
alusmees,/ˈɑlusˌmeːs/
alusvene,/ˈɑlusˌʋene/
alus,/ˈɑlus/
alus,/ˈɑlusːɑ/
alve,/ˈɑlʋe/
Amerikan Yhissetyt Štaatat,/ˈɑmerikɑn ˈyhisːetyt ˈʃtɑːtɑt/
ampua,/ˈɑmpuɑ/
Anglia,/ˈɑŋɡliɑ/
amin,/ˈɑmin/
Amerikka,/ˈɑmerikːɑ/
ammillaa,/ˈɑmːilːɑː/
ankerias,/ˈɑŋkeriɑs/
antaa,/ˈɑntɑː/
Annu,/ˈɑnːu/
antaa suuta,/ˈɑntɑː ˈsuːtɑ/
antaa mordaa,/ˈɑntɑː ˈmordɑː/
ankkuri,/ˈɑŋkːuri/
apinikka,/ˈɑpinikːɑ/
arappi,/ˈɑrɑpːi/
aprelikuu,/ˈɑpreliˌkuː/
Apo,/ˈɑpo/
arhitektori,/ˈɑrhitektori/
arestoittaa,/ˈɑrestoi̯tːɑː/
arina,/ˈɑrinɑ/
arina,/ˈɑrinɑ/
arassella,/ˈɑrɑsːelːɑ/
areta,/ˈɑretɑ/
armatoin,/ˈɑrmɑtoi̯n/
armatoin,/ˈɑrmɑtoi̯n/
arki,/ˈɑrki/
armia,/ˈɑrmiɑ/
armulliin,/ˈɑrmulːine/
Arttamona,/ˈɑrtːɑmonɑ/
arvoa,/ˈɑrʋoɑ/
arvoa,/ˈɑrʋoɑ/
armolliin,/ˈɑrmolːine/
arvaaja,/ˈɑrʋɑːjɑ/
arvoittee,/ˈɑrʋoi̯tːeː/
arvoitos,/ˈɑrʋoi̯tos/
arvoja,/ˈɑrʋojɑ/
arvoitella,/ˈɑrʋoi̯telːɑ/
assua,/ˈɑsuɑ/
as,/ˈɑsːɑ/
as,/ˈɑsːɑ/
asra,/ˈɑsrɑ/
astavoja,/ˈɑstɑʋojɑ/
assiapaperi,/ˈɑsiɑˌpɑperi/
asunikka,/ˈɑsunikːɑ/
asu,/ˈɑsu/
aurinko,/ˈɑu̯riŋko/
automobili,/ˈɑu̯tomobili/
aukku,/ˈɑu̯kːu/
astia,/ˈɑstiɑ/
Avstralia,/ˈɑʋstrɑliɑ/
avo,/ˈɑʋo/
avaella,/ˈɑʋɑ.elːɑ/
avveta,/ˈɑʋːetɑ/
AYŠ,/ɑ y ˈeʃ/
bajari,/ˈbɑjɑri/
azbukka,/ˈɑzbukːɑ/
avtora,/ˈɑftorɑ/
barabaanittaa,/ˈbɑrɑbɑːnitːɑː/
balkka,/ˈbɑlkːɑ/
baroni,/ˈbɑroni/
baaba,/ˈbɑːbɑ/
baptisti,/ˈbɑptisti/
beluga,/ˈbeluɡɑ/
birkka,/ˈbirkːɑ/
boltaittaa,/ˈboltɑi̯tːɑː/
blednoi,/ˈblednoi̯/
batrakka,/ˈbɑtrɑkːɑ/
boltta,/ˈboltːɑ/
botsmani,/ˈbot͡smɑni/
braakkia,/ˈbrɑːkːiɑ/
bolvana,/ˈbolʋɑnɑ/
bukvari,/ˈbukʋɑri/
bumažnoi,/ˈbumɑʒnoi̯/
buntta,/ˈbuntːɑ/
bortta,/ˈbortːɑ/
bronza,/ˈbronzɑ/
burdjukka,/ˈburdʲukːɑ/
bömböräin,/ˈbømbøræi̯ne/
butka,/ˈbutkɑ/
caju,/ˈt͡ʃɑju/
caaju,/ˈt͡ʃɑːju/
celjuskintsa,/ˈt͡ʃelʲuskint͡sɑ/
bääkkää,/ˈbæːkːæː/
ciižikka,/ˈt͡ʃiːʒikːɑ/
cinovnikka,/ˈt͡ʃinoʋnikːɑ/
cirkkulain,/ˈt͡ʃirkːulɑi̯ne/
cirkka,/ˈt͡ʃirkːɑ/
cirkka,/ˈt͡ʃirkːɑ/
cislasana,/ˈt͡ʃislɑˌsɑnɑ/
cisla,/ˈt͡ʃislɑ/
cikerrellä,/ˈt͡ʃikerːelːæ/
cotkoi,/ˈt͡ʃotkoi̯/
curattaa,/ˈt͡ʃurɑtːɑː/
cuvstva,/ˈt͡ʃuʋstʋɑ/
culana,/ˈt͡ʃulɑnɑ/
cubukka,/ˈt͡ʃubukːɑ/
cuhna,/ˈt͡ʃuhnɑ/
daaca,/ˈdɑːt͡ʃɑ/
cääjy,/ˈt͡ʃæːjy/
defekta,/ˈdefektɑ/
daacnikka,/ˈdɑːt͡ʃnikːɑ/
diikkoi,/ˈdiːkːoi̯/
diftonga,/ˈdiftoŋɡɑ/
djuima,/ˈdʲui̯mɑ/
daaže,/ˈdɑːʒe/
droobi,/ˈdroːbi/
dubina,/ˈdubinɑ/
drofa,/ˈdrofɑ/
diafragma,/ˈdiɑˌfrɑɡmɑ/
eelt,/ˈe.eltæ/
eelt,/ˈe.eltæ/
egle,/ˈeɡle/
eelle,/ˈe.elːe/
eelle,/ˈe.elːe/
eglelliin,/ˈeɡlelːine/
ees,/ˈe.esːæ/
ees,/ˈe.esːæ/
ees,/ˈe.esːæ/
ees,/ˈe.esːæ/
ees,/ˈeːs/
ehtoo,/ˈehtoː/
eisimessarki,/ˈei̯simesˌsɑrki/
ehtoisa,/ˈehtoi̯sɑ/
eksyä,/ˈeksyæ/
ehki,/ˈehki/
ehki,/ˈehki/
ei milt,/ˈei̯ ˈmiltæ/
elohiiri,/ˈeloˌhiːri/
elektricestvo,/ˈelek.trit͡ʃestʋo/
elussella,/ˈelusːelːɑ/
ellään,/ˈelæːn/
elä,/ˈelæ/
elä,/ˈelæ/
elektrolamppu,/ˈelektroˌlɑmpːu/
eläjä,/ˈelæjæ/
emannain,/ˈemɑnˌnɑi̯ne/
emmä,/ˈemːæ/
emäjuuri,/ˈemæˌjuːri/
elättää,/ˈelætːæː/
emälaine,/ˈemæˌlɑi̯ne/
emämaa,/ˈemæˌmɑː/
emämaanporoda,/ˈemæˌmɑːnˌporodɑ/
emäpääskö,/ˈemæˌpæːskø/
enempää,/ˈenempæː/
enempää,/ˈenempæː/
enemmän,/ˈenemːæn/
enemmän,/ˈenemːæn/
enemmäst,/ˈenemːæstæ/
enemmäst,/ˈenemːæstæ/
Enipäivä,/ˈeniˌpæi̯ʋæ/
ennen egle,/ˈenːen ˈeɡle/
ennustaa,/ˈenːustɑː/
ennemoin,/ˈenːemoi̯n/
ensemässärki,/ˈensemæsˌsærki/
ennenaikain,/ˈenːenˌɑi̯kɑi̯ne/
ensimässärki,/ˈensimæsˌsærki/
eno,/ˈeno/
ensti,/ˈensti/
enstää,/ˈenstæː/
entoaika,/ˈentoˌɑi̯kɑ/
ensin,/ˈensin/
erikkokrapu,/ˈerikːoˌkrɑpu/
erilaajain,/ˈeriˌlɑːjɑi̯ne/
epä-,/ˈepæ-/
epäsurma,/ˈepæˌsurmɑ/
erilain,/ˈerilɑi̯ne/
erahua,/ˈerɑhuɑ/
erittee,/ˈeritːeː/
erohua,/ˈerohuɑ/
eroitos,/ˈeroi̯tos/
-ertaa,/-ertɑː/
esimerkki,/ˈesiˌmerkːi/
eroitella,/ˈeroi̯telːɑ/
esiperin,/ˈesiˌperin/
esimerkilliin,/ˈesiˌmerkilːine/
esinukka,/ˈesiˌnukːɑ/
essyttää,/ˈesːytːæː/
-eta,/-etɑ/
-eta,/-etɑ/
estäjä,/ˈestæjæ/
esinootta,/ˈesiˌnoːtːɑ/
etemmän,/ˈetemːæn/
etelä,/ˈetelæ/
etemmäs,/ˈetemːæs/
etelätuuli,/ˈetelæˌtuːli/
etemmääl,/ˈetemːælːæ/
etimäin,/ˈetimæi̯ne/
etespäin,/ˈetesˌpæi̯/
etteepäin,/ˈeteːnˌpæi̯/
etteeneeglan,/ˈeteːˌneːɡlɑn/
etti,/ˈetːi/
että,/ˈetːæ/
että,/ˈetːæ/
etu-,/ˈetu-/
euksi,/ˈeu̯ksi/
eväs,/ˈeʋæs/
etukättee,/ˈetuˌkæteː/
etähälle,/ˈetæːlːe/
Filimoni,/ˈfilimoni/
faabrikka,/ˈfɑːbrikːɑ/
Foma,/ˈfomɑ/
fakta,/ˈfɑktɑ/
fonetikka,/ˈfonetikːɑ/
figura,/ˈfiɡurɑ/
fevrali,/ˈfeʋrɑli/
formaaliin,/ˈformɑːline/
formennoi,/ˈformenːoi̯/
flootta,/ˈfloːtːɑ/
fugantka,/ˈfuɡɑntkɑ/
formain,/ˈformɑi̯ne/
foofana,/ˈfoːfɑnɑ/
garmanššikka,/ˈɡɑrmɑnʃːikːɑ/
Föödermaa,/ˈføːderˌmɑː/
garmonia,/ˈɡɑrmoniɑ/
garmonia,/ˈɡɑrmoneː/
furskaa,/ˈfurskɑː/
gitari,/ˈɡitɑri/
gadjukka,/ˈɡɑdʲukːɑ/
geminatta,/ˈɡemiˌnɑtːɑ/
gololeditsa,/ˈɡololedit͡sɑ/
gidrostantsia,/ˈɡidroˌstɑnt͡siɑ/
georgiini,/ˈɡeorɡiːni/
glasnoi,/ˈɡlɑsnoi̯/
gribavihma,/ˈɡribɑˌʋihmɑ/
griba,/ˈɡribɑ/
griuna,/ˈɡriu̯nɑ/
grammatikka,/ˈɡrɑmːɑˌtikːɑ/
gruntti,/ˈɡruntːi/
grььža,/ˈɡrɨːʒɑ/
groba,/ˈɡrobɑ/
haalia,/ˈhɑːliɑ/
grudnikka,/ˈɡrudnikːɑ/
haapain,/ˈhɑːpɑi̯ne/
groošša,/ˈɡroːʃːɑ/
haapa,/ˈhɑːpɑ/
-haa,/-hɑ(ː)/
haastaa,/ˈhɑːstɑː/
haapaopokka,/ˈhɑːpɑˌopokːɑ/
hahattaa,/ˈhɑhɑtːɑː/
haarain,/ˈhɑːrɑi̯ne/
hah,/ˈhɑh/
habras,/ˈhɑbrɑs/
haikutos,/ˈhɑi̯kutos/
hahlat,/ˈhɑhlɑt/
hailiverkko,/ˈhɑi̯liˌʋerkːo/
haisottaa,/ˈhɑi̯sotːɑː/
haissella,/ˈhɑi̯sːelːɑ/
haihtua,/ˈhɑi̯htuɑ/
haili,/ˈhɑi̯li/
hakata,/ˈhɑkɑtɑ/
hailisuppi,/ˈhɑi̯liˌsupːi/
hajuin,/ˈhɑjui̯ne/
haljas,/ˈhɑljɑs/
haleta,/ˈhɑletɑ/
halko,/ˈhɑlko/
haisu,/ˈhɑi̯su/
halki,/ˈhɑlki/
haletella,/ˈhɑletelːɑ/
halettaa,/ˈhɑletːɑː/
halu,/ˈhɑlu/
hame,/ˈhɑme/
haltias,/ˈhɑltiɑs/
hammas,/ˈhɑmːɑs/
hampaat,/ˈhɑmpɑːt/
hanhiparvi,/ˈhɑneˌpɑrʋi/
hapannos,/ˈhɑpɑnːos/
hansata,/ˈhɑnsɑtɑ/
hano,/ˈhɑno/
hapanrokka,/ˈhɑpɑnˌrokːɑ/
haparoija,/ˈhɑpɑroi̯jɑ/
hapan maito,/ˈhɑpɑn ˈmɑi̯to/
hapantaikina,/ˈhɑpɑnˌtɑi̯kinɑ/
harkata,/ˈhɑrkɑtɑ/
harkkamus,/ˈhɑrkːɑmus/
harota,/ˈhɑrotɑ/
haroella,/ˈhɑroelːɑ/
harotos,/ˈhɑrotos/
harvaa,/ˈhɑrʋɑː/
harvaa,/ˈhɑrʋɑː/
harottaa,/ˈhɑrotːɑː/
harmaakivi,/ˈhɑrmɑːˌkiʋi/
hatakka,/ˈhɑtɑkːɑ/
haukata,/ˈhɑu̯kɑtɑ/
hautapeentara,/ˈhɑu̯tɑˌpeːntɑrɑ/
havu,/ˈhɑʋu/
harvaslojain,/ˈhɑrʋɑˌslojɑi̯ne/
heeroa,/ˈheːroɑ/
hautajaiset,/ˈhɑu̯tɑjɑi̯set/
heenoluin,/ˈheːnoˌlui̯ne/
heertyä,/ˈheːrtyæ/
heertää,/ˈheːrtæː/
heinäkapine,/ˈhei̯næˌkɑpine/
heinäsikkö,/ˈhei̯næsikːø/
heinätaakka,/ˈhei̯næˌtɑːkːɑ/
heijen,/ˈhei̯jen/
heittää,/ˈhei̯tːæː/
heinämaa,/ˈhei̯næˌmɑː/
helmiin,/ˈhelmine/
helmiin,/ˈhelmiːn/
helve,/ˈhelʋe/
hellä,/ˈhelːæ/
helmi,/ˈhelmi/
helvetti,/ˈhelʋetːi/
helvetti,/ˈhelʋetːi/
helma,/ˈhelmɑ/
henkäämiin,/ˈheŋkæːmine/
henkäämiin,/ˈheŋkæːmine/
hepoisoboza,/ˈhepoi̯sˌobozɑ/
hepoisraiska,/ˈhepoi̯sˌrɑi̯skɑ/
hepokaarre,/ˈhepoˌkɑːrːe/
helähyttää,/ˈhelæhytːæː/
hersi,/ˈhirsi/
hetsua,/ˈhet͡suɑ/
hervi,/ˈherʋi/
hiatoin,/ˈhiɑtoi̯n/
herissyttää,/ˈherisːytːæː/
hietä,/ˈhietæ/
hiestöä,/ˈhiestøæ/
hervitä,/ˈherʋitæ/
hiili,/ˈhiːli/
hia,/ˈhiɑ/
hiirukkain,/ˈhiːrukːɑi̯ne/
hiisnikkazveeri,/ˈhiːsnikːɑˌzʋeːri/
hiižina,/ˈhiːʒinɑ/
hihittää,/ˈhihitːæː/
hiisnikkalintu,/ˈhiːsnikːɑˌlintu/
hikirakko,/ˈhikiˌrɑkːo/
hikiäin,/ˈhikijæi̯ne/
hirnuttaa,/ˈhirnutːɑː/
Hirvihavvat,/ˈhirʋiˌhɑʋːɑt/
hirvissellä,/ˈhirʋisːelːæ/
himokas,/ˈhimokɑs/
hirvihammas,/ˈhirʋiˌhɑmːɑs/
hohla,/ˈhohlɑ/
hohlain,/ˈhohlɑi̯ne/
hiuttaa,/ˈhiu̯tːɑː/
hlamu,/ˈhlɑmu/
hoikka,/ˈhoi̯kːɑ/
hohlamees,/ˈhohlɑˌmeːs/
hoksata,/ˈhoksɑtɑ/
hohlikas,/ˈhohlikɑs/
hoito,/ˈhoi̯to/
hoikkain,/ˈhoi̯kːɑi̯ne/
hooku,/ˈhoːku/
home,/ˈhome/
hookukerus,/ˈhoːkuˌkerus/
hoolekas,/ˈhoːlekɑs/
hooletoin,/ˈhoːletoi̯n/
homehuttaa,/ˈhomehutːɑː/
hoora,/ˈhoːrɑ/
hoomnikko,/ˈhoːmnikːo/
hoppia,/ˈhopiɑ/
hoone,/ˈhoːne/
hoppiaraha,/ˈhopːiɑˌrɑhɑ/
hoppialappa,/ˈhopiɑˌlɑpːɑ/
houkastaa,/ˈhou̯kɑstɑː/
hukkua,/ˈhukːuɑ/
hulkkuri,/ˈhulkːuri/
hulpelo,/ˈhulpelo/
humalapeentara,/ˈhumɑlɑˌpeːntɑrɑ/
huitsutella,/ˈhui̯t͡sutelːɑ/
hukata,/ˈhukɑtɑ/
humaltua,/ˈhumɑltuɑ/
humalikas,/ˈhumɑlikɑs/
humalikas,/ˈhumɑlikɑs/
humppa,/ˈhumpːɑ/
hupa,/ˈhupɑ/
humata,/ˈhumɑtɑ/
huntu,/ˈhuntu/
huuhtiissa,/ˈhuːhtiːsːɑ/
hupeloin,/ˈhupeloi̯ne/
hupeloin,/ˈhupeloi̯n/
huurre,/ˈhuːrːe/
huuhella,/ˈhuːhelːɑ/
huutaa,/ˈhuːtɑː/
hytissä,/ˈhytisːæ/
hyvämakuin,/ˈhyʋæˌmɑkui̯ne/
hyvämeeliin,/ˈhyʋæˌmeːline/
hyväst,/ˈhyʋæstæ/
hyväst,/ˈhyʋæstæ/
hyväst,/ˈhyʋæstæ/
hyvvää matkaa,/ˈhyʋæː ˈmɑtkɑː/
häilyttää,/ˈhæi̯lytːæː/
hyvätapain,/ˈhyʋæˌtɑpɑi̯ne/
häilyä,/ˈhæi̯lyæ/
hämmentää,/ˈhæmːentæː/
häglätä,/ˈhæɡlætæ/
hämö,/ˈhæmø/
hämärikko,/ˈhæmærikːo/
häntä,/ˈhæntæ/
häntä,/ˈhæntæ/
häntäavanto,/ˈhæntæˌɑʋɑnto/
härme,/ˈhærme/
hämöläin,/ˈhæmølæi̯ne/
hätähiin,/ˈhætæhine/
härkävasikka,/ˈhærkæˌʋɑsikːɑ/
hävittää,/ˈhæʋitːæː/
hävetä,/ˈhæʋetæ/
härytkukka,/ˈhærytˌkukːɑ/
härytheinä,/ˈhærytˌhei̯næ/
hävitä,/ˈhæʋitæ/
hävitä,/ˈhæʋitæ/
hää,/ˈhæː/
hätästyä,/ˈhætæstyæ/
hävviissä,/ˈhæʋiːsːæ/
höbliäin,/ˈhøblijæi̯ne/
höö,/ˈhøː/
ihassos,/ˈihɑsːos/
Ignatta,/ˈiɡnɑtːɑ/
höyrymašina,/ˈhøy̯ryˌmɑʃinɑ/
ihala,/ˈihɑlɑ/
ihme,/ˈihme/
ihmihiin,/ˈihmihine/
ijuuni,/ˈijuːni/
ikkuna,/ˈikːunɑ/
ijuuli,/ˈijuːli/
ikkunaal,/ˈikːunɑlːɑ/
ikkunaal,/ˈikːunɑlːɑ/
Iiliä,/ˈiːliæ/
ikkää,/ˈikæː/
ikkää,/ˈikæː/
ikkää,/ˈikæː/
ikkää,/ˈikæː/
ikkunalt,/ˈikːunɑltɑ/
ikkunalt,/ˈikːunɑltɑ/
ikävä,/ˈikæʋæ/
ikävä,/ˈikæʋæ/
ikävöittää,/ˈikæʋøi̯tːæː/
-ikkö,/-ikːø/
iloistaa,/ˈiloi̯stɑː/
illativa,/ˈilːɑtiʋɑ/
ilmalintu,/ˈilmɑˌlintu/
iloita,/ˈiloi̯tɑ/
ilokas,/ˈilokɑs/
ilolliin,/ˈilolːine/
imikkoleva,/ˈimikːoˌleʋɑ/
imikkokrokodila,/ˈimikːoˌkrokodilɑ/
industriaraijona,/ˈindu.striɑˌrɑi̯jonɑ/
industriatööläin,/ˈindu.striɑˌtøːlæi̯ne/
inhotella,/ˈinotelːɑ/
industria,/ˈindu.striɑ/
inkeroin,/ˈiŋkeroi̯ne/
inkeroin,/ˈiŋkeroi̯ne/
interesnoi,/ˈinteresnoi̯/
inhottaa,/ˈinotːɑː/
interjektsia,/ˈinterjekt͡siɑ/
Iro,/ˈiro/
-isa,/-isɑ/
irti,/ˈirti/
irvissellä,/ˈirʋisːelːæ/
issutos,/ˈisːutos/
-istaa,/-istɑː/
isintimä,/ˈisintimæ/
istumisnerva,/ˈistumisˌnerʋɑ/
iskljucenija,/ˈisklʲut͡ʃenijɑ/
itetellä,/ˈitetelːæ/
istumiin,/ˈistumine/
istumiin,/ˈistumine/
itkuri,/ˈitkuri/
itkuri,/ˈitkuri/
itku,/ˈitku/
itkutuuli,/ˈitkuˌtuːli/
itikkain,/ˈitikːɑi̯ne/
itkuvers,/ˈitkuˌʋers/
itätuuli,/ˈitæˌtuːli/
ityjauha,/ˈityˌjɑu̯hɑ/
Ivanovo,/ˈiʋɑnoʋo/
ižoran keeli,/ˈiʒorɑn ˈkeːli/
itäpohja,/ˈitæˌpohjɑ/
iänikäin,/ˈiænˌikæi̯ne/
-iäin,/-ijæi̯n/
jaaha,/ˈjɑːhɑ/
jaadumato,/ˈjɑːduˌmɑto/
ižoraks,/ˈiʒorɑkse/
jahtiita,/ˈjɑhtiːtɑ/
jakahua,/ˈjɑkɑhuɑ/
j.n.e.,/jot en ˈe/
jalal,/ˈjɑlɑlːɑ/
jakutti,/ˈjɑkutːi/
jalast,/ˈjɑlɑstɑ/
jalast,/ˈjɑlɑstɑ/
jalaja,/ˈjɑlɑjɑ/
jako,/ˈjɑko/
jalkatroppa,/ˈjɑlkɑˌtropːɑ/
jalka jalalt,/ˈjɑlkɑ ˈjɑlɑltɑ/
jaloilt,/ˈjɑloi̯ltɑ/
jaloilt,/ˈjɑloi̯ltɑ/
jalustimet,/ˈjɑlustimet/
jaloil,/ˈjɑloi̯lːɑ/
jaloil,/ˈjɑloi̯lːɑ/
janottaa,/ˈjɑnotːɑː/
jaloittaa,/ˈjɑloi̯tːɑː/
jaotus,/ˈjɑotus/
jauhotella,/ˈjɑu̯hoˌtelːɑ/
jauhokivi,/ˈjɑu̯hoˌkiʋi/
jauhouhlu,/ˈjɑu̯hoˌuhlu/
Japoni,/ˈjɑponi/
Jeesus,/ˈjeːsus/
joekas,/ˈjoekɑs/
joki,/ˈjoki/
Joenperä,/ˈjoenˌperæ/
jokikrapu,/ˈjokiˌkrɑpu/
jooksennella,/ˈjoːksenːelːɑ/
jooma,/ˈjoːmɑ/
jooma,/ˈjoːmɑ/
joottaa,/ˈjoːtːɑː/
jokilaiva,/ˈjokiˌlɑi̯ʋɑ/
jouhi,/ˈjou̯hi/
joukko,/ˈjou̯kːo/
jouhimato,/ˈjou̯hiˌmɑto/
joutua,/ˈjou̯tuɑ/
joossa,/ˈjoːsːɑ/
Joulunpäivä,/ˈjou̯lunˌpæi̯ʋæ/
joutava,/ˈjou̯tɑʋɑ/
joutava,/ˈjou̯tɑʋɑ/
jurmus,/ˈjurmus/
jumalanlaulu,/ˈjumɑlɑnˌlɑu̯lu/
jožikka,/ˈjoʒikːɑ/
jutella,/ˈjutelːɑ/
jussiheinä,/ˈjusːiˌhei̯næ/
juurekas,/ˈjuːrekɑs/
jutokas,/ˈjutokɑs/
Jyri,/ˈjyri/
jyrissä,/ˈjyrisːæ/
jyrinä,/ˈjyrinæ/
jyrypilvi,/ˈjyryˌpilʋi/
juuti,/ˈjuːti/
jälelle,/ˈjælelːe/
jälelle,/ˈjælelːe/
jälelle,/ˈjælelːe/
jyrkkä,/ˈjyrkːæ/
Jyrki,/ˈjyrki/
jälest,/ˈjælestæ/
jälest,/ˈjælestæ/
jäin,/ˈjæi̯ne/
jäin,/ˈjæi̯ne/
jäin,/ˈjæi̯n/
jäin,/ˈjæi̯n/
jäniksenkapusta,/ˈjæniksenˌkɑpustɑ/
jänistää,/ˈjænistæː/
jännittää,/ˈjænːitːæː/
järriä,/ˈjæriæ/
jälki-,/ˈjælki-/
jätös,/ˈjætøs/
järky,/ˈjærky/
jääkäs,/ˈjæːkæs/
järestää,/ˈjærestæː/
jäämäki,/ˈjæːˌmæki/
jäälontti,/ˈjæːˌlontːi/
jäänös,/ˈjæːnøs/
jäänös,/ˈjæːnøs/
jäätyttää,/ˈjæːtytːæː/
jääkenkä,/ˈjæːˌkeŋkæ/
jäävvä,/ˈjæːʋːæ/
jäävvä,/ˈjæːʋːæ/
jäärappa,/ˈjæːˌrɑpːɑ/
jäätää,/ˈjæːtæː/
kaafedra,/ˈkɑːfedrɑ/
kaali,/ˈkɑːli/
kaakattaa,/ˈkɑːkɑtːɑː/
kaari,/ˈkɑːri/
Kaarasta,/ˈkɑːrɑstɑ/
kaalia,/ˈkɑːliɑ/
kaalia,/ˈkɑːliɑ/
kae,/ˈkɑe/
kaatua,/ˈkɑːtuɑ/
kaftana,/ˈkɑftɑnɑ/
kaatiat,/ˈkɑːtiɑt/
kaglatunnit,/ˈkɑɡlɑˌtunːit/
kagra,/ˈkɑɡrɑ/
kagrakeko,/ˈkɑɡrɑˌkeko/
kaheksan,/ˈkɑheksɑn/
kaglasooni,/ˈkɑɡlɑˌsoːni/
kaheksankymment,/ˈkɑheksɑnˌkymːentæ/
kaheksas,/ˈkɑheksɑs/
kaiho,/ˈkɑi̯ho/
kaheksantoist kymmenäs,/ˈkɑheksɑntoi̯stɑ ˈkymːenæs/
kaik,/ˈkɑi̯k/
kaik,/ˈkɑi̯k/
kaikkinee,/ˈkɑi̯kːineː/
kaikenlaajain,/ˈkɑi̯kenlɑːjɑi̯ne/
kaikkirookain,/ˈkɑi̯kːiˌroːkɑi̯ne/
kahle,/ˈkɑhle/
kakara,/ˈkɑkɑrɑ/
kaikkia hyvvää,/ˈkɑi̯kːiɑ ˈhyʋæː/
kakkara,/ˈkɑkːɑrɑ/
kaita,/ˈkɑi̯tɑ/
kajahtaa,/ˈkɑjɑhtɑː/
kaksdjuimain,/ˈkɑksˌdʲui̯mɑi̯ne/
kakskarvain,/ˈkɑksˌkɑrʋɑi̯ne/
kaksmaštiin,/ˈkɑksˌmɑʃtine/
kakstoist kymment,/ˈkɑkstoi̯stɑ ˈkymːentæ/
kalakas,/ˈkɑlɑkɑs/
kakskymment,/ˈkɑksˌkymːentæ/
kakspooliin,/ˈkɑksˌpoːline/
kalaseegla,/ˈkɑlɑˌseːɡlɑ/
kalastaja,/ˈkɑlɑstɑjɑ/
kakstoist kymmenäs,/ˈkɑkstoi̯stɑ ˈkymːenæs/
kalendari,/ˈkɑlendɑri/
Kalina,/ˈkɑlinɑ/
kalkkikivi,/ˈkɑlkːiˌkiʋi/
kalliosikko,/ˈkɑlːiosikːo/
kalmat,/ˈkɑlmɑt/
kalma,/ˈkɑlmɑ/
kalidora,/ˈkɑlidorɑ/
kamela,/ˈkɑmelɑ/
kalkkikoori,/ˈkɑlkːiˌkoːri/
kammitsa,/ˈkɑmːit͡sɑ/
kanain,/ˈkɑnɑi̯ne/
kanahanhi,/ˈkɑnɑˌhɑne/
kangaspuut,/ˈkɑŋɡɑsˌpuːt/
kanervikko,/ˈkɑnerʋikːo/
kangas,/ˈkɑŋɡɑs/
kanasakkeli,/ˈkɑnɑˌsɑkːeli/
kanappia,/ˈkɑnɑpːiɑ/
kangeta,/ˈkɑŋɡetɑ/
kannel,/ˈkɑnːel/
kans,/ˈkɑns/
kannella,/ˈkɑnːelːɑ/
kannu,/ˈkɑnːu/
kansa,/ˈkɑnsɑ/
kansanrespublikka,/ˈkɑnsɑnˌrespublikːɑ/
kaotus,/ˈkɑotus/
kappa,/ˈkɑpːɑ/
kaptittaa,/ˈkɑptitːɑː/
kantaja,/ˈkɑntɑjɑ/
kapine,/ˈkɑpine/
karaissa,/ˈkɑrɑi̯sːɑ/
kapja,/ˈkɑbjɑ/
karassikala,/ˈkɑrɑsːiˌkɑlɑ/
kaplas,/ˈkɑplɑs/
karissa,/ˈkɑrisːɑ/
karitsa,/ˈkɑrit͡sɑ/
karhia,/ˈkɑriɑ/
karpalo,/ˈkɑrpɑlo/
karmakka,/ˈkɑrmɑkːɑ/
karpola,/ˈkɑrpolɑ/
karmanto,/ˈkɑrmɑnto/
karppa,/ˈkɑrpːɑ/
karpula,/ˈkɑrpulɑ/
karskia,/ˈkɑrskiɑ/
kartano,/ˈkɑrtɑno/
karsta,/ˈkɑrstɑ/
kartakatto,/ˈkɑrtɑˌkɑtːo/
kassa,/ˈkɑsːɑ/
kassa,/ˈkɑsːɑ/
kassa,/ˈkɑsːɑ/
kasse,/ˈkɑsːe/
karvalliin,/ˈkɑrʋɑlːine/
karvain,/ˈkɑrʋɑi̯ne/
kasvattaja,/ˈkɑsʋɑtːɑjɑ/
kassella,/ˈkɑsːelːɑ/
kassikkain,/ˈkɑsːikːɑi̯ne/
kasvovalkulain,/ˈkɑsʋoˌʋɑlkulɑi̯ne/
kastaa,/ˈkɑstɑː/
kasvatettava,/ˈkɑsʋɑtetːɑʋɑ/
kasvonsööjä,/ˈkɑsʋonˌsøːjæ/
kasvonsööjä,/ˈkɑsʋonˌsøːjæ/
katsoa,/ˈkɑt͡soɑ/
katsalain,/ˈkɑt͡sɑlɑi̯ne/
kattaja,/ˈkɑtːɑjɑ/
kasvo,/ˈkɑsʋo/
kattiissa,/ˈkɑtːiːsːɑ/
katto,/ˈkɑtːo/
kattila,/ˈkɑtːilɑ/
kauppa,/ˈkɑu̯pːɑ/
kauhtana,/ˈkɑu̯htɑnɑ/
kavvan,/ˈkɑʋːɑn/
kavala,/ˈkɑʋɑlɑ/
keelisisteema,/ˈkeːliˌsisteːmɑ/
keelikoira,/ˈkeːliˌkoi̯rɑ/
kazakka,/ˈkɑzɑkːɑ/
keeltätiitämätöin,/ˈkeːltæˌtiːtæmætøi̯n/
keehua,/ˈkeːhuɑ/
Keesus,/ˈkeːsus/
keerovakka,/ˈkeːroˌʋɑkːɑ/
keertiissä,/ˈkeːrtiːsːæ/
kehata,/ˈkehɑtɑ/
keittää,/ˈkei̯tːæː/
kehittyä,/ˈkehitːyæ/
kekel,/ˈkekel/
kehnontua,/ˈkehnontuɑ/
kellit,/ˈkelːit/
kekälä,/ˈkekælæ/
kelkkain,/ˈkelkːɑi̯ne/
kellastua,/ˈkelːɑstuɑ/
kellokukka,/ˈkelːoˌkukːɑ/
kelvata,/ˈkelʋɑtɑ/
keltakukka,/ˈkeltɑˌkukːɑ/
kenkä,/ˈkeŋkæ/
kepsaa,/ˈkepsɑː/
"kenen voima, senen voitto","/ˈkenen ˈʋoi̯mɑ, ˈsenen ˈʋoi̯tːo/"
kerallee,/ˈkerɑlːeː/
kerkiä,/ˈkerkiæ/
kerota,/ˈkerotɑ/
keppi,/ˈkepːi/
kepsahtaissa,/ˈkepsɑhtɑi̯sːɑ/
kerrääläin,/ˈkeræːlæi̯ne/
kepsuttaa,/ˈkepsutːɑː/
kervestöö,/ˈkerʋesˌtøː/
kerkiäst,/ˈkerkiæstæ/
kerkiäst,/ˈkerkiæstæ/
keskenää,/ˈkeskenæː/
kerves,/ˈkerʋes/
kerätä,/ˈkerætæ/
keskipäivä,/ˈkeskiˌpæi̯ʋæ/
keski-,/ˈkeski-/
Keski-Soikkola,/ˈkeskiˌsoi̯kːolɑ/
kesäöö,/ˈkesæˌøː/
keskitagra,/ˈkeskiˌtɑɡrɑ/
-kii,/-kiː/
kiini,/ˈkiːni/
kevätkylvökamppania,/ˈkeʋætˌkylʋøˌkɑmpːɑniɑ/
kiiski,/ˈkiːski/
Kevätmiikkula,/ˈkeʋætˌmiːkːulɑ/
kiistaamiin,/ˈkiːstɑːmine/
kiistaamiin,/ˈkiːstɑːmine/
kiitolliin,/ˈkiːtːolːine/
kiirehtiä,/ˈkiːrehtiæ/
kiitellä,/ˈkiːtelːæ/
kiljahussana,/ˈkiljɑhusˌsɑnɑ/
kilo,/ˈkilo/
kilo,/ˈkilo/
kimmiä,/ˈkimiæ/
kiljahus,/ˈkiljɑhus/
kinnas,/ˈkinːɑs/
kiljahtaa,/ˈkiljɑhtɑː/
Kingiseppin raijona,/ˈkiŋɡisepːin ˈrɑi̯jonɑ/
kimppu,/ˈkimpːu/
kippu,/ˈkipːu/
Kirila,/ˈkirilɑ/
kirjatoin,/ˈkirjɑtoi̯n/
kirjava,/ˈkirjɑʋɑ/
kirjasikko,/ˈkirjɑsikːo/
kirjuttaja,/ˈkirjutːɑjɑ/
kirkastaa,/ˈkirkɑstɑː/
kirjutaissa,/ˈkirjutɑi̯sːɑ/
kirjuttaa,/ˈkirjutːɑː/
kirkkokunta,/ˈkirkːoˌkuntɑ/
kirkkotee,/ˈkirkːoˌteː/
kirkastua,/ˈkirkɑstuɑ/
Kirkonnenä,/ˈkirkonˌnenæ/
kirnumaito,/ˈkirnuˌmɑi̯to/
kirkonkello,/ˈkirkonˌkelːo/
kirpitsa,/ˈkirpit͡sɑ/
kiskoissa,/ˈkiskoi̯sːɑ/
kiskoa,/ˈkiskoɑ/
kiskoa,/ˈkiskoɑ/
kiskoja,/ˈkiskojɑ/
kirmiä,/ˈkirmiæ/
kirnu,/ˈkirnu/
kivestää,/ˈkiʋestæː/
kitissä,/ˈkitisːæ/
kiviaita,/ˈkiʋiˌɑi̯tɑ/
kitkiä,/ˈkitkiæ/
kivikärnä,/ˈkiʋiˌkærnæ/
kivistaa,/ˈkiʋistɑː/
kivinnä,/ˈkiʋinːæ/
kivykkäin,/ˈkiʋykːæi̯ne/
kiviin,/ˈkiʋine/
-kkä,/-kːæ/
kivviin,/ˈkiʋiːn/
klasi,/ˈklɑsi/
kivoin,/ˈkiʋoi̯ne/
kleja,/ˈklejɑ/
klaziputeli,/ˈklɑziˌputeli/
klinakas,/ˈklinɑkɑs/
klejata,/ˈklejɑtɑ/
kocegara,/ˈkot͡ʃeɡɑrɑ/
kljucitsa,/ˈklʲut͡ʃit͡sɑ/
kletka,/ˈkletkɑ/
koht,/ˈkoht/
kohota,/ˈkohotɑ/
kohvi,/ˈkohʋi/
kohallee,/ˈkohɑlːeː/
koiranmarja,/ˈkoi̯rɑnˌmɑrjɑ/
koblia,/ˈkobliɑ/
kocevnikka,/ˈkot͡ʃeʋnikːɑ/
koilliin,/ˈkoi̯lːine/
koiruin,/ˈkoi̯rui̯ne/
koika,/ˈkoi̯kɑ/
koirantöö,/ˈkoi̯rɑnˌtøː/
koiranuni,/ˈkoi̯rɑnˌuni/
koivuvasta,/ˈkoi̯ʋuˌʋɑstɑ/
koittaa,/ˈkoi̯tːɑː/
kokkain,/ˈkokːɑi̯ne/
koitoin,/ˈko.itoi̯n/
koko,/ˈkoko/
koko,/ˈkoko/
koivuopokka,/ˈkoi̯ʋuˌopokːɑ/
kokonain,/ˈkokonɑi̯ne/
kolhoznikka,/ˈkolhoznikːɑ/
kolmas,/ˈkolmɑs/
Kolkanpää,/ˈkolkɑnˌpæː/
kolmijalkain,/ˈkolmiˌjɑlkɑi̯ne/
kokuttaa,/ˈkokutːɑː/
kolminurkkain,/ˈkolmiˌnurkːɑi̯ne/
kolkka,/ˈkolkːɑ/
kolo,/ˈkolo/
kolmaskymmenäs,/ˈkolmɑsˌkymːenæs/
kolkutella,/ˈkolkuˌtelːɑ/
kolttoist,/ˈkoltːoi̯stɑ/
koltkymment,/ˈkoltˌkymːentæ/
kolttoist kymment,/ˈkoltːoi̯stɑ ˈkymːentæ/
komal,/ˈkomɑlːɑ/
kolttoist kymmenäs,/ˈkoltːoi̯stɑ ˈkymːenæs/
komandira,/ˈkomɑndirɑ/
kommia,/ˈkomiɑ/
kommia,/ˈkomiɑ/
kommia,/ˈkomijɑ/
kommia,/ˈkomːiɑ/
kommia,/ˈkomiɑ/
komitativa,/ˈkomitɑˌtiʋɑ/
konduktora,/ˈkonduktorɑ/
konjkka,/ˈkonʲkːɑ/
konnankarvain,/ˈkonːɑnˌkɑrʋɑi̯ne/
konslee,/ˈkonsleː/
konnikkain,/ˈkonːikːɑi̯ne/
konskaa,/ˈkonskɑː/
konsonanttabukva,/ˈkonsoˌnɑntːɑˌbukʋɑ/
kookka,/ˈkoːkːɑ/
koohu,/ˈkoːhu/
koolema,/ˈkoːlemɑ/
koolija,/ˈkoːlijɑ/
kookkia,/ˈkoːkːiɑ/
kookkia,/ˈkoːkːijɑ/
konsonanttapohja,/ˈkonsonɑntːɑˌpohjɑ/
koopata,/ˈkoːpɑtɑ/
koomakset,/ˈkoːmɑkset/
kooppa,/ˈkoːpːɑ/
koori,/ˈkoːri/
koori,/ˈkoːri/
koore,/ˈkoːre/
koormalliin,/ˈkoːrmɑlːine/
koosikas,/ˈkoːsikɑs/
koputtaa,/ˈkoputːɑː/
korenta,/ˈkorentɑ/
korjahuskamppania,/ˈkorjɑhusˌkɑmpːɑniɑ/
koristus,/ˈkoristus/
Korkiasaari,/ˈkorkiɑˌsɑːri/
korjahus,/ˈkorjɑhus/
kormona,/ˈkormonɑ/
kormunatunnit,/ˈkormunɑˌtunːit/
korjata,/ˈkorjɑtɑ/
korota,/ˈkorotɑ/
korvantakkuus,/ˈkorʋɑnˌtɑkuːs/
korvareikä,/ˈkorʋɑˌrei̯kæ/
kosjolain,/ˈkosjolɑi̯ne/
korskaa,/ˈkorskɑː/
kostaa,/ˈkostɑː/
korvalehti,/ˈkorʋɑˌlehti/
Koskisenkylä,/ˈkoskisenˌkylæ/
kotikukko,/ˈkotiˌkukːo/
kottii,/ˈkotiː/
kottii,/ˈkotiːsːe/
kossia,/ˈkosiɑ/
kossia,/ˈkosijɑ/
kossia,/ˈkosiɑ/
kossia,/ˈkosiɑ/
koukku,/ˈkou̯kːu/
kotikyyhkyläin,/ˈkotiˌkyːhkylæi̯ne/
koverasääri,/ˈkoʋerɑˌsæːri/
kovemmast,/ˈkoʋemˌmɑstɑ/
kovemmast,/ˈkoʋemˌmɑstɑ/
kraapata,/ˈkrɑːpɑtɑ/
kovera,/ˈkoʋerɑ/
kovemp,/ˈkoʋempi/
kovvuus,/ˈkoʋuːs/
kraappia,/ˈkrɑːpːiɑ/
kraappia,/ˈkrɑːpːiɑ/
krapsaa,/ˈkrɑpsɑː/
kravuta,/ˈkrɑʋutɑ/
kresla,/ˈkreslɑ/
kresla,/ˈkreslɑ/
kramppi,/ˈkrɑmpːi/
krinkeli,/ˈkriŋkeli/
Kristafora,/ˈkristɑforɑ/
kroljcatnikka,/ˈkrolʲt͡ʃɑtnikːɑ/
kristavoittaa,/ˈkristɑʋoi̯tːɑː/
krome,/ˈkrome/
-ksennellä,/-ksenːelːæ/
kubametra,/ˈkubɑˌmetrɑ/
krääkkä,/ˈkræːkːæ/
krookkia,/ˈkroːkːiɑ/
kuiva,/ˈkui̯ʋɑ/
kuiva,/ˈkui̯ʋɑ/
krääkä,/ˈkræːkæ/
kuilas,/ˈkui̯lɑs/
kuivahtaa,/ˈkui̯ʋɑhtɑː/
kubjas,/ˈkubjɑs/
kuivata,/ˈkui̯ʋɑtɑ/
kuivata,/ˈkui̯ʋɑtɑ/
kujalle,/ˈkujɑlːe/
kujalle,/ˈkujɑlːe/
kuivattaa,/ˈkui̯ʋɑtːɑː/
kue,/ˈkue/
kukkalatva,/ˈkukːɑˌlɑtʋɑ/
kukkaa,/ˈkukɑː/
kukkaa,/ˈkukːɑː/
kulkemus,/ˈkulkemus/
kukkoro,/ˈkukːoro/
kuli,/ˈkuli/
kuli,/ˈkuli/
kulkkukerus,/ˈkulkːuˌkerus/
kulkkutauti,/ˈkulkːuˌtɑu̯ti/
kulta,/ˈkultɑ/
kulkkumuna,/ˈkulkːuˌmunɑ/
kullua,/ˈkuluɑ/
kullua,/ˈkuluɑ/
kullua,/ˈkuluɑ/
kultakuppi,/ˈkultɑˌkupːi/
kultalintu,/ˈkultɑˌlintu/
kullikasi,/ˈkulːiˌkɑsi/
kulppa,/ˈkulpːɑ/
kultoin,/ˈkultoi̯ne/
kultsahtoa,/ˈkult͡sɑhtoɑ/
kunigas,/ˈkuniɡɑs/
kultalauta,/ˈkultɑˌlɑu̯tɑ/
Kunikaan sota,/ˈkunikɑːn ˈsotɑ/
kunnia,/ˈkunːiɑ/
kulttuura,/ˈkultːuːrɑ/
kupelileipä,/ˈkupeliˌlei̯pæ/
kupera,/ˈkuperɑ/
kupata,/ˈkupɑtɑ/
kuokki,/ˈku.okːi/
kurissa,/ˈkurisːɑ/
kuristaa,/ˈkuristɑː/
kura,/ˈkurɑ/
kurkku,/ˈkurkːu/
kupjas,/ˈkupjɑs/
Kurkola,/ˈkurkolɑ/
kural,/ˈkurɑlːɑ/
kural,/ˈkurɑlːɑ/
kurvirokka,/ˈkurʋiˌrokːɑ/
kusipata,/ˈkusiˌpɑtɑ/
kusimuurahain,/ˈkusiˌmuːrɑhɑi̯ne/
kurokka,/ˈkurokːɑ/
kutoja,/ˈkutojɑ/
kusitrubka,/ˈkusiˌtrubkɑ/
kutsua,/ˈkut͡suɑ/
kutsua,/ˈkut͡suɑ/
kussa,/ˈkusːɑ/
kuuhut,/ˈkuːhut/
kuukaus,/ˈkuːˌkɑu̯s/
kuttiissa,/ˈkutiːsːɑ/
kuuloittaa hampaita,/ˈkuːloi̯tːɑː ˈhɑmpɑi̯tɑ/
kuulussella,/ˈkuːlusːelːɑ/
kuuloittaa,/ˈkuːloi̯tːɑː/
kuumentaa,/ˈkuːmentɑː/
kuuritsa,/ˈkuːrit͡sɑ/
kuusenkärkkä,/ˈkuːsenˌkærkːæ/
kuupäivä,/ˈkuːˌpæi̯ʋæ/
kuustoist kymmenäs,/ˈkuːstoi̯stɑ ˈkymːenæs/
kuuvalo,/ˈkuːˌʋɑlo/
kuusikko,/ˈkuːsikːo/
kuusikko,/ˈkuːsikːo/
kuuvves,/ˈkuːʋːes/
kuveluu,/ˈkuʋeˌluː/
kuvittamiin,/ˈkuʋitːɑmine/
kuvittamiin,/ˈkuʋitːɑmine/
kvadrattidetsimetra,/ˈkʋɑdrɑtːiˌdet͡siˌmetrɑ/
kvantitettasteeppeni,/ˈkʋɑntiˌtetːɑˌsteːpːeni/
kvantitetta,/ˈkʋɑntiˌtetːɑ/
kuvemuna,/ˈkuʋeˌmunɑ/
kyllys,/ˈkylːys/
kyl,/ˈkyl/
kykky,/ˈkykːy/
kylkiluu,/ˈkylkiˌluː/
kylmäkkäin,/ˈkylmækːæi̯ne/
kylläst,/ˈkylːæstæ/
kylläst,/ˈkylːæstæ/
kylväjä,/ˈkylʋæjæ/
kylpiissä,/ˈkylpiːsːæ/
kylänvahti,/ˈkylænˌʋɑhti/
kymmennyblä,/ˈkymːenˌnyblæ/
kymmen,/ˈkymːen/
kylpiä,/ˈkylpiæ/
kyntäjä,/ˈkyntæjæ/
kynty,/ˈkynty/
kymmenkymment,/ˈkymːenˌkymːentæ/
kyntö,/ˈkyntø/
kypärä,/ˈkypæræ/
kyntömaa,/ˈkyntøˌmɑː/
kyntymaa,/ˈkyntyˌmɑː/
kysytellä,/ˈkysytelːæ/
kyssyä,/ˈkysyæ/
kyynel,/ˈkyːnel/
-kä,/-kæ/
-kä,/-kæ/
-kä,/-kæː/
kyyhkyläin,/ˈkyːhkylæi̯ne/
käen,/ˈkæen/
käen,/ˈkæen/
kyyrystäissä,/ˈkyːrystæi̯sːæ/
käköin,/ˈkækøi̯ne/
kälykset,/ˈkælykset/
kämmen,/ˈkæmːen/
käki,/ˈkæki/
käpy,/ˈkæpy/
kärkki,/ˈkærkːi/
käkättää,/ˈkækætːæː/
kärnä,/ˈkærnæ/
känkykäs,/ˈkæŋkykæs/
kärkkyä,/ˈkærkːyæ/
kärkkyä,/ˈkærkːyæ/
kärkkilatva,/ˈkærkːiˌlɑtʋɑ/
kärkkälintu,/ˈkærkːæˌlintu/
kärpäin,/ˈkærpæi̯ne/
kärkkä,/ˈkærkːæ/
käsikähäkkä,/ˈkæsiˌkæhækːæ/
kärpäisen griba,/ˈkærpæi̯sen ˈɡribɑ/
käsihuntu,/ˈkæsiˌhuntu/
käsitöö,/ˈkæsiˌtøː/
käsiraha,/ˈkæsiˌrɑhɑ/
käsivars,/ˈkæsiˌʋɑrsi/
kääntää,/ˈkæːntæː/
käsikirjutos,/ˈkæsiˌkirjutos/
käyttäjä,/ˈkæy̯tːæjæ/
käärme,/ˈkæːrme/
kääpä,/ˈkæːpæ/
-kö,/-kø/
-l,/-lːɑ/
köhähtäissä,/ˈkøhæhtæi̯sːæ/
köhähtää,/ˈkøhæhtæː/
köhähtää,/ˈkøhæhtæː/
laaku,/ˈlɑːku/
köhähellä,/ˈkøhæhelːæ/
köyhys,/ˈkøy̯hys/
laata,/ˈlɑ.ɑtɑ/
laajasana,/ˈlɑːjɑˌsɑnɑ/
Laazari,/ˈlɑːzɑri/
laatiissa,/ˈlɑːtiːsːɑ/
labla,/ˈlɑblɑ/
lahna,/ˈlɑhnɑ/
laavitsa,/ˈlɑːʋit͡sɑ/
laiha,/ˈlɑi̯hɑ/
lahja,/ˈlɑhjɑ/
laine,/ˈlɑi̯ne/
laiska,/ˈlɑi̯skɑ/
laittaa,/ˈlɑi̯tːɑː/
laittaa,/ˈlɑi̯tːɑː/
lakoittaa,/ˈlɑkoi̯tːɑː/
lammas,/ˈlɑmːɑs/
laksi,/ˈlɑksi/
lako,/ˈlɑko/
lankiissa,/ˈlɑŋkiːsːɑ/
lampocka,/ˈlɑmpot͡ʃkɑ/
lankapaita,/ˈlɑŋkɑˌpɑi̯tɑ/
lanko,/ˈlɑŋko/
lankiivatauti,/ˈlɑŋkiːʋɑˌtɑu̯ti/
lapja,/ˈlɑbjɑ/
lanttu,/ˈlɑntːu/
lapa,/ˈlɑpɑ/
lapa,/ˈlɑpɑ/
lapa,/ˈlɑpɑ/
lankoin,/ˈlɑŋkoi̯ne/
lankoin,/ˈlɑŋkoi̯n/
lankoin,/ˈlɑŋkoi̯n/
lappaa,/ˈlɑpːɑː/
lappaa,/ˈlɑpːɑː/
lappaa,/ˈlɑpɑː/
lappaa,/ˈlɑpɑː/
lapo,/ˈlɑpo/
laps,/ˈlɑpsi/
lappa,/ˈlɑpːɑ/
lapselle,/ˈlɑpselːe/
lapsu,/ˈlɑpsu/
lapti,/ˈlɑpti/
laskia,/ˈlɑskiɑ/
lapsus,/ˈlɑpsus/
lastu,/ˈlɑstu/
laskiissa,/ˈlɑskiːsːɑ/
lasti,/ˈlɑsti/
lasti,/ˈlɑsti/
latsu,/ˈlɑt͡su/
latsunenä,/ˈlɑt͡suˌnenæ/
latsunenä,/ˈlɑt͡suˌnenæ/
latvamuna,/ˈlɑtʋɑˌmunɑ/
Latvia,/ˈlɑtʋiɑ/
Laukaa,/ˈlɑu̯kɑː/
latvakas,/ˈlɑtʋɑkɑs/
laululintu,/ˈlɑu̯luˌlintu/
laukopäivä,/ˈlɑu̯kopæi̯ʋæ/
laulusulka,/ˈlɑu̯luˌsulkɑ/
Lauri,/ˈlɑu̯ri/
lautti,/ˈlɑu̯tːi/
laulaa,/ˈlɑu̯lɑː/
lavo,/ˈlɑʋo/
lavvantaki,/ˈlɑʋːɑnˌtɑki/
leekku,/ˈleːkːu/
leemetä,/ˈleːmetæ/
lavvattaa,/ˈlɑʋːɑtːɑː/
lehmälangokset,/ˈlehmæˌlɑŋɡokset/
-lee,/-leː/
leekkua,/ˈleːkːuɑ/
leekkua,/ˈleːkːuɑ/
lehetöin,/ˈlehetøi̯n/
lehmäpaimen,/ˈlehmæˌpɑi̯men/
lehmänkeeli,/ˈlehmænˌkeːli/
leikkahus,/ˈlei̯kːɑhus/
leikka,/ˈlei̯kːɑ/
leikki,/ˈlei̯kːi/
lehtitupakka,/ˈlehtiˌtupɑkːɑ/
leikkoa,/ˈlei̯kːoɑ/
leikkoa,/ˈlei̯kːoɑ/
leipälapja,/ˈlei̯pæˌlɑpjɑ/
leikkoja,/ˈlei̯kːojɑ/
leikkoja,/ˈlei̯kːojɑ/
leipäkasvo,/ˈlei̯pæˌkɑsʋo/
leivän,/ˈlei̯ʋæn/
leiville,/ˈlei̯ʋilːe/
leipäliha,/ˈlei̯pæˌlihɑ/
lemissä pallaa,/ˈlemisːæ ˈpɑlɑː/
lekama,/ˈlekɑmɑ/
lemissä haissa,/ˈlemisːæ ˈhɑi̯sːɑ/
lepakko,/ˈlepɑkːo/
Leningradan oblasti,/ˈleniŋɡrɑdɑn ˈoblɑsti/
leppolintu,/ˈlepːoˌlintu/
leskinain,/ˈleskiˌnɑi̯ne/
lesorivankkuri,/ˈlesoriˌʋɑŋkːuri/
letenitsa,/ˈletenit͡sɑ/
lesorivankkurit,/ˈlesoriˌʋɑŋkːurit/
leventyä,/ˈleʋentyæ/
Levo,/ˈleʋo/
levorveri,/ˈleʋorʋeri/
liijen,/ˈliːjen/
liha,/ˈlihɑ/
liika,/ˈliːkɑ/
leve,/ˈleʋe/
lihhoa,/ˈlihoɑ/
liina,/ˈliːnɑ/
liikutella,/ˈliːkuˌtelːɑ/
liitsatoin,/ˈliːt͡sɑtoi̯n/
liivakas,/ˈliːʋɑkɑs/
liivapääskö,/ˈliːʋɑˌpæːskø/
liikutin,/ˈliːkutine/
liikutin,/ˈliːkutin/
liivikko,/ˈliːʋikːo/
liitti,/ˈliːtːi/
likemmälle,/ˈlikemːælːe/
lintuloin markkinat,/ˈlintuloi̯n ˈmɑrkːinɑt/
lineikka,/ˈlinei̯kːɑ/
lippiäkeeli,/ˈlipiæˌkeːli/
lisä,/ˈlisæ/
lisättävä,/ˈlisætːæʋæ/
lisättävä,/ˈlisætːæʋæ/
liukas,/ˈliu̯kɑs/
liukua,/ˈliu̯kuɑ/
lipistyä,/ˈlipistyæ/
logillisest,/ˈloɡilːisestɑ/
logillisest,/ˈloɡilːisestɑ/
lohitagra,/ˈlohiˌtɑɡrɑ/
lohkiissa,/ˈlohkiːsːɑ/
lohkoa,/ˈlohkoɑ/
lohkoa,/ˈlohkoɑ/
-lliin,/-lːine/
lontti,/ˈlontːi/
logilliin,/ˈloɡilːine/
lohku,/ˈlohku/
lohki,/ˈlohki/
loonna,/ˈloːnːɑ/
loont,/ˈloːntɑ/
loont,/ˈloːnut/
Looja,/ˈloːjɑ/
loonnontiito,/ˈloːnːonˌtiːto/
lookka,/ˈloːkːɑ/
loottaa,/ˈloːtːɑː/
lopulaulu,/ˈlopuˌlɑu̯lu/
loppukesä,/ˈlopːuˌkesæ/
loukuin,/ˈlou̯kui̯ne/
loukuta,/ˈlou̯kutɑ/
loppua,/ˈlopːuɑ/
loppua,/ˈlopːuɑ/
lounattaa,/ˈlou̯nɑtːɑː/
lovata,/ˈloʋɑtɑ/
lounattuuli,/ˈlou̯nɑtˌtuːli/
lounattaissa,/ˈlou̯nɑtːɑi̯sːɑ/
luhti,/ˈluhti/
lucikkaismoru,/ˈlut͡ʃikːɑi̯sˌmoru/
luikkaa,/ˈlui̯kːɑː/
luikkaa,/ˈlui̯kːɑː/
lovittaa,/ˈloʋitːɑː/
lucikkain,/ˈlut͡ʃikːɑi̯ne/
lumikaakka,/ˈlumiˌkɑːkːɑ/
lukkia,/ˈlukiɑ/
lumikukka,/ˈlumiˌkukːɑ/
luin,/ˈlui̯ne/
luin,/ˈlui̯ne/
lumisää,/ˈlumiˌsæː/
lumitormi,/ˈlumiˌtormi/
lunassus,/ˈlunɑsːus/
lumipallo,/ˈlumiˌpɑlːo/
lummata,/ˈlumːɑtɑ/
lusikkarooka,/ˈlusikːɑˌroːkɑ/
lumipamppu,/ˈlumiˌpɑmpːu/
lyhentää,/ˈlyhentæː/
lusikalliin,/ˈlusikɑlːine/
lusti,/ˈlusti/
lyhykkäin,/ˈlyhykːæi̯ne/
lähettää,/ˈlæhetːæː/
lyhe,/ˈlyhe/
lähtömä,/ˈlæhtømæ/
läkkäämiin,/ˈlækæːmine/
läkkäämiin,/ˈlækæːmine/
lykätä,/ˈlykætæ/
lysi,/ˈlysi/
läkkäämisjutto,/ˈlækæːmisˌjutːo/
läksy,/ˈlæksy/
lämmää,/ˈlæmːæː/
lämmää,/ˈlæmːæː/
Läns-Europpa,/ˈlænsˌeu̯ropːɑ/
läns,/ˈlænsi/
läns-fenniläin,/ˈlænsˌfenːilæi̯ne/
länspohja,/ˈlænsˌpohjɑ/
lämmitellä,/ˈlæmːitelːæ/
löytyä,/ˈløy̯tyæ/
läsy,/ˈlæsy/
maaherra,/ˈmɑːˌherːɑ/
maahaltias,/ˈmɑːˌhɑltiɑs/
maailma,/ˈmɑːˌilmɑ/
läsivä,/ˈlæsiʋæ/
läsivä,/ˈlæsiʋæ/
löytää,/ˈløy̯tæː/
maakerves,/ˈmɑːˌkerʋes/
maali,/ˈmɑːli/
maakas,/ˈmɑːkɑs/
maamuna,/ˈmɑːˌmunɑ/
maamunamerta,/ˈmɑːˌmunɑˌmertɑ/
maanselkä,/ˈmɑːnˌselkæ/
maanlehti,/ˈmɑːnˌlehti/
maaniitty,/ˈmɑːˌniːtːy/
maaomena,/ˈmɑːˌomenɑ/
maaporoda,/ˈmɑːˌporodɑ/
Maaria,/ˈmɑːriɑ/
Maaro,/ˈmɑːro/
maarilauta,/ˈmɑːriˌlɑu̯tɑ/
maasteri,/ˈmɑːsteri/
maapäähkänä,/ˈmɑːˌpæːhkænæ/
maatsalehti,/ˈmɑːt͡sɑˌlehti/
maatöö,/ˈmɑːˌtøː/
maasloja,/ˈmɑːˌslojɑ/
maariankoivu,/ˈmɑːriɑnˌkoi̯ʋu/
maatalohus,/ˈmɑːˌtɑlohus/
maavehnä,/ˈmɑːˌʋehnæ/
mahorkka,/ˈmɑhorkːɑ/
maho,/ˈmɑho/
mahla,/ˈmɑhlɑ/
mahopilvi,/ˈmɑhoˌpilʋi/
mailma,/ˈmɑi̯lmɑ/
-main,/-mɑi̯ne/
maistaissa,/ˈmɑstɑi̯sːɑ/
maistua,/ˈmɑi̯stuɑ/
mahuttaa,/ˈmɑhutːɑː/
maitomuru,/ˈmɑi̯toˌmuru/
maijonvaahto,/ˈmɑi̯jonˌʋɑːhto/
makjas,/ˈmɑkjɑs/
maitohammas,/ˈmɑi̯toˌhɑmːɑs/
makjaspers,/ˈmɑkjɑsˌpers/
makkia,/ˈmɑkiɑ/
makoitospaikka,/ˈmɑkoi̯tosˌpɑi̯kːɑ/
Maksima,/ˈmɑksimɑ/
maitosooni,/ˈmɑi̯toˌsoːni/
makso,/ˈmɑkso/
malikakku,/ˈmɑliˌkɑkːu/
makkiataikina,/ˈmɑkiɑˌtɑi̯kinɑ/
makkara,/ˈmɑkːɑrɑ/
manahka,/ˈmɑnɑhkɑ/
manata,/ˈmɑnɑtɑ/
Malenia,/ˈmɑleniɑ/
manaella,/ˈmɑnɑ.elːɑ/
makuisa,/ˈmɑkui̯sɑ/
maljakakku,/ˈmɑljɑˌkɑkːu/
manaška,/ˈmɑnɑʃkɑ/
mancikka,/ˈmɑnt͡sikːɑ/
marha,/ˈmɑrhɑ/
maonkotain,/ˈmɑonˌkotɑi̯ne/
mantu,/ˈmɑntu/
mannasuurima,/ˈmɑnːɑˌsuːrimɑ/
marjaviina,/ˈmɑrjɑˌʋiːnɑ/
masti,/ˈmɑsti/
marjakönkörä,/ˈmætæsˌkøŋkøræ/
Markko,/ˈmɑrkːo/
mašinistka,/ˈmɑʃinistkɑ/
matkalain,/ˈmɑtkɑlɑi̯ne/
mašti,/ˈmɑʃti/
matkavene,/ˈmɑtkɑˌʋene/
matalikko,/ˈmɑtɑlikːo/
matalikko,/ˈmɑtɑlikːo/
maukku,/ˈmɑu̯kːu/
matkapooli,/ˈmɑtkɑˌpoːli/
meduza,/ˈmeduzɑ/
matara,/ˈmɑtɑrɑ/
meelenlaaja,/ˈmeːlenˌlɑːjɑ/
mees,/ˈmeːs/
mees,/ˈme.esːæ/
meeltyä,/ˈmeːltyæ/
meesrahvas,/ˈmeːsˌrɑhʋɑs/
meessuku,/ˈmeːsˌsuku/
meeli,/ˈmeːli/
meihe,/ˈmei̯he/
meelövä,/ˈmeːløʋæ/
meiks,/ˈmei̯kse/
meilt,/ˈmei̯ltæ/
meikäläin,/ˈmei̯kælæi̯ne/
meinata,/ˈmei̯nɑtɑ/
mehestyä,/ˈmehestyæ/
melkeen,/ˈmelkeːn/
meriharakka,/ˈmeriˌhɑrɑkːɑ/
merenranta,/ˈmerenˌrɑntɑ/
meitä,/ˈmei̯tæ/
merikarhu,/ˈmeriˌkɑru/
merirooko,/ˈmeriˌroːko/
merikrapu,/ˈmeriˌkrɑpu/
merirooku,/ˈmeriˌroːku/
meriheinä,/ˈmeriˌhei̯næ/
merkitökselliin,/ˈmerkitøkselːine/
merivimpa,/ˈmeriˌʋimpɑ/
mertain,/ˈmertɑi̯ne/
merkitä,/ˈmerkitæ/
merituuli,/ˈmeriˌtuːli/
merkitsömiin,/ˈmerkit͡sømine/
merkitsömiin,/ˈmerkit͡sømine/
merkitös,/ˈmerkitøs/
metsoin,/ˈmet͡soi̯ne/
metsoin,/ˈmet͡soi̯n/
meto,/ˈmeto/
metsä,/ˈmet͡sæ/
metsähepoin,/ˈmet͡sæˌhepoi̯ne/
metsäkuha,/ˈmet͡sæˌkuhɑ/
metsälliin,/ˈmet͡sælːine/
metsännurkka,/ˈmet͡sænˌnurkːɑ/
metsänpuu,/ˈmet͡sænˌpuː/
metsäitse,/ˈmet͡sæi̯t͡se/
metsäsika,/ˈmet͡sæˌsikɑ/
mi,/ˈmi/
metsätundra,/ˈmet͡sæˌtundrɑ/
mikä … merkitsöö?,/ˈmikæ … ˈmerkit͡søː/
mikäle,/ˈmikæle/
mikälee,/ˈmikæleː/
milliin,/ˈmilːine/
Miikkula,/ˈmiːkːulɑ/
mist,/ˈmistæ/
Mikkeli,/ˈmikːeli/
mišura,/ˈmiʃurɑ/
mitata,/ˈmitɑtɑ/
minja,/ˈminjɑ/
miul ono nälkä,/ˈmiu̯lːɑ ˈono ˈnælkæ/
miuks,/ˈmiu̯kse/
miult,/ˈmiu̯ltɑ/
mišuroittaa,/ˈmiʃuroi̯tːɑː/
miä,/ˈmiæ̯/
miul,/ˈmiu̯lːɑ/
miä en arvaa,/ˈmiæ̯ ˈen ˈɑrʋɑː/
mokomain,/ˈmokomɑi̯ne/
mokompa,/ˈmokompɑ/
moisio,/ˈmoi̯sjo/
monikko,/ˈmonikːo/
mones,/ˈmones/
mones,/ˈmonesːɑ/
monilaajain,/ˈmoniˌlɑːjɑi̯ne/
monislogain,/ˈmoniˌsloɡɑi̯ne/
monikas,/ˈmonikɑs/
monikkoforma,/ˈmonikːoˌformɑ/
moniääniin,/ˈmoniˌæːnine/
monta,/ˈmontɑ/
monta,/ˈmontɑ/
moška,/ˈmoʃkɑ/
morda,/ˈmordɑ/
morfologia,/ˈmorfoloɡiɑ/
-mp,/-mpi/
muilanvaahto,/ˈmui̯lɑnˌʋɑːhto/
mraamoroittaa,/ˈmrɑːmoroi̯tːɑː/
muglia,/ˈmuɡliɑ/
muissella,/ˈmui̯sːelːɑ/
muilakivi,/ˈmui̯lɑˌkiʋi/
mukaisa,/ˈmukɑi̯sɑ/
muisto,/ˈmui̯sto/
mukain,/ˈmukɑi̯ne/
muko,/ˈmuko/
mukaisamp,/ˈmukɑi̯sɑmpi/
mullikka,/ˈmulːikːɑ/
muli,/ˈmuli/
mullikko,/ˈmulːikːo/
mullissella,/ˈmulːisːelːɑ/
munanvalkulain,/ˈmunɑnˌʋɑlkulɑi̯ne/
munalukku,/ˈmunɑˌlukːu/
Mulipää,/ˈmuliˌpæː/
murheelliin,/ˈmureːlːine/
munanvars,/ˈmunɑnˌʋɑrsi/
murkinaissa,/ˈmurkinɑi̯sːɑ/
murjahussa,/ˈmurjɑhusːɑ/
munita,/ˈmunitɑ/
munita,/ˈmunitɑ/
murhamees,/ˈmurɑˌmeːs/
murhekas,/ˈmurekɑs/
murkinoi,/ˈmurkinoi̯/
murkinoi,/ˈmurkinoi̯/
musseta,/ˈmusːetɑ/
muro,/ˈmuro/
muro,/ˈmuro/
musta seestara,/ˈmustɑ ˈseːstɑrɑ/
Musta meri,/ˈmustɑ ˈmeri/
Musto,/ˈmusto/
mutaisikko,/ˈmutɑi̯sikːo/
mutaisikko,/ˈmutɑi̯sikːo/
musta seestaramarja,/ˈmustɑ ˈseːstɑrɑˌmɑrjɑ/
mutnoi,/ˈmutnoi̯/
muurahain,/ˈmuːrɑhɑi̯ne/
muuran,/ˈmuːrɑn/
mustalain,/ˈmustɑlɑi̯ne/
muuttaa,/ˈmuːtːɑː/
muukkia,/ˈmuːkːiɑ/
myllysarka,/ˈmylːyˌsɑrkɑ/
mylleri,/ˈmylːeri/
myttyin,/ˈmytːyi̯ne/
mäekäs,/ˈmæekæs/
myllätä,/ˈmylːætæ/
mykkä,/ˈmykːæ/
mykkä,/ˈmykːæ/
mäkkyläin,/ˈmækːylæi̯ne/
mänty,/ˈmænty/
mänty,/ˈmænty/
mänty,/ˈmænty/
männä hulluks,/ˈmænːæ ˈhulːukse/
mäkijoki,/ˈmækiˌjoki/
mäkikarjamaa,/ˈmækiˌkɑrjɑˌmɑː/
mätä,/ˈmætæ/
mätä,/ˈmætæ/
mätä,/ˈmætæ/
Mättyisi,/ˈmætːyi̯si/
mättää,/ˈmætːæː/
mättää,/ˈmætæː/
märästää,/ˈmæræstæː/
määrätä,/ˈmæːrætæ/
mättiissä,/ˈmætːiːsːæ/
möö,/ˈmøː/
möö,/ˈmøː/
möö,/ˈmøː/
mököttää,/ˈmøkøtːæː/
mööhä,/ˈmøːhæ/
möövvä,/ˈmyʋːæ/
mööjä,/ˈmøːjæ/
mööhästyä,/ˈmøːhæstyæ/
naapertin,/ˈnɑːpertin/
naapuri,/ˈnɑːpuri/
naappa,/ˈnɑːpːɑ/
naatala,/ˈnɑːtɑlɑ/
naasti,/ˈnɑːsti/
nacalnikka,/ˈnɑt͡ʃɑlnikːɑ/
na,/ˈnɑ/
nagris,/ˈnɑɡris/
naaskali,/ˈnɑːskɑli/
nagru,/ˈnɑɡru/
nahistua,/ˈnɑhistuɑ/
naatti,/ˈnɑːtːi/
nagro,/ˈnɑɡro/
nahka,/ˈnɑhkɑ/
nahkain,/ˈnɑhkɑi̯ne/
nahkain,/ˈnɑhkɑi̯ne/
nahkapyssy,/ˈnɑhkɑˌpysːy/
nain,/ˈnɑi̯ne/
nain,/ˈnɑi̯n/
naiselikas,/ˈnɑi̯selikɑs/
naiselokas,/ˈnɑi̯sˌelokɑs/
naimiin,/ˈnɑi̯mine/
naimiin,/ˈnɑi̯mine/
nakareikä,/ˈnɑkɑˌrei̯kæ/
naisikas,/ˈnɑi̯sikɑs/
nakkia,/ˈnɑkːiɑ/
nalja,/ˈnɑljɑ/
naksuttaa,/ˈnɑksutːɑː/
naka,/ˈnɑkɑ/
naokset,/ˈnɑokset/
napakka,/ˈnɑpɑkːɑ/
nappu,/ˈnɑpːu/
nappu,/ˈnɑpːu/
nappi,/ˈnɑpːi/
napravlenia,/ˈnɑprɑʋlenjɑ/
natta,/ˈnɑtːɑ/
narria,/ˈnɑrːiɑ/
naulocka,/ˈnɑu̯lot͡ʃkɑ/
neeglata,/ˈneːɡlɑtɑ/
neelo,/ˈneːlo/
negra,/ˈneɡrɑ/
neežnoi,/ˈneːʒnoi̯/
neeglakarppi,/ˈneːɡlɑˌkɑrpːi/
nato,/ˈnɑto/
neljäkymment,/ˈneljæˌkymːentæ/
neikko,/ˈnei̯kːo/
neljätoist,/ˈneljætoi̯stɑ/
nennää puristaa,/ˈnenæː ˈpuristɑː/
nentsa,/ˈnent͡sɑ/
nenäkäs,/ˈnenækæs/
neljäs,/ˈneljæs/
neljänurkkain,/ˈneljæˌnurkːɑi̯ne/
nenärätti,/ˈnenæˌrætːi/
nesse,/ˈnesːe/
nesto,/ˈnesto/
nenästyä,/ˈnenæstyæ/
nestää,/ˈnestæː/
nepsiä,/ˈnepsiæ/
nevvoja,/ˈneʋːojɑ/
nevvoja,/ˈneʋːojɑ/
niini,/ˈniːni/
nii,/ˈniː/
nii,/ˈniː/
nii,/ˈniː/
niisi,/ˈniːsi/
niiniin,/ˈniːnine/
niiniin,/ˈniːniːn/
niistää,/ˈniːstæː/
ni,/ˈni/
niin saottu,/ˈniːn ˈsɑotːu/
niittysoo,/ˈniːtːyˌsoː/
niitti,/ˈniːtːi/
niittoaika,/ˈniːtːoˌɑi̯kɑ/
nikahtua,/ˈnikɑhtuɑ/
nimetöin,/ˈnimetøi̯n/
nimipäivä,/ˈnimiˌpæi̯ʋæ/
nikossella,/ˈnikosːelːɑ/
nikko,/ˈnikːo/
niskatalkkuna,/ˈniskɑtɑlkːunɑ/
nipikkoa,/ˈnipikːoɑ/
-nne,/-nːe/
-nne,/-nːe/
nikostua,/ˈnikostuɑ/
-nko,/-ŋko/
noblia,/ˈnobliɑ/
noijitus,/ˈnoi̯jitus/
nodra,/ˈnodrɑ/
-nnella,/-nːelːɑ/
nojabrikuu,/ˈnojɑbriˌkuː/
nokipertti,/ˈnokiˌpertːi/
noin,/ˈnoi̯n/
noisu,/ˈnoi̯su/
nokkia,/ˈnokːiɑ/
nokkia,/ˈnokːijɑ/
nokkia,/ˈnokiɑ/
noorus,/ˈnoːrus/
nooremp,/ˈnoːrempi/
nootta,/ˈnoːtːɑ/
nokka,/ˈnokːɑ/
noottalauta,/ˈnoːtːɑˌlɑu̯tɑ/
noorikke,/ˈnoːrikːe/
nootti,/ˈnoːtːi/
norma,/ˈnormɑ/
nostaa,/ˈnostɑː/
nora,/ˈnorɑ/
noottaverkko,/ˈnoːtːɑˌʋerkːo/
-nto,/-nto/
notkua,/ˈnotkuɑ/
nostaja,/ˈnostɑjɑ/
nukuttaa,/ˈnukutːɑː/
nussia,/ˈnusːiɑ/
notkuttaa,/ˈnotkutːɑː/
nukahtaa,/ˈnukɑhtɑː/
nukahtaa,/ˈnukɑhtɑː/
-nut,/-nut/
nussu,/ˈnusːu/
nykyaikain,/ˈnykyˌɑi̯kɑi̯ne/
nussutöö,/ˈnusːuˌtøː/
Nurmisaari,/ˈnurmiˌsɑːri/
nyky-,/ˈnyky-/
nylkiä,/ˈnylkiæ/
nyrihyä,/ˈnyrihyæ/
näkimet,/ˈnækimet/
näkkiäsmees,/ˈnækiæsˌmeːs/
näkköin,/ˈnækːøi̯n/
näkyvä,/ˈnækyʋæ/
näkyvä,/ˈnækyʋæ/
nähhä,/ˈnæxːæ/
näpissellä,/ˈnæpisːelːæ/
näsä,/ˈnæsæ/
näyte,/ˈnæy̯te/
näppi,/ˈnæpːi/
näyttiissä,/ˈnæy̯tːiːsːæ/
nöyrä,/ˈnøy̯ræ/
-o,/-o/
-o,/-o/
nämät,/ˈnæmæt/
nämät,/ˈnæmæt/
oblono,/ˈoblono/
obolocka,/ˈobolot͡ʃkɑ/
näälä,/ˈnæːlæ/
oas,/ˈoɑs/
obidna,/ˈobidnɑ/
odrapudro,/ˈodrɑˌpudro/
oboza,/ˈobozɑ/
odrikko,/ˈodrikːo/
oentaa,/ˈoentɑː/
Ogaška,/ˈoɡɑʃkɑ/
odnako,/ˈodnɑko/
odrasuurimikko,/ˈodrɑˌsuːrimikːo/
ohotnikka,/ˈohotnikːɑ/
ohaksennella,/ˈohɑksenːelːɑ/
ohtajain,/ˈohtɑjɑi̯ne/
ohvotta,/ˈohʋotːɑ/
oikia,/ˈoi̯kiɑ/
ohja,/ˈohjɑ/
ohto,/ˈohto/
ohto,/ˈohto/
oikii,/ˈoi̯kiː/
oksakas,/ˈoksɑkɑs/
oksa,/ˈoksɑ/
oikiaal,/ˈoi̯kiɑlːɑ/
oikiaal,/ˈoi̯kiɑlːɑ/
oktjabri,/ˈoktʲɑbri/
oikoa,/ˈoi̯koɑ/
Oktjabrskoi revolutsia,/ˈoktʲɑbrskoi̯ ˈreʋolut͡siɑ/
Oleksa,/ˈoleksɑ/
oksatoin,/ˈoksɑtoi̯n/
Olena,/ˈolenɑ/
oleni,/ˈoleni/
olit,/ˈolit/
olitta,/ˈolitːɑ/
olenikolhoza,/ˈoleniˌkolhozɑ/
olenitalohus,/ˈoleniˌtɑlohus/
olki,/ˈolki/
oltii,/ˈoltiː/
oma,/ˈomɑ/
omenanraakeli,/ˈomenɑnˌrɑːkeli/
omenapuu,/ˈomenɑˌpuː/
olla,/ˈolːɑ/
ompelos,/ˈompelos/
Olo,/ˈolo/
onnekas,/ˈonːekɑs/
ompelikki,/ˈompelikːi/
ono,/ˈono/
oo,/ˈoː/
Onissima,/ˈonisːimɑ/
onki,/ˈoŋki/
oo terve,/ˈoː ˈterʋe/
oomma,/ˈoːmːɑ/
onkia,/ˈoŋkiɑ/
onkia,/ˈoŋkiɑ/
ootta,/ˈoːtːɑ/
opilka,/ˈopilkɑ/
opettaja,/ˈopetːɑjɑ/
opokka,/ˈopokːɑ/
opettaa,/ˈopetːɑː/
oppikoti,/ˈopːiˌkoti/
opecatka,/ˈopet͡ʃɑtkɑ/
oppitunni,/ˈopːiˌtunːi/
opokkavihma,/ˈopokːɑˌʋihmɑ/
oppivintovka,/ˈopːiˌʋintofkɑ/
oppilaps,/ˈopːiˌlɑps/
orimarja,/ˈoriˌmɑrjɑ/
orasrooho,/ˈorɑsˌroːho/
orja,/ˈorjɑ/
oppivoos,/ˈopːiˌʋoːs/
orang-utan,/ˈorɑŋɡutɑn/
orjamarjapehko,/ˈorjɑˌmɑrjɑˌpehko/
organisoittaa,/ˈorɡɑnisoi̯tːɑː/
orjamarja,/ˈorjɑˌmɑrjɑ/
orpolaps,/ˈorpoˌlɑps/
orjus,/ˈorjus/
Orko,/ˈorko/
osamees,/ˈosɑˌmeːs/
orsi,/ˈorsi/
osla,/ˈoslɑ/
osoitus,/ˈosoi̯tus/
osto,/ˈosto/
ostooma,/ˈostoˌomɑ/
otsattomast,/ˈot͡sɑtːomɑstɑ/
otsattomast,/ˈot͡sɑtːomɑstɑ/
otsain,/ˈot͡sɑi̯ne/
Otava,/ˈotɑʋɑ/
otnošenja,/ˈotnoʃenʲɑ/
ottajaiset,/ˈotːɑjɑi̯set/
ounapuin,/ˈou̯nɑˌpui̯ne/
paarma,/ˈpɑːrmɑ/
ottaa,/ˈotːɑː/
ouna,/ˈou̯nɑ/
packa,/ˈpɑt͡ʃkɑ/
paaromain,/ˈpɑːromɑi̯ne/
-p,/-pi/
paasto,/ˈpɑːsto/
pahko,/ˈpɑhko/
pahkoma,/ˈpɑhkomɑ/
paeta,/ˈpɑetɑ/
paijata,/ˈpɑi̯jɑtɑ/
painokas,/ˈpɑi̯nokɑs/
painutos,/ˈpɑi̯nutos/
painava,/ˈpɑi̯nɑʋɑ/
painutossiha,/ˈpɑi̯nutosˌsihɑ/
painaa meelee,/ˈpɑi̯nɑː ˈmeːleː/
paita,/ˈpɑi̯tɑ/
painuttiissa,/ˈpɑi̯nutˌtiːsːɑ/
paisettua,/ˈpɑi̯setːuɑ/
pajupuu,/ˈpɑjuˌpuː/
pajuisikko,/ˈpɑjui̯sikːo/
pakkoo,/ˈpɑkoː/
pakkoo,/ˈpɑkoː/
pakkoo,/ˈpɑkːoː/
pakkoo,/ˈpɑkːoː/
pakana,/ˈpɑkɑnɑ/
pakana,/ˈpɑkɑnɑ/
pakkain,/ˈpɑkːɑi̯ne/
paksusooli,/ˈpɑksuˌsoːli/
pakkopää,/ˈpɑkːoˌpæː/
paljakas,/ˈpɑljɑkɑs/
palkata,/ˈpɑlkɑtɑ/
palkanlaps,/ˈpɑlkɑnˌlɑps/
palain,/ˈpɑlɑi̯ne/
palkki,/ˈpɑlkːi/
palkolliin,/ˈpɑlkolːine/
palko,/ˈpɑlko/
palokas,/ˈpɑlokɑs/
pallo,/ˈpɑlːo/
palttinain,/ˈpɑltːinɑi̯ne/
palttinain,/ˈpɑltːinɑi̯ne/
pala,/ˈpɑlɑ/
pala,/ˈpɑlɑ/
pankapyssy,/ˈpɑŋkɑˌpysːy/
panna lämpimää,/ˈpɑnːɑ ˈlæmpimæː/
pantti,/ˈpɑntːi/
paperi,/ˈpɑperi/
pappu,/ˈpɑpːu/
pappiraunio,/ˈpɑpːiˌrɑu̯nio/
papa,/ˈpɑpɑ/
parahodi,/ˈpɑrɑhodi/
pareta,/ˈpɑretɑ/
parisikko,/ˈpɑrisikːo/
parikka,/ˈpɑrikːɑ/
pars,/ˈpɑrs/
paras,/ˈpɑrɑs/
partitivaforma,/ˈpɑrtitiʋɑˌformɑ/
parvees,/ˈpɑrʋesːɑ/
parvees,/ˈpɑrʋesːɑ/
parvees,/ˈpɑrʋesːɑ/
partti,/ˈpɑrtːi/
parta,/ˈpɑrtɑ/
paska,/ˈpɑskɑ/
paska,/ˈpɑskɑ/
passi,/ˈpɑsːi/
pecka,/ˈpet͡ʃkɑ/
paturi,/ˈpɑturi/
paukku,/ˈpɑu̯kːu/
paukkia,/ˈpɑu̯kːiɑ/
peen,/ˈpeːni/
pecurka,/ˈpet͡ʃurkɑ/
peena,/ˈpeːnɑ/
peehtaroija,/ˈpeːhtɑroi̯jɑ/
peentara,/ˈpeːntɑrɑ/
Peen Otava,/ˈpeːni ˈotɑʋɑ/
Pedronaatto,/ˈpedronˌɑːtːo/
peerettää,/ˈpeːretːæː/
pata,/ˈpɑtɑ/
pata,/ˈpɑtɑ/
peerrä,/ˈpeːrːæ/
pehmitösmerkki,/ˈpehmitøsˌmerkːi/
peittää,/ˈpei̯tːæː/
pelata,/ˈpelɑtɑ/
peesas,/ˈpeːsɑs/
peitto,/ˈpei̯tːo/
pellovasaivina,/ˈpelːoʋɑsˌɑi̯ʋinɑ/
peittäjäiset,/ˈpei̯tːæjæi̯set/
pelko,/ˈpelko/
peltopuisut,/ˈpeltoˌpui̯sut/
peltokimalain,/ˈpeltoˌkimɑlɑi̯ne/
pere,/ˈpere/
pengerpyytö,/ˈpeŋɡerˌpyːtːø/
Peninsaari,/ˈpeninˌsɑːri/
perekunta,/ˈpereˌkuntɑ/
perin,/ˈperin/
perin,/ˈperin/
perekatipole,/ˈperekɑtipole/
perriä,/ˈperiæ/
perriä,/ˈperijæ/
permu,/ˈpermu/
perä,/ˈperæ/
pertsu,/ˈpert͡su/
perälle,/ˈperælːe/
perält,/ˈperæltæ/
peräjyvät,/ˈperæˌjyʋæt/
peräolut,/ˈperæˌolut/
pesetellä,/ˈpesetelːæ/
pesulahantka,/ˈpesuˌlɑhɑntkɑ/
pesitellä,/ˈpesitelːæ/
peräst,/ˈperæstæ/
peräst,/ˈperæstæ/
peräst,/ˈperæstæ/
pesupäivä,/ˈpesuˌpæi̯ʋæ/
peskari,/ˈpeskɑri/
Peto,/ˈpeto/
Petteri,/ˈpetːeri/
pettömaito,/ˈpetːøˌmɑi̯to/
petäjä,/ˈpetæjæ/
pettelikkodurakka,/ˈpetːelikːoˌdurɑkːɑ/
petäjäpuu,/ˈpetæjæˌpuː/
petäisikko,/ˈpetæi̯sikːo/
pihkain,/ˈpihkɑi̯ne/
pihka,/ˈpihkɑ/
peutsa,/ˈpeu̯t͡sɑ/
pihlajamarja,/ˈpihlɑjɑˌmɑrjɑ/
Pihkava,/ˈpihkɑʋɑ/
piirakaas,/ˈpiːrɑkɑsːɑ/
piirakaks,/ˈpiːrɑkɑkse/
pihlaja,/ˈpihlɑjɑ/
piikivi,/ˈpiːˌkiʋi/
pihlajain,/ˈpihlɑjɑi̯ne/
piirakan,/ˈpiːrɑkɑn/
piirakast,/ˈpiːrɑkɑstɑ/
piirakalle,/ˈpiːrɑkɑlːe/
piirakoiks,/ˈpiːrɑkoi̯kse/
piirakkoin,/ˈpiːrɑkːoi̯n/
piirakois,/ˈpiːrɑkoi̯sːɑ/
piirakkaa,/ˈpiːrɑkːɑː/
piki,/ˈpiki/
pikari,/ˈpikɑri/
piirakkoinna,/ˈpiːrɑkːoi̯nːɑ/
pikkuruikkuin,/ˈpikːurui̯kːui̯ne/
pilahua,/ˈpilɑhuɑ/
Pikki,/ˈpikːi/
pikkaraikkoin,/ˈpikːɑrɑi̯kːoi̯ne/
pilla,/ˈpilːɑ/
pilkkinenä,/ˈpilkːiˌnenæ/
pilli,/ˈpilːi/
pilkkoa,/ˈpilkːoɑ/
pilvikäs,/ˈpilʋikæs/
pillari,/ˈpilːɑri/
pino,/ˈpino/
pimehys,/ˈpimehys/
pioneera,/ˈpioneːrɑ/
pintamaa,/ˈpintɑˌmɑː/
pinissä,/ˈpinisːæ/
pirttu,/ˈpirtːu/
pirta,/ˈpirtɑ/
pitetä,/ˈpitetæ/
pitki,/ˈpitki/
pitkittee,/ˈpitkitːeː/
piru,/ˈpiru/
piru,/ˈpiru/
pitkäsiipiin,/ˈpitkæˌsiːpine/
pittuusyksikkö,/ˈpituːsˌyksikːø/
pitemp,/ˈpitempi/
pitkävarsiin,/ˈpitkæˌʋɑrsine/
pittää meelees,/ˈpitæː ˈmeːlesːæ/
plaasteri,/ˈplɑːsteri/
plaani,/ˈplɑːni/
piusta,/ˈpiu̯stɑ/
plemmäänikka,/ˈplemæːnikːɑ/
pocti,/ˈpot͡ʃti/
podarittaa,/ˈpodɑritːɑː/
plaanu,/ˈplɑːnu/
podarka,/ˈpodɑrkɑ/
pohja,/ˈpohjɑ/
pluugaveitsi,/ˈpluːɡɑˌʋei̯t͡si/
pohjain,/ˈpohjɑi̯ne/
pohjain,/ˈpohjɑi̯ne/
pohvala,/ˈpohʋɑlɑ/
podrobnoi,/ˈpodrobnoi̯/
poikalaps,/ˈpoi̯kɑˌlɑps/
pohjatoin,/ˈpohjɑtoi̯n/
poikihussa,/ˈpoi̯kihusːɑ/
poikin,/ˈpoi̯kin/
poikihua,/ˈpoi̯kihuɑ/
poikapolvi,/ˈpoi̯kɑˌpolʋi/
poikiissa,/ˈpoi̯kiːsːɑ/
pojintima,/ˈpojintimɑ/
poimipuikko,/ˈpoi̯miˌpui̯kːo/
poikolaps,/ˈpoi̯koˌlɑps/
poljarnoi päivä,/ˈpolʲɑrnoi̯ ˈpæi̯ʋæ/
Pokrova,/ˈpokroʋɑ/
poljakka,/ˈpolʲɑkːɑ/
polkka,/ˈpolkːɑ/
polkia,/ˈpolkiɑ/
politsia,/ˈpolit͡siɑ/
poltikas,/ˈpoltikɑs/
ponomari,/ˈponomɑri/
polupaljtto,/ˈpoluˌpɑlʲtːo/
poolivahva,/ˈpoːliˌʋɑhʋɑ/
porkkana,/ˈporkːɑnɑ/
pooli,/ˈpoːli/
pooli-,/ˈpoːli-/
poroda,/ˈporodɑ/
porttu,/ˈportːu/
poohtaa,/ˈpoːhtɑː/
poski,/ˈposki/
porras,/ˈporːɑs/
porona,/ˈporonɑ/
posьlkka,/ˈposɨlkːɑ/
potka,/ˈpotkɑ/
povoinikka,/ˈpoʋoi̯nikːɑ/
povveta,/ˈpoʋːetɑ/
poukku,/ˈpou̯kːu/
praavihua,/ˈprɑːʋihuɑ/
povvi,/ˈpoʋːi/
potkia,/ˈpotkiɑ/
potkia,/ˈpotkijɑ/
predmetta,/ˈpredmetːɑ/
prakticeskoi,/ˈprɑktit͡ʃeskoi̯/
probirka,/ˈprobirkɑ/
produkta,/ˈproduktɑ/
progona,/ˈproɡonɑ/
praavittaa,/ˈprɑːʋitːɑː/
proovolka,/ˈproːʋolkɑ/
proovolokka,/ˈproːʋolokːɑ/
proletarskoi,/ˈproletɑrskoi̯/
pressata,/ˈpresːɑtɑ/
pruuda,/ˈpruːdɑ/
proveroittaa,/ˈproʋeroi̯tːɑː/
prusakkain,/ˈprusɑkːɑi̯n/
prullissella,/ˈprulːisːelːɑ/
prossakka,/ˈprosːɑkːɑ/
präkinä,/ˈprækinæ/
pruukkia,/ˈpruːkːiɑ/
prännikkä,/ˈprænːikːæ/
prökky,/ˈprøkːy/
Prževalskin hepoin,/ˈprʒeʋɑlskin ˈhepoi̯ne/
pudrolaatka,/ˈpudroˌlɑːtkɑ/
puin,/ˈpui̯ne/
puin,/ˈpui̯ne/
puin,/ˈpui̯ne/
präski,/ˈpræski/
puhasliitsain,/ˈpuhɑsˌliːt͡sɑi̯ne/
pullu,/ˈpulːu/
pulikka,/ˈpulikːɑ/
pulmalliin,/ˈpulmɑlːine/
puisut,/ˈpui̯sut/
pumppu,/ˈpumpːu/
pumppu,/ˈpumpːu/
pulmanikka,/ˈpulmɑˌnikːɑ/
pulmat,/ˈpulmɑt/
punapurje,/ˈpunɑˌpurje/
punain,/ˈpunɑi̯ne/
punain,/ˈpunɑi̯ne/
punapuu,/ˈpunɑˌpuː/
punain seestara,/ˈpunɑi̯ne ˈseːstɑrɑ/
punapelto,/ˈpunɑˌpelto/
punettaa,/ˈpunetːɑː/
punettua,/ˈpunetːuɑ/
puottaa,/ˈpuotːɑː/
puntsahtaa,/ˈpunt͡sɑhtɑː/
purnolliin,/ˈpurnolːine/
Puni,/ˈpuni/
purria,/ˈpuriɑ/
purria,/ˈpurijɑ/
puruli,/ˈpuruli/
purnu,/ˈpurnu/
purata,/ˈpurɑtɑ/
pursutella,/ˈpursutelːɑ/
putki,/ˈputki/
puujalka,/ˈpuːˌjɑlkɑ/
puuda,/ˈpuːdɑ/
puuastava,/ˈpuːˌɑstɑʋɑ/
puulahantka,/ˈpuːˌlɑhɑntkɑ/
puusilta,/ˈpuːˌsiltɑ/
puute,/ˈpuːte/
puukkoveitsi,/ˈpuːkːoˌʋei̯t͡si/
puukanki,/ˈpuːˌkɑŋki/
puuuhlu,/ˈpuːˌuhlu/
puuriissat,/ˈpuːˌriːsːɑt/
puuvillain,/ˈpuːˌʋilːɑi̯ne/
pyhittää,/ˈpyhitːæː/
Pyhä Henki,/ˈpyhæ ˈheŋki/
puzattoi,/ˈpuzɑtːoi̯/
pyhähoomus,/ˈpyhæˌhoːmus/
pykälä,/ˈpykælæ/
pyhäpäivä,/ˈpyhæˌpæi̯ʋæ/
Pyhäväli,/ˈpyhæˌʋæli/
pyrkiä,/ˈpyrkiæ/
pyssymees,/ˈpysːyˌmeːs/
pyytää,/ˈpyːtæː/
pytty,/ˈpytːy/
päin,/ˈpæi̯n/
päin,/ˈpæi̯n/
päin,/ˈpæi̯n/
päin,/ˈpæi̯n/
pyntätä,/ˈpyntætæ/
päissär,/ˈpæi̯sːær/
pyssy,/ˈpysːy/
päitset,/ˈpæi̯t͡set/
päissärvilla,/ˈpæi̯sːærˌʋilːɑ/
päivännoisu,/ˈpæi̯ʋænˌnoi̯su/
päppä,/ˈpæpːæ/
päivettyä,/ˈpæi̯ʋetːyæ/
päre,/ˈpære/
päivätöö,/ˈpæi̯ʋæˌtøː/
pärnäin,/ˈpærnæi̯ne/
päreveitsi,/ˈpæreˌʋei̯t͡si/
pässyttää,/ˈpæsːytːæː/
pärski,/ˈpærski/
pätsetti,/ˈpæt͡setːi/
Pärttyli,/ˈpærtːyli/
päähkenikko,/ˈpæːhkenikːo/
pää,/ˈpæː/
pää,/ˈpæː/
päähkänä,/ˈpæːhkænæ/
päähkänäpehko,/ˈpæːhkænæˌpehko/
pääkirja,/ˈpæːˌkirjɑ/
päähkänämetsä,/ˈpæːhkænæˌmet͡sæ/
pääjuuri,/ˈpæːˌjuːri/
päälinna,/ˈpæːˌlinːɑ/
päälaki,/ˈpæːˌlɑki/
pääolut,/ˈpæːˌolut/
päälypooli,/ˈpæːlyˌpoːli/
Pääsiäin,/ˈpæːsi.æi̯ne/
päärmä,/ˈpæːrmæ/
Pääsiänaatto,/ˈpæːsiænˌɑːtːo/
pääsuka,/ˈpæːˌsukɑ/
pääskölintu,/ˈpæːskøˌlintu/
pääsö,/ˈpæːsø/
päätöin,/ˈpæːtøi̯n/
päävladenja,/ˈpæːˌʋlɑdenjɑ/
päävitsa,/ˈpæːˌʋit͡sɑ/
pöllykukka,/ˈpølːyˌkukːɑ/
pölästyä,/ˈpølæstyæ/
pöllytä,/ˈpølːytæ/
pörissä,/ˈpørisːæ/
pörömäin,/ˈpørømæi̯ne/
pökköheinä,/ˈpøkːøˌhei̯næ/
pölässyttää,/ˈpølæsːytːæː/
pölässyttää,/ˈpølæsːytæː/
pötkä,/ˈpøtkæ/
raakeli,/ˈrɑːkeli/
raajuveräjä,/ˈrɑːjuˌʋeræjæ/
raakki,/ˈrɑːkːi/
pööriä,/ˈpøːriæ/
pööriä,/ˈpøːriæ/
pööriä,/ˈpøːrijæ/
raakka,/ˈrɑːkːɑ/
Raamattu,/ˈrɑːmɑtːu/
raataa,/ˈrɑːtɑː/
rahalliin,/ˈrɑhɑlːine/
rahe,/ˈrɑhe/
rahna,/ˈrɑhnɑ/
rahti,/ˈrɑhti/
raina,/ˈrɑi̯nɑ/
raina,/ˈrɑi̯nɑ/
raiska,/ˈrɑi̯skɑ/
raiskuu,/ˈrɑi̯skuː/
rajona,/ˈrɑjonɑ/
raju,/ˈrɑju/
raisust,/ˈrɑi̯sustɑ/
raisust,/ˈrɑi̯sustɑ/
raitti,/ˈrɑi̯tːi/
rakennossaraffana,/ˈrɑkenːosˌsɑrɑfːɑnɑ/
rakentaissa,/ˈrɑkentɑi̯sːɑ/
rajata,/ˈrɑjɑtɑ/
rakoisillaa,/ˈrɑkoi̯silːɑː/
rakennos,/ˈrɑkenːos/
rammita,/ˈrɑmːitɑ/
ramokas,/ˈrɑmokɑs/
ramopytky,/ˈrɑmoˌpytky/
ramo,/ˈrɑmo/
ramoittua,/ˈrɑmoi̯tːuɑ/
ramka,/ˈrɑmkɑ/
rangata,/ˈrɑŋɡɑtɑ/
rangaissos,/ˈrɑŋɡɑi̯sːos/
rannanvahti,/ˈrɑnːɑnˌʋɑhti/
ranko,/ˈrɑŋko/
rampajalkain,/ˈrɑmpɑˌjɑlkɑi̯ne/
rantalain,/ˈrɑntɑlɑi̯ne/
Rantave,/ˈrɑntɑʋe/
rantakala,/ˈrɑntɑˌkɑlɑ/
rankka,/ˈrɑŋkːɑ/
rantanootta,/ˈrɑntɑˌnoːtːɑ/
rantakylä,/ˈrɑntɑˌkylæ/
rantatiltti,/ˈrɑntɑˌtiltːi/
rapakko,/ˈrɑpɑkːo/
rantsa,/ˈrɑnt͡sɑ/
rappa,/ˈrɑpːɑ/
raputella,/ˈrɑpuˌtelːɑ/
raspiitti,/ˈrɑspiːtːi/
rapakivi,/ˈrɑpɑˌkiʋi/
rasvain,/ˈrɑsʋɑi̯ne/
rasva,/ˈrɑsʋɑ/
rapsutella,/ˈrɑpsutelːɑ/
ratasmaasteri,/ˈrɑtɑsˌmɑːsteri/
rauha,/ˈrɑu̯hɑ/
rauha,/ˈrɑu̯hɑ/
ratsu,/ˈrɑt͡su/
rasvamuila,/ˈrɑsʋɑˌmui̯lɑ/
raunio,/ˈrɑu̯nio/
rauta,/ˈrɑu̯tɑ/
rauhallisest,/ˈrɑu̯hɑlːisestɑ/
rauhallisest,/ˈrɑu̯hɑlːisestɑ/
rautain,/ˈrɑu̯tɑi̯ne/
rautatee,/ˈrɑu̯tɑˌteː/
rebina,/ˈrebinɑ/
rediska,/ˈrediskɑ/
rebinalintu,/ˈrebinɑˌlintu/
reknata,/ˈreknɑtɑ/
reissata,/ˈrei̯sːɑtɑ/
rengas,/ˈreŋɡɑs/
religia,/ˈreliɡiɑ/
reki,/ˈreki/
retupääskö,/ˈretuˌpæːskø/
reunapaikka,/ˈreu̯nɑˌpɑi̯kːɑ/
reunaväki,/ˈreu̯nɑˌʋæki/
reukastua,/ˈreu̯kɑstuɑ/
respublikka,/ˈrespublikːɑ/
revolutsia,/ˈreʋolut͡siɑ/
rihmanpätkä,/ˈrihmɑnˌpætkæ/
rihmaväkkärä,/ˈrihmɑˌʋækːæræ/
riikki,/ˈriːkːi/
reunimain sormi,/ˈreu̯nimɑi̯ne ˈsormi/
riissusuurimikko,/ˈriːsːuˌsuːrimikːo/
rikkaheinä,/ˈrikːɑˌhei̯næ/
riissusuurima,/ˈrisːuˌsuːrimɑ/
rikkoa,/ˈrikːoɑ/
rinnaal,/ˈrinːɑlːɑ/
rinnaal,/ˈrinːɑlːɑ/
rinnaal,/ˈrinːɑlːɑ/
rinnalle,/ˈrinːɑlːe/
rinnalle,/ˈrinːɑlːe/
rinnalle,/ˈrinːɑlːe/
rinnakkain,/ˈrinːɑkːɑi̯n/
rinnakkain,/ˈrinːɑkːɑi̯n/
rintamaito,/ˈrintɑˌmɑi̯to/
rintakletka,/ˈrintɑˌkletkɑ/
rintaosa,/ˈrintɑˌosɑ/
rinnakas,/ˈrinːɑkɑs/
rintavilla,/ˈrintɑˌʋilːɑ/
rinnoitus,/ˈrinːoi̯tus/
ripsuta,/ˈripsutɑ/
ristiissä,/ˈristiːsːæ/
ristiprosekka,/ˈristiˌprosekːɑ/
ristiäiset,/ˈristijæi̯set/
risuittaa,/ˈrisui̯tːɑː/
ristiä,/ˈristiæ/
ristiä,/ˈristiæ/
ripa,/ˈripɑ/
rohosorsa,/ˈrohoˌsorsɑ/
rokka,/ˈrokːɑ/
riuku,/ˈriu̯ku/
Rohosaari,/ˈrohoˌsɑːri/
roho,/ˈroho/
romaška,/ˈromɑʃkɑ/
roohtia,/ˈroːhtiɑ/
rooho,/ˈroːho/
rooska,/ˈroːskɑ/
rooza,/ˈroːzɑ/
ropja,/ˈropjɑ/
roojakas,/ˈroːjɑkɑs/
rublja,/ˈrublʲɑ/
ruikokas,/ˈrui̯kokɑs/
ruinata,/ˈrui̯nɑtɑ/
rovnoi,/ˈroʋnoi̯/
ruiskuilas,/ˈru.isˌkui̯lɑs/
ruiskovain,/ˈru.isˌkoʋɑne/
ruispelto,/ˈru.isˌpelto/
ruisakana,/ˈru.isˌɑkɑnɑ/
ruispurnu,/ˈru.isˌpurnu/
ruka,/ˈrukɑ/
ruiskrääkkä,/ˈru.isˌkræːkːæ/
rummensäkki,/ˈrumːenˌsækːi/
runo,/ˈruno/
rukka,/ˈrukːɑ/
rummenikko,/ˈrumːenikːo/
rupinenä,/ˈrupiˌnenæ/
rummu,/ˈrumːu/
ruskettaa,/ˈrusketːɑː/
ruttiissa,/ˈrutːiːsːɑ/
ruuto,/ˈruːto/
ruumeenpuut,/ˈruːmeːnˌpuːt/
ruttoo,/ˈrutːoː/
ruumis,/ˈruːmis/
rysy,/ˈrysy/
rysämees,/ˈrysæˌmeːs/
rytkä,/ˈrytkæ/
rätti,/ˈrætːi/
räkätauti,/ˈrækæˌtɑu̯ti/
räyssäs,/ˈræy̯sːæs/
räytyä,/ˈræy̯tyæ/
räpäkkä,/ˈræpækːæ/
röhkää,/ˈrøhkæː/
saa,/ˈsɑː/
saa,/ˈsɑː/
saa,/ˈsɑː/
saa,/ˈsɑ.ɑ/
saadut,/ˈsɑːdut/
rьbakka,/ˈrɨbɑkːɑ/
Saarenmeri,/ˈsɑːrenˌmeri/
saadu,/ˈsɑːdu/
Saarove,/ˈsɑːroʋe/
saatana,/ˈsɑːtɑnɑ/
saarenoma,/ˈsɑːrenˌomɑ/
saahkara,/ˈsɑːhkɑrɑ/
saani,/ˈsɑːni/
saattaja,/ˈsɑːtːɑjɑ/
saavva hukkaa,/ˈsɑːʋːɑ ˈhukːɑː/
saatto,/ˈsɑːtːo/
saatto,/ˈsɑːtːo/
sae,/ˈsɑe/
saavva kiin,/ˈsɑːʋːɑ ˈkiːn/
saekas,/ˈsɑekɑs/
saijain,/ˈsɑi̯jɑi̯ne/
sahata,/ˈsɑhɑtɑ/
Saira,/ˈsɑi̯rɑ/
saksa,/ˈsɑksɑ/
saksalain,/ˈsɑksɑlɑi̯ne/
salajutto,/ˈsɑlɑˌjutːo/
saklja,/ˈsɑklʲɑ/
sallia,/ˈsɑlːiɑ/
saksankuusi,/ˈsɑksɑnˌkuːsi/
sakset,/ˈsɑkset/
Saksanmaa,/ˈsɑksɑnˌmɑː/
sammalhoone,/ˈsɑmːɑlˌhoːne/
sananpohja,/ˈsɑnɑnˌpohjɑ/
sananverto,/ˈsɑnɑnˌʋerto/
samoi,/ˈsɑmoi̯/
samoi,/ˈsɑmoi̯/
sananväli,/ˈsɑnɑnˌʋæli/
sannikko,/ˈsɑnːikːo/
santukka,/ˈsɑntukːɑ/
sanata,/ˈsɑnɑtɑ/
sappi,/ˈsɑpːi/
santimetra,/ˈsɑntiˌmetrɑ/
sannoa,/ˈsɑnoɑ/
sanomiin,/ˈsɑnomine/
sanomiin,/ˈsɑnomine/
sanomiin,/ˈsɑnomiːn/
sarvena,/ˈsɑrʋenɑ/
sarvi,/ˈsɑrʋi/
sattais,/ˈsɑtɑi̯s/
sata,/ˈsɑtɑ/
sata,/ˈsɑtɑ/
sarvipää,/ˈsɑrʋiˌpæː/
saunanain,/ˈsɑu̯nɑˌnɑi̯ne/
savenjalka,/ˈsɑʋenˌjɑlkɑ/
sauttaa,/ˈsɑu̯tːɑː/
savertaa,/ˈsɑʋertɑː/
savi,/ˈsɑʋi/
savikaakka,/ˈsɑʋiˌkɑːkːɑ/
seast,/ˈseɑstɑ/
savislantsa,/ˈsɑʋiˌslɑnt͡sɑ/
savest,/ˈsɑʋestɑ/
seegla,/ˈseːɡlɑ/
seemecka,/ˈseːmet͡ʃkɑ/
seemenkakku,/ˈseːmenˌkɑkːu/
seeni,/ˈseːni/
sebro,/ˈsebro/
seel,/ˈseːlːæ/
seestara,/ˈseːstɑrɑ/
seinägazetti,/ˈsei̯næˌɡɑzetːi/
seemensööjä,/ˈseːmenˌsøːjæ/
seis,/ˈsetisːæ/
seestaramarja,/ˈseːstɑrɑˌmɑrjɑ/
seisahtaissa,/ˈsei̯sɑhtɑi̯sːɑ/
seisohtaissa,/ˈsei̯sohˌtɑi̯sːɑ/
seitsen,/ˈsei̯t͡sen/
seitsentoist,/ˈsei̯t͡sentoi̯stɑ/
seitsentoist kymment,/ˈsei̯t͡sentoi̯stɑ ˈkymːentæ/
seitsentoist kymmenäs,/ˈsei̯t͡sentoi̯stɑ ˈkymːenæs/
seissa,/ˈsei̯sːɑ/
seka-,/ˈsekɑ-/
seisottaa,/ˈsei̯sotːɑː/
seitsemäskymmenäs,/ˈsei̯t͡semæsˌkymːenæs/
selkiäst,/ˈselkiæstæ/
selkiäst,/ˈselkiæstæ/
selkänahkain,/ˈselkæˌnɑhkɑi̯ne/
selkä,/ˈselkæ/
sellain,/ˈselːɑi̯ne/
selkiä,/ˈselkiæ/
selkiä,/ˈselkijæ/
selkänahka,/ˈselkæˌnɑhkɑ/
sepyt,/ˈsepyt/
selvä,/ˈselʋæ/
serkka,/ˈserkːɑ/
seukkoin,/ˈseu̯kːoi̯ne/
seukkoin,/ˈseu̯kːoi̯n/
seppola,/ˈsepːolɑ/
sezonnoi,/ˈsezonːoi̯/
sevverta,/ˈseʋːertɑ/
seän,/ˈseæn/
servä,/ˈserʋæ/
sie,/ˈsie/
Siberi,/ˈsiberi/
seäs,/ˈseæsːæ/
seät,/ˈseæt/
sihas,/ˈsihɑsːɑ/
sihas,/ˈsihɑsːɑ/
siha,/ˈsihɑ/
siije,/ˈsiːje/
siije,/ˈsiːje/
siella,/ˈsielːɑ/
siipi,/ˈsiːpi/
siipiverkko,/ˈsiːpiˌʋerkːo/
Siiteri,/ˈsiːteri/
siivilähohla,/ˈsiːʋilæˌhohlɑ/
siitä,/ˈsi.itæ/
siitä,/ˈsiːtæ/
siitä,/ˈsiːtæ/
siitiä,/ˈsiːtiæ/
siivo,/ˈsiːʋo/
sikain,/ˈsikɑi̯ne/
siivottasovhoza,/ˈsiːʋotːɑˌsoʋhozɑ/
sija,/ˈsijɑ/
siivitä,/ˈsiːʋitæ/
sikkiissä,/ˈsikiːsːæ/
silakka,/ˈsilɑkːɑ/
sil viisii,/ˈsilːæ ˈʋiːsiː/
sikori,/ˈsikori/
silmäterä,/ˈsilmæˌteræ/
silmähammas,/ˈsilmæˌhɑmːɑs/
sinekki,/ˈsinekːi/
sinitsa,/ˈsinit͡sɑ/
sinisorokka,/ˈsiniˌsorokːɑ/
sipuli,/ˈsipuli/
sinkkikarta,/ˈsiŋkːiˌkɑrtɑ/
sisarukset,/ˈsisɑrukset/
siniin,/ˈsinine/
siniin,/ˈsinine/
sisarut,/ˈsisɑrut/
sistematiceskoi,/ˈsistemɑtit͡ʃeskoi̯/
sisarekset,/ˈsisɑrekset/
sises,/ˈsisesːæ/
sises,/ˈsisesːæ/
siso,/ˈsiso/
sitetä,/ˈsitetæ/
sittanäri,/ˈsitːɑˌnæri/
sisäpooli,/ˈsisæˌpoːli/
sivuluu,/ˈsiʋuˌluː/
sittapata,/ˈsitːɑˌpɑtɑ/
sittapöröläin,/ˈsitːɑˌpørølæi̯ne/
sittua,/ˈsitːuɑ/
skiletti,/ˈskiletːi/
slaavia,/ˈslɑːʋiɑ/
sivu,/ˈsiʋu/
sloga,/ˈsloɡɑ/
sivuosa,/ˈsiʋuˌosɑ/
skripka,/ˈskripkɑ/
slogatoin,/ˈsloɡɑtoi̯n/
slona,/ˈslonɑ/
sliivipuu,/ˈsliːʋiˌpuː/
Soikkola,/ˈsoi̯kːolɑ/
soikkolain,/ˈsoi̯kːolɑi̯ne/
soitella,/ˈsoi̯telːɑ/
soglasnoi,/ˈsoɡlɑsnoi̯/
soittaja,/ˈsoi̯tːɑjɑ/
sokko,/ˈsokːo/
sokkaluu,/ˈsokːɑˌluː/
sooboli,/ˈsoːboli/
sooja,/ˈsoːjɑ/
sooja,/ˈsoːjɑ/
sooja,/ˈsoːjɑ/
soojamaito,/ˈsoːjɑˌmɑi̯to/
soola,/ˈsoːlɑ/
soolaheinä,/ˈsoːlɑˌhei̯næ/
soomakko,/ˈsoːmɑkːo/
soomukas,/ˈsoːmukɑs/
soomus,/ˈsoːmus/
sookulikka,/ˈsoːˌkulikːɑ/
soojast,/ˈsoːjɑstɑ/
soojast,/ˈsoːjɑstɑ/
soojast,/ˈsoːjɑstɑ/
soojast,/ˈsoːjɑstɑ/
soolata,/ˈsoːlɑtɑ/
sooniitty,/ˈsoːˌniːtːy/
soppia,/ˈsopiɑ/
soppia,/ˈsopiɑ/
soovotta,/ˈsoːʋotːɑ/
sooniin,/ˈsoːnine/
sooniin,/ˈsoːniːn/
sorrialuin,/ˈsoriɑˌlui̯ne/
sopottaa,/ˈsopotːɑː/
sorsa,/ˈsorsɑ/
sopu,/ˈsopu/
sotalaiva,/ˈsotɑˌlɑi̯ʋɑ/
sortaa,/ˈsortɑː/
sorkka,/ˈsorkːɑ/
sotsialisticeskoi,/ˈsot͡siɑlistit͡ʃeskoi̯/
Sovetskoi Sojuza,/ˈsoʋet͡skoi̯ ˈsojuzɑ/
sotkia,/ˈsotkiɑ/
sotkia,/ˈsotkijɑ/
sotkia,/ˈsotkijɑ/
staakka,/ˈstɑːkːɑ/
stafka,/ˈstɑfkɑ/
sovhoza,/ˈsoʋhozɑ/
spicka,/ˈspit͡ʃkɑ/
stantsia,/ˈstɑnt͡siɑ/
staruhha,/ˈstɑruxːɑ/
Stepana,/ˈstepɑnɑ/
stokana,/ˈstokɑnɑ/
stooli,/ˈstoːli/
staraittaa,/ˈstɑrɑi̯tːɑː/
strelkka,/ˈstrelkːɑ/
strastnoi,/ˈstrɑstnoi̯/
sudja,/ˈsudjɑ/
suenkorenta,/ˈsuenˌkorentɑ/
strelocnikka,/ˈstrelot͡ʃnikːɑ/
strojenja,/ˈstrojenjɑ/
Strastnoi Viikko,/ˈstrɑstnoi̯ ˈʋiːkːo/
suitset,/ˈsui̯t͡set/
suenliika,/ˈsuenˌliːkɑ/
suisto,/ˈsui̯sto/
suenleeka,/ˈsuenˌleːkɑ/
sukka,/ˈsukːɑ/
suenkorento,/ˈsuenˌkorento/
summa,/ˈsumːɑ/
sulattaa,/ˈsulɑtːɑː/
sulkapoduška,/ˈsulkɑˌpoduʃkɑ/
surmata,/ˈsurmɑtɑ/
Suomi,/ˈsuomi/
suru,/ˈsuru/
susi,/ˈsusi/
Suur Otava,/ˈsuːr ˈotɑʋɑ/
suuremmaks osaks,/ˈsuːremːɑkse ˈosɑkse/
surra,/ˈsurːɑ/
suu,/ˈsuː/
suurimikko,/ˈsuːrimikːo/
suurustaa,/ˈsuːrustɑː/
suursummain,/ˈsuːrˌsumːɑi̯ne/
suvi,/ˈsuʋi/
suvattava,/ˈsuʋɑtːɑʋɑ/
suvattava,/ˈsuʋɑtːɑʋɑ/
suvattava,/ˈsuʋɑtːɑʋɑ/
svojakka,/ˈsʋojɑkːɑ/
svaana,/ˈsʋɑːnɑ/
syksynnä,/ˈsyksynːæ/
syleksennellä,/ˈsyleksenːelːæ/
syli,/ˈsyli/
syksyyl,/ˈsyksylːæ/
syksähtää,/ˈsyksæhtæː/
synniin,/ˈsynːine/
sylipuu,/ˈsyliˌpuː/
syntymäpäivä,/ˈsyntymæˌpæi̯ʋæ/
sylkiä,/ˈsylkiæ/
sylkiä,/ˈsylkiæ/
sysi,/ˈsysi/
syrjä,/ˈsyrjæ/
synnyn päivä,/ˈsynːyn ˈpæi̯ʋæ/
syy,/ˈsyː/
syy,/ˈsyː/
syventää,/ˈsyʋentæː/
syänkammari,/ˈsyænˌkɑmːɑri/
sysälikko,/ˈsysælikːo/
syänkorva,/ˈsyænˌkorʋɑ/
syänkuu,/ˈsyænˌkuː/
Sämpsä,/ˈsæmpsæ/
säkki,/ˈsækːi/
Sämpsänä,/ˈsæmpsænæ/
sänky,/ˈsæŋky/
syänmuna,/ˈsyænˌmunɑ/
särvi,/ˈsærʋi/
säynes,/ˈsæy̯nes/
sääri,/ˈsæːri/
sääski,/ˈsæːski/
sääskö,/ˈsæːskø/
sööjä,/ˈsøːjæ/
sööttiissä,/ˈsøːtːiːsːæ/
söövvä,/ˈsyʋːæ/
šahmatat,/ˈʃɑhmɑtɑt/
šaarikka,/ˈʃɑːrikːɑ/
šaara,/ˈʃɑːrɑ/
söömäkerus,/ˈsøːmæˌkerus/
šnurkka,/ˈʃnurkːɑ/
škeettikka,/ˈʃkeːtːikːɑ/
šestidnevka,/ˈʃestidneʋkɑ/
šolikkoa,/ˈʃolikːoɑ/
šaškalauta,/ˈʃɑʃkɑˌlɑu̯tɑ/
šolkka,/ˈʃolkːɑ/
šotka,/ˈʃotkɑ/
šolkata,/ˈʃolkɑtɑ/
šulkkuin,/ˈʃulkːui̯ne/
šulkkuin,/ˈʃulkːui̯n/
šulkkupolle,/ˈʃulkːuˌpolːe/
šuuba,/ˈʃuːbɑ/
šuutka,/ˈʃuːtkɑ/
šuutkuri,/ˈʃuːtkuri/
-taa,/-tɑː/
šulkku,/ˈʃulkːu/
štaatta,/ˈʃtɑːtːɑ/
taata,/ˈtɑ.ɑtɑ/
taakka,/ˈtɑːkːɑ/
tacka,/ˈtɑt͡ʃkɑ/
taazi,/ˈtɑːzi/
taekoorma,/ˈtɑeˌkoːrmɑ/
tahmia,/ˈtɑhmiɑ/
tahmia,/ˈtɑhmiɑ/
tahra,/ˈtɑhrɑ/
tabakerkka,/ˈtɑbɑkerkːɑ/
tahkoissa,/ˈtɑhkoi̯sːɑ/
taikaa,/ˈtɑi̯kɑː/
taetoin,/ˈtɑetoi̯n/
tahto,/ˈtɑhto/
taika,/ˈtɑi̯kɑ/
tahko,/ˈtɑhko/
taikipytty,/ˈtɑi̯kiˌpytːy/
taikinamarja,/ˈtɑi̯kinɑˌmɑrjɑ/
takakelkka,/ˈtɑkɑˌkelkːɑ/
taittaa,/ˈtɑi̯tːɑː/
taimilava,/ˈtɑi̯miˌlɑʋɑ/
taitella,/ˈtɑi̯telːɑ/
takanna,/ˈtɑkɑnːɑ/
taivaanraja,/ˈtɑi̯ʋɑːnˌrɑjɑ/
takas,/ˈtɑkɑs/
takatalvi,/ˈtɑkɑˌtɑlʋi/
takaks,/ˈtɑkɑkse/
takapaju,/ˈtɑkɑˌpɑju/
takoja,/ˈtɑkojɑ/
tallata,/ˈtɑlːɑtɑ/
takkuus,/ˈtɑkuːs/
tallukkain,/ˈtɑlːukːɑi̯ne/
tallukka,/ˈtɑlːukːɑ/
talviaika,/ˈtɑlʋiˌɑi̯kɑ/
talo,/ˈtɑlo/
talvitee,/ˈtɑlʋiˌteː/
talviuni,/ˈtɑlʋiˌuni/
talvikaatiat,/ˈtɑlʋiˌkɑːtiɑt/
tammilauta,/ˈtɑmːiˌlɑu̯tɑ/
tamma,/ˈtɑmːɑ/
talvipäivä,/ˈtɑlʋiˌpæi̯ʋæ/
tammisarka,/ˈtɑmːiˌsɑrkɑ/
tamožnoi,/ˈtɑmoʒnoi̯/
tantsittaa,/ˈtɑnt͡sitːɑː/
Tanja,/ˈtɑnʲɑ/
tantsu,/ˈtɑnt͡su/
tapa,/ˈtɑpɑ/
tapa,/ˈtɑpɑ/
tankki,/ˈtɑŋkːi/
tanvas,/ˈtɑnɑʋɑ/
tapahos,/ˈtɑpɑ.os/
tappelo,/ˈtɑpːelo/
tapahus,/ˈtɑpɑ.us/
tappura,/ˈtɑpːurɑ/
tareta,/ˈtɑretɑ/
tappelu,/ˈtɑpːelu/
tarakkana,/ˈtɑrɑkːɑnɑ/
tarhas,/ˈtɑrɑs/
tarkastaa,/ˈtɑrkɑstɑː/
tarita,/ˈtɑritɑ/
tarkoitella,/ˈtɑrkoi̯telːɑ/
tarkoittaa,/ˈtɑrkoi̯tːɑː/
taritsija,/ˈtɑrit͡sijɑ/
tarvis,/ˈtɑrʋis/
tarkka,/ˈtɑrkːɑ/
taus,/ˈtɑu̯s/
tarvita,/ˈtɑrʋitɑ/
tavara,/ˈtɑʋɑrɑ/
tavveta,/ˈtɑʋːetɑ/
tavalliin,/ˈtɑʋɑlːine/
tau-sagьz,/ˈtɑu̯ ˈsɑɡɨz/
tehnikuma,/ˈtehnikumɑ/
tehä töötä,/ˈtehæ ˈtøːtæ/
teenata,/ˈteːnɑtɑ/
tehhä töötä,/ˈtexːæ ˈtøːtæ/
tehhä,/ˈtexːæ/
tehtävä,/ˈtehtæʋæ/
tehtävä,/ˈtehtæʋæ/
telefona,/ˈteleˌfonɑ/
telefonalanka,/ˈteleˌfonɑˌlɑŋkɑ/
telegramma,/ˈteleˌɡrɑmːɑ/
terva,/ˈterʋɑ/
tervamees,/ˈterʋɑˌmeːs/
televizora,/ˈteleʋizorɑ/
temmata,/ˈtemːɑtɑ/
tempoa,/ˈtempoɑ/
tervehys,/ˈterʋehys/
tihimpää,/ˈtihimpæː/
temppu,/ˈtempːu/
tihti,/ˈtihti/
teräs,/ˈteræs/
teräksiin,/ˈteræksine/
teräksiin,/ˈteræksiːn/
tihtii,/ˈtihtiː/
tihtii,/ˈtihtiː/
tihtii,/ˈtihtiːsːe/
tiitämätöin,/ˈtiːtæmætøi̯n/
tikuttaa,/ˈtikutːɑː/
tilkka,/ˈtilkːɑ/
tilppu,/ˈtilpːu/
tilkutella,/ˈtilkutelːɑ/
tippa,/ˈtipːɑ/
tikkatakkiain,/ˈtikːɑˌtɑkiɑi̯ne/
tiukku,/ˈtiu̯kːu/
tinkiä,/ˈtiŋkiæ/
-to,/-to/
tocka,/ˈtot͡ʃkɑ/
Timo,/ˈtimo/
tiukata,/ˈtiu̯kɑtɑ/
toin sormi,/ˈtoi̯ne ˈsormi/
toisenlaajain,/ˈtoi̯senˌlɑːjɑi̯ne/
tohtia,/ˈtohtiɑ/
toissarki,/ˈtoi̯sˌsɑrki/
toin,/ˈtoi̯ne/
toin,/ˈtoi̯ne/
toin,/ˈtoi̯ne/
toin,/ˈtoi̯n/
toivoa,/ˈtoi̯ʋoɑ/
toittoaine,/ˈtoi̯tːoˌɑi̯ne/
toohikivi,/ˈtoːhiˌkiʋi/
toohikatto,/ˈtoːhiˌkɑtːo/
toohikontti,/ˈtoːhiˌkontːi/
tontikkain,/ˈtontikːɑi̯ne/
toohitruba,/ˈtoːhiˌtrubɑ/
toohivakka,/ˈtoːhiˌʋɑkːɑ/
toomain,/ˈtoːmɑi̯ne/
tookki,/ˈtoːkːi/
toomimarja,/ˈtoːmiˌmɑrjɑ/
toohiversu,/ˈtoːhiˌʋersu/
toovva,/ˈtoːʋːɑ/
toppoli,/ˈtopːoli/
toppi,/ˈtopːi/
toohus,/ˈtoːhus/
toomuin,/ˈtoːmui̯ne/
torahammas,/ˈtorɑˌhɑmːɑs/
traktora,/ˈtrɑktorɑ/
toukka,/ˈtou̯kːɑ/
tora,/ˈtorɑ/
toukata,/ˈtou̯kɑtɑ/
trenki,/ˈtreŋki/
Troitsa,/ˈtroi̯t͡sɑ/
trappu,/ˈtrɑpːu/
Tropo,/ˈtropo/
travata,/ˈtrɑʋɑtɑ/
tsentraljnoi,/ˈt͡sen.trɑlʲnoi̯/
treska,/ˈtreskɑ/
troopikka,/ˈtroːpikːɑ/
tseppi,/ˈt͡sepːi/
tuhatta,/ˈtuhɑtːɑ/
tuhkapää,/ˈtuhkɑˌpæː/
-ttaa,/-tːɑː/
tuhkuri,/ˈtuhkuri/
tuki,/ˈtuki/
tuki,/ˈtuki/
tuhkain,/ˈtuhkɑi̯ne/
tulilintu,/ˈtuliˌlintu/
tulla rautahampaal,/ˈtulːɑ ˈrɑu̯tɑˌhɑmpɑːlːɑ/
tumma,/ˈtumːɑ/
tulokas,/ˈtulokɑs/
tulimato,/ˈtuliˌmɑto/
tulekki,/ˈtulekːi/
tuntia,/ˈtuntiɑ/
tunnusmerkki,/ˈtunːusˌmerkːi/
tuntu,/ˈtuntu/
tundra,/ˈtundrɑ/
tuppi,/ˈtupːi/
tuppi,/ˈtupːi/
turhaa,/ˈturhɑː/
turhaa,/ˈturhɑː/
turva,/ˈturʋɑ/
turnus,/ˈturnus/
turvekeko,/ˈturʋeˌkeko/
turu,/ˈturu/
-tustee,/-tusteː/
tusata,/ˈtusɑtɑ/
turve,/ˈturʋe/
tuttahus,/ˈtutːɑhus/
tusakas,/ˈtusɑkɑs/
tuulenhenki,/ˈtuːlenˌheŋki/
tuuvi,/ˈtuːʋi/
tuuca,/ˈtuːt͡ʃɑ/
tyltsä,/ˈtylt͡sæ/
tynki,/ˈtyŋki/
tykky,/ˈtykːy/
tuulisää,/ˈtuːliˌsæː/
tylppä,/ˈtylpːæ/
tyttärikkö,/ˈtytːærikːø/
tyttörukka,/ˈtytːøˌrukːɑ/
tyvi,/ˈtyʋi/
tähen,/ˈtæhen/
tyttölaps,/ˈtytːøˌlɑps/
Tähti,/ˈtæhti/
täittyä,/ˈtæi̯tːyæ/
täitarha,/ˈtæi̯ˌtɑrɑ/
täkäläin,/ˈtækælæi̯ne/
täintappaja,/ˈtæi̯nˌtɑpːɑjɑ/
täyttyä,/ˈtæy̯tːyæ/
tärkähtää,/ˈtærkæhtæː/
tääl,/ˈtæːlːæ/
tään,/ˈtæːn/
tään,/ˈtæːn/
tänäpää,/ˈtænæpæː/
Tönttölä,/ˈtøntːølæ/
töönikka,/ˈtøːnikːɑ/
täytyä,/ˈtæy̯tyæ/
tööntää,/ˈtøːntæː/
tööpalkka,/ˈtøːˌpɑlkːɑ/
töö,/ˈtøː/
töö,/ˈtøː/
töö,/ˈtøː/
töötöin,/ˈtøːtøi̯n/
uar,/ˈuɑr/
tööriista,/ˈtøːˌriːstɑ/
udava,/ˈudɑʋɑ/
ugleroda,/ˈuɡlerodɑ/
uhluu,/ˈuhluː/
uhluu,/ˈuhluː/
uhkiast,/ˈuhkiɑstɑ/
uhkiast,/ˈuhkiɑstɑ/
uhkua,/ˈuhkuɑ/
ujumalasti,/ˈujumɑˌlɑsti/
ujuttaa,/ˈujutːɑː/
ukonlookka,/ˈukonˌloːkːɑ/
ukontelki,/ˈukonˌtelki/
uks,/ˈuks/
ulkopooli,/ˈulkoˌpoːli/
ulissa,/ˈulisːɑ/
umpinain,/ˈumpinɑi̯ne/
-uli,/-uli/
uneksia,/ˈuneksiɑ/
umpisolmi,/ˈumpiˌsolmi/
universitetta,/ˈuniʋersitetːɑ/
unenhätä,/ˈunenˌhætæ/
upota,/ˈupotɑ/
upražnenja,/ˈuprɑʒnenjɑ/
uniin,/ˈunine/
Ural,/ˈurɑl/
urissa,/ˈurisːɑ/
ussia,/ˈusiɑ/
ussia,/ˈusijɑ/
-ut,/-ut/
-ut,/-ut/
-ut,/-ut/
-uri,/-uri/
uto,/ˈuto/
urine,/ˈurine/
uulatti,/ˈuːlɑtːi/
uulitsa,/ˈuːlit͡sɑ/
uskoa,/ˈuskoɑ/
uskoa,/ˈuskoɑ/
uulitsaal,/ˈuːlit͡sɑlːɑ/
uulitsaal,/ˈuːlit͡sɑlːɑ/
uuttuin,/ˈuːtːui̯ne/
uuttuin,/ˈuːtːui̯n/
Uusjoulu,/ˈuːsˌjou̯lu/
uutiin,/ˈuːtine/
uuttuleipä,/ˈuːtːuˌlei̯pæ/
uvaženja,/ˈuʋɑʒenjɑ/
vaaher,/ˈʋɑːher/
vaadulain,/ˈʋɑːdulɑi̯ne/
vaalia,/ˈʋɑːliɑ/
vaalia,/ˈʋɑːliɑ/
uutturahi,/ˈuːtːuˌrɑhi/
vaate,/ˈʋɑːte/
uve,/ˈuʋe/
vaatoittaa,/ˈʋɑːtoi̯tːɑː/
vaattoittaa,/ˈʋɑːtːoi̯tːɑː/
vahinko,/ˈʋɑhiŋko/
vaapukka,/ˈʋɑːpukːɑ/
vahti,/ˈʋɑhti/
vahti,/ˈʋɑhti/
vahata,/ˈʋɑhɑtɑ/
vahva,/ˈʋɑhʋɑ/
vahvistama,/ˈʋɑhʋistɑmɑ/
vaihtua,/ˈʋɑi̯htuɑ/
vadjalain,/ˈʋɑdʲːɑlɑi̯ne/
vaijaa,/ˈʋɑjɑː/
vaijaa,/ˈʋɑjɑː/
vaik,/ˈʋɑi̯k/
vaikka,/ˈʋɑi̯kːɑ/
vaijuus,/ˈʋɑjuːs/
vajota,/ˈʋɑjotɑ/
vaimo,/ˈʋɑi̯mo/
vakahain,/ˈʋɑkɑhɑi̯ne/
vakahain,/ˈʋɑkɑhɑi̯ne/
vaikia,/ˈʋɑi̯kiɑ/
valella,/ˈʋɑlelːɑ/
vala,/ˈʋɑlɑ/
valita,/ˈʋɑlitɑ/
vakka,/ˈʋɑkːɑ/
Valkia meri,/ˈʋɑlkiɑ ˈmeri/
Valja,/ˈʋɑlʲɑ/
vallaa,/ˈʋɑlɑː/
valkia,/ˈʋɑlkiɑ/
valkia,/ˈʋɑlkiɑ/
valmistaa,/ˈʋɑlmistɑː/
valssi,/ˈʋɑlsːi/
valkeus,/ˈʋɑlke.us/
vanhameeliin,/ˈʋɑnɑˌmeːline/
vanhatyttö,/ˈʋɑnɑˌtytːø/
vanhoittua,/ˈʋɑnoi̯tːuɑ/
valmis,/ˈʋɑlmis/
vankkurit,/ˈʋɑŋkːurit/
vannua,/ˈʋɑnːuɑ/
vannua,/ˈʋɑnuɑ/
vapaisus,/ˈʋɑpɑi̯sus/
vara,/ˈʋɑrɑ/
vapattaa,/ˈʋɑpɑtːɑː/
varajooni,/ˈʋɑrɑjoːni/
varamuna,/ˈʋɑrɑˌmunɑ/
varis,/ˈʋɑris/
varis,/ˈʋɑrisːɑ/
varislintu,/ˈʋɑrisˌlintu/
varenja,/ˈʋɑrenjɑ/
varitauti,/ˈʋɑriˌtɑu̯ti/
varjostaa,/ˈʋɑrjostɑː/
varjo,/ˈʋɑrjo/
varjota,/ˈʋɑrjotɑ/
varpaiset,/ˈʋɑrpɑi̯set/
Varju,/ˈʋɑrʲu/
vasikka,/ˈʋɑsikːɑ/
varskenkä,/ˈʋɑrsiˌkeŋkæ/
varspihet,/ˈʋɑrsiˌpihet/
vaskilauta,/ˈʋɑskiˌlɑu̯tɑ/
vaski,/ˈʋɑski/
vastaa,/ˈʋɑstɑː/
vastaa,/ˈʋɑstɑː/
vastaa,/ˈʋɑstɑː/
vaskimato,/ˈʋɑskiˌmɑto/
vastaranta,/ˈʋɑstɑˌrɑntɑ/
vasse,/ˈʋɑsːe/
vasse,/ˈʋɑsːe/
vastavirta,/ˈʋɑstɑˌʋirtɑ/
vastikkää,/ˈʋɑstˌikæː/
vatruška,/ˈʋɑtruʃkɑ/
vatsa,/ˈʋɑt͡sɑ/
vauhti,/ˈʋɑu̯hti/
vatiera,/ˈʋɑti.erɑ/
vatsakas,/ˈʋɑt͡sɑkɑs/
vavanjalka,/ˈʋɑʋɑnˌjɑlkɑ/
Veera,/ˈʋeːrɑ/
veel,/ˈʋeːl/
veel,/ˈʋe.el/
veenost,/ˈʋeːnostɑ/
veenost,/ˈʋeːnostɑ/
veel kerran,/ˈʋeːl ˈkerːɑn/
veeraaks,/ˈʋeːrɑːkse/
veeraaks,/ˈʋeːrɑːkse/
veeraaks,/ˈʋeːrɑːkse/
veerukas,/ˈʋeːrukɑs/
veerukas,/ˈʋeːrukɑs/
veerais,/ˈʋeːrɑi̯sːɑ/
veerais,/ˈʋeːrɑi̯sːɑ/
veerais,/ˈʋeːrɑi̯sːɑ/
veesti,/ˈʋeːsti/
veerettää,/ˈʋeːretːæː/
veešalka,/ˈʋeːʃɑlkɑ/
Vehkasoo,/ˈʋehkɑˌsoː/
veeru,/ˈʋeːru/
veeru,/ˈʋeːru/
veha,/ˈʋehɑ/
velka,/ˈʋelkɑ/
vehnäin,/ˈʋehnæi̯ne/
veiterä,/ˈʋei̯teræ/
vellain,/ˈʋelːɑi̯ne/
veitsi,/ˈʋei̯t͡si/
vennua,/ˈʋenuɑ/
vennä,/ˈʋenːæ/
vennänoora,/ˈʋenːæˌnoːrɑ/
venäkkö,/ˈʋenækːø/
venokka,/ˈʋenokːɑ/
venäläin,/ˈʋenælæi̯ne/
venäläin,/ˈʋenælæi̯ne/
Vera,/ˈʋerɑ/
verbljuda,/ˈʋerblʲudɑ/
Venät,/ˈʋenæt/
verimato,/ˈʋeriˌmɑto/
verha,/ˈʋerɑ/
verikammari,/ˈʋeriˌkɑmːɑri/
veripallo,/ˈʋeriˌpɑlːo/
veritauti,/ˈʋeriˌtɑu̯ti/
verisooni,/ˈʋeriˌsoːni/
veretöin,/ˈʋeretøi̯n/
veräjä,/ˈʋeræjæ/
vers,/ˈʋirsi/
vesiemä,/ˈʋesiˌemæ/
vesiemäntä,/ˈʋesiˌemæntæ/
versu,/ˈʋersu/
verövä,/ˈʋerøʋæ/
vesikaavi,/ˈʋesiˌkɑːʋi/
vesiitikkain,/ˈʋesiˌitikːɑi̯ne/
vesimaonkotain,/ˈʋesiˌmɑonˌkotɑi̯ne/
vesiopokka,/ˈʋesiˌopokːɑ/
vesikulli,/ˈʋesiˌkulːi/
vesseläst,/ˈʋesːelæstæ/
vesseläst,/ˈʋesːelæstæ/
vesihöyry,/ˈʋesiˌhøy̯ry/
vetka,/ˈʋetkɑ/
vesivilli,/ˈʋesiˌʋilːi/
vesselys,/ˈʋesːelys/
vetelys,/ˈʋetelys/
viha,/ˈʋihɑ/
vettyä,/ˈʋetːyæ/
viherä,/ˈʋiheræ/
veättää,/ˈʋeætːæː/
vihmakaari,/ˈʋihmɑˌkɑːri/
veto,/ˈʋeto/
vihmapäivä,/ˈʋihmɑˌpæi̯ʋæ/
viheltää,/ˈʋiheltæː/
viijeskymmenäs,/ˈʋiːjesˌkymːenæs/
viikolliin,/ˈʋiːkolːine/
vihko,/ˈʋihko/
viiliä,/ˈʋiːliæ/
viinamarja,/ˈʋiːnɑˌmɑrjɑ/
viholain,/ˈʋiholɑi̯ne/
vihta,/ˈʋihtɑ/
Viipuri,/ˈʋiːpuri/
viiruittaa,/ˈʋiːrui̯tːɑː/
viiru,/ˈʋiːru/
viiru,/ˈʋiːru/
viisas,/ˈʋiːsɑs/
viistoist kymmenäs,/ˈʋiːstoi̯stɑ ˈkymːenæs/
viittä,/ˈʋiːtːæ/
viittä,/ˈʋiːtːæ/
vika,/ˈʋikɑ/
viirukas,/ˈʋiːrukɑs/
vilahus,/ˈʋilɑhus/
vilkas,/ˈʋilkɑs/
viišnjäpuu,/ˈʋiːʃnʲæˌpuː/
villakukka,/ˈʋilːɑˌkukːɑ/
viksi,/ˈʋiksi/
viljä,/ˈʋiljæ/
vilkka,/ˈʋilkːɑ/
villapaita,/ˈʋilːɑˌpɑi̯tɑ/
villalammas,/ˈʋilːɑˌlɑmːɑs/
villakas,/ˈʋilːɑkɑs/
villaleve,/ˈʋilːɑˌleʋe/
vinka,/ˈʋiŋkɑ/
vingertää,/ˈʋiŋɡertæː/
virehtiä,/ˈʋirehtiæ/
vire,/ˈʋire/
villata,/ˈʋilːɑtɑ/
vinteli,/ˈʋinteli/
virite,/ˈʋirite/
vintovka,/ˈʋintofkɑ/
viro,/ˈʋiro/
virta,/ˈʋirtɑ/
vittu,/ˈʋitːu/
virittää,/ˈʋiritːæː/
vitsain,/ˈʋit͡sɑi̯ne/
voijella,/ˈʋoi̯jelːɑ/
viuhkaa,/ˈʋiu̯hkɑː/
viuhkaa,/ˈʋiu̯hkɑː/
vitsaaita,/ˈʋit͡sɑˌɑi̯tɑ/
voiliitti,/ˈʋoi̯ˌliːtːi/
vladenja,/ˈʋlɑdenjɑ/
voikirnu,/ˈʋoi̯kirnu/
voitua,/ˈʋoi̯tuɑ/
voimistua,/ˈʋoi̯mistuɑ/
voituin,/ˈʋoi̯tui̯ne/
voiseeni,/ˈʋoi̯ˌseːni/
voiska,/ˈʋoi̯skɑ/
voohi,/ˈʋoːhi/
voljnitsa,/ˈʋolʲnit͡sɑ/
vokalapohja,/ˈʋokɑlɑˌpohjɑ/
voonnain,/ˈʋoːnːɑi̯ne/
voos voovvelt,/ˈʋoːs ˈʋoːʋːeltɑ/
vooro,/ˈʋoːro/
voovvenvarsa,/ˈʋoːʋːenˌʋɑrsɑ/
vot,/ˈʋot/
vootta,/ˈʋoːtːɑ/
vurra,/ˈʋurːɑ/
votka,/ˈʋotkɑ/
vyyhtipuu,/ˈʋyːhtiˌpuː/
vyyhti,/ˈʋyːhti/
vähentämiin,/ˈʋæhentæmine/
vähentämiin,/ˈʋæhentæmine/
vähäramoin,/ˈʋæhæˌrɑmoi̯ne/
vähälumiin,/ˈʋæhæˌlumine/
väittää,/ˈʋæi̯tːæː/
vähämeeliin,/ˈʋæhæˌmeːline/
välin,/ˈʋælin/
välin,/ˈʋælin/
väljää,/ˈʋæljæː/
väljää,/ˈʋæljæː/
väkkäräpuu,/ˈʋækːæræˌpuː/
välil,/ˈʋælilːæ/
välil,/ˈʋælilːæ/
värttänä,/ˈʋærtːænæ/
vällii,/ˈʋæliː/
vällii,/ˈʋæliː/
vällii,/ˈʋæliːsːe/
västö,/ˈʋæstø/
västölintu,/ˈʋæstøˌlintu/
väärys,/ˈʋæːrys/
Vökö,/ˈʋøkø/
yheksän,/ˈyheksæn/
yheksikkö,/ˈyheksikːø/
Vöglä,/ˈʋøɡlæ/
yhtehys,/ˈyhtehys/
yhenlain,/ˈyhenlɑi̯ne/
yhtää,/ˈyhtæː/
yhtein,/ˈyhtei̯ne/
yheksäntoist,/ˈyheksæntoi̯stɑ/
yksslogain,/ˈyksˌsloɡɑi̯ne/
ykstoist,/ˈykstoi̯stɑ/
yksintää,/ˈyksintæː/
ylempäin,/ˈylempæi̯ne/
ykskolmatta,/ˈyksˌkolmɑtːɑ/
ylileuka,/ˈyliˌleu̯kɑ/
ylentää,/ˈylentæː/
ylemmäs,/ˈylemːæs/
ylläälle,/ˈylæːlːe/
yllää,/ˈylæː/
ylänkö,/ˈylæŋkø/
ylä-,/ˈylæ-/
yläselys,/ˈylæˌselys/
ympäröittää,/ˈympærøi̯tːæː/
yrittää,/ˈyritːæː/
ympyrkäin,/ˈympyrkæi̯ne/
ylpiä,/ˈylpiæ/
-yri,/-yri/
-yt,/-yt/
-yt,/-yt/
-yt,/-yt/
zanaveska,/ˈzɑnɑʋeskɑ/
zveeri,/ˈzʋeːri/
-yys,/-yːs/
zoona,/ˈzoːnɑ/
ägrämöin,/ˈæɡræmøi̯ne/
žaarittaa,/ˈʒɑːritːɑː/
Äijäpyhä,/ˈæi̯jæˌpyhæ/
äijöin,/ˈæi̯jøi̯n/
žaalivoija,/ˈʒɑːliʋoi̯jɑ/
Äijäpäiväöö,/ˈæi̯jæˌpæi̯ʋæˌøː/
-ä,/-æ/
-ä,/-æ/
ängeli,/ˈæŋɡeli/
änkkelä,/ˈæŋkːelæ/
äkätä,/ˈækætæ/
ärnää,/ˈærnæː/
ätitöin,/ˈætitøi̯n/
ässä,/ˈæsːæ/
äänetöin,/ˈæːnetøi̯n/
äänekäs,/ˈæːnekæs/
äänisostava,/ˈæːniˌsostɑʋɑ/
ätälikko,/ˈætælikːo/
-ö,/-ø/
-ö,/-ø/
äänikeeli,/ˈæːniˌkeːli/
öksyä,/ˈøksyæ/
öökaus,/ˈøːˌkɑu̯s/
ööeitsi,/ˈøːˌei̯t͡si/
öölaakko,/ˈøːˌlɑːkːo/
öö,/ˈøː/
örinä,/ˈørinæ/
öölapakko,/ˈøːˌlɑpɑkːo/
aivan,/ˈɑi̯ʋɑn/
aivan,/ˈɑi̯ʋɑn/
alemmas,/ˈɑlemːɑs/
ajatella,/ˈɑjɑˌtelːɑ/
alkua,/ˈɑlkuɑ/
alkua,/ˈɑlkuɑ/
alakuloin,/ˈɑlɑˌkuloi̯ne/
alkutulo,/ˈɑlkuˌtulo/
ammultaa,/ˈɑmːultɑː/
allaal,/ˈɑlɑːlːɑ/
alaisin,/ˈɑlɑi̯sin/
allas,/ˈɑlːɑs/
antaa käpälää,/ˈɑntɑː ˈkæpælæː/
ansoitella,/ˈɑnsoi̯telːɑ/
arkipäivä,/ˈɑrkiˌpæi̯ʋæ/
arka,/ˈɑrkɑ/
anne,/ˈɑnːe/
arššina,/ˈɑrʃːinɑ/
astavoija,/ˈɑstɑʋoi̯jɑ/
atlassi,/ˈɑtlɑsːi/
avomeri,/ˈɑʋoˌmeri/
arpuli,/ˈɑrpuli/
assia,/ˈɑsiɑ/
barabaanitella,/ˈbɑrɑbɑːnitelːɑ/
bygrä,/ˈbyɡræ/
buju,/ˈbuju/
cihissä,/ˈt͡ʃihisːæ/
cikertäjä,/ˈt͡ʃikertæjæ/
Daro,/ˈdɑro/
bocka,/ˈbot͡ʃkɑ/
doktori,/ˈdoktori/
durakka,/ˈdurɑkːɑ/
durakka,/ˈdurɑkːɑ/
durakka,/ˈdurɑkːɑ/
elokasvalkulain,/ˈelokɑsˌʋɑlkulɑi̯ne/
ehtiä,/ˈehtiæ/
emikko,/ˈemikːo/
cuma,/ˈt͡ʃumɑ/
elämiin,/ˈelæmine/
elämiin,/ˈelæmine/
elämiin,/ˈelæmiːn/
ensimäiseks,/ˈensimæi̯sekse/
ennen,/ˈenːen/
ennen,/ˈenːen/
erikko,/ˈerikːo/
eroittaissa,/ˈeroi̯tːɑi̯sːɑ/
emämuna,/ˈemæˌmunɑ/
esisana,/ˈesiˌsɑnɑ/
eripainoin,/ˈeriˌpɑi̯noi̯ne/
etähäin,/ˈetæhæi̯ne/
etes,/ˈetes/
etevä,/ˈeteʋæ/
etes takas,/ˈetes ˈtɑkɑs/
garmoni,/ˈɡɑrmoni/
gornicnoi,/ˈɡornit͡ʃnoi̯/
gulju-gulju,/ˈɡulʲu ˈɡulʲu/
gortsa,/ˈɡort͡sɑ/
haluta,/ˈhɑlutɑ/
haikottaa,/ˈhɑi̯kotːɑː/
harkki,/ˈhɑrkːi/
haro,/ˈhɑro/
hapannoittaa,/ˈhɑpɑnːoi̯tːɑː/
hapantua,/ˈhɑpɑntuɑ/
havahtua,/ˈhɑʋɑhtuɑ/
helähytellä,/ˈhelæhytelːæ/
hengätä,/ˈheŋɡætæ/
heinäsaraja,/ˈhei̯næˌsɑrɑjɑ/
hiestyä,/ˈhiestyæ/
havaita,/ˈhɑʋɑi̯tɑ/
helähtää,/ˈhelæhtæː/
hohlikko,/ˈhohlikːo/
hiirakka,/ˈhiːrɑkːɑ/
hiirakka,/ˈhiːrɑkːɑ/
hiisi,/ˈhiːsi/
hohlittaa,/ˈhohlitːɑː/
honkapetäjä,/ˈhoŋkɑˌpetæjæ/
hoodra,/ˈhoːdrɑ/
huitsuttaa,/ˈhui̯t͡sutːɑː/
hovilain,/ˈhoʋilɑi̯ne/
hoopakenkä,/ˈhoːpɑˌkeŋkæ/
hummar,/ˈhumːɑr/
hypittää,/ˈhypitːæː/
hypätä,/ˈhypætæ/
hyymä,/ˈhyːmæ/
häylyä,/ˈhæy̯lyæ/
hupelo,/ˈhupelo/
Hyvvää Uutta Vootta!,/ˈhyʋæː ˈuːtːɑ ˈʋoːtːɑ/
hänelle,/ˈhænelːe/
hämärtää,/ˈhæmærtæː/
-hää,/-hæː/
ilman,/ˈilmɑn/
ilman,/ˈilmɑn/
ilman,/ˈilmɑn/
höbliä,/ˈhøbliæ/
höbliä,/ˈhøblijæ/
imettää,/ˈimetːæː/
iimenaiset,/ˈiːmenɑi̯set/
ikähiin,/ˈikæhine/
ikähiin,/ˈikæhine/
ikähiin,/ˈikæhine/
ilvessusi,/ˈilʋesˌsusi/
Indokitaja,/ˈindokitɑjɑ/
istuissa,/ˈistui̯sːɑ/
istuussa,/ˈistuːsːɑ/
inmihiin,/ˈin.mihine/
irissä,/ˈirisːæ/
inessiva,/ˈinesːiʋɑ/
jaanimato,/ˈjɑːniˌmɑto/
Itä-Europpa,/ˈitæˌeu̯ropːɑ/
jalkatauti,/ˈjɑlkɑˌtɑu̯ti/
jalalle,/ˈjɑlɑlːe/
janvarikuu,/ˈjɑnʋɑriˌkuː/
Ivana,/ˈiʋɑnɑ/
jauhottaa,/ˈjɑu̯hotːɑː/
jolkka,/ˈjolkːɑ/
joutsut,/ˈjou̯t͡sut/
jeppiskoppi,/ˈjepːiskopːi/
jermakka,/ˈjermɑkːɑ/
jälkisana,/ˈjælkiˌsɑnɑ/
jurtta,/ˈjurtːɑ/
jälel,/ˈjælelːæ/
jälel,/ˈjælelːæ/
jälel,/ˈjælelːæ/
jäsen,/ˈjæsen/
jyryttää,/ˈjyrytːæː/
-k,/-k/
jälelt,/ˈjæleltæ/
jälelt,/ˈjæleltæ/
jää,/ˈjæː/
jää,/ˈjæː/
kaglapiiluu,/ˈkɑɡlɑˌpiːˌluː/
kaara,/ˈkɑːrɑ/
kaappi,/ˈkɑːpːi/
kahenlain,/ˈkɑhenlɑi̯ne/
kakku,/ˈkɑkːu/
kaivata,/ˈkɑi̯ʋɑtɑ/
kakstoist,/ˈkɑkstoi̯stɑ/
kalamees,/ˈkɑlɑˌmeːs/
kaglaosa,/ˈkɑɡlɑˌosɑ/
Kanada,/ˈkɑnɑdɑ/
karassibocka,/ˈkɑrɑsːiˌbot͡ʃkɑ/
kalkki,/ˈkɑlkːi/
Karjala,/ˈkɑrjɑlɑ/
katol,/ˈkɑtolːɑ/
karjankasvattaja,/ˈkɑrjɑnˌkɑsʋɑtːɑjɑ/
karpolo,/ˈkɑrpolo/
keeltää,/ˈkeːltæː/
keltarinta,/ˈkeltɑˌrintɑ/
keltavästö,/ˈkeltɑˌʋæstø/
karstavoije,/ˈkɑrstɑˌʋoi̯je/
keltain,/ˈkeltɑi̯ne/
keltain,/ˈkeltɑi̯ne/
kerrääjä,/ˈkeræːjæ/
kerralle,/ˈkerːɑlːe/
Kikoria,/ˈkikoriɑ/
kirahuttaa,/ˈkirɑhutːɑː/
kiintiäst,/ˈkiːntiæstæ/
kiintiäst,/ˈkiːntiæstæ/
kirjakans,/ˈkirjɑˌkɑns/
kili,/ˈkili/
kili,/ˈkili/
kesäaika,/ˈkesæˌɑi̯kɑ/
kivekäs,/ˈkiʋekæs/
Kitaja,/ˈkitɑjɑ/
kivikippu,/ˈkiʋiˌkipːu/
kliimatta,/ˈkliːmɑtːɑ/
-kkäin,/-kːæi̯ne/
kolrabi,/ˈkolrɑbi/
kirkka,/ˈkirkːɑ/
koma,/ˈkomɑ/
kommunista,/ˈkomːunistɑ/
komparativa,/ˈkompɑrɑtiʋɑ/
kons,/ˈkons/
kons,/ˈkons/
koltkolmatta,/ˈkoltˌkolmɑtːɑ/
konservat,/ˈkonserʋɑt/
kopjo,/ˈkopjo/
koolla,/ˈkoːlːɑ/
kormuna,/ˈkormunɑ/
kosa,/ˈkosɑ/
koristaa,/ˈkoristɑː/
korolintu,/ˈkoroˌlintu/
Koskiset,/ˈkoskiset/
kräntsi,/ˈkrænt͡si/
kozeri,/ˈkozeri/
kukkua,/ˈkukːuɑ/
kraaska,/ˈkrɑːskɑ/
kultain,/ˈkultɑi̯ne/
krappuissa,/ˈkrɑpui̯sːɑ/
kunne,/ˈkunːe/
kuponi,/ˈkuponi/
kumpain,/ˈkumpɑi̯ne/
kutsu,/ˈkut͡su/
kutsu,/ˈkut͡su/
kurttaa,/ˈkurtːɑː/
kuurnitsa,/ˈkuːrnit͡sɑ/
kurtella,/ˈkurtelːɑ/
kuulustaa,/ˈkuːlustɑː/
kutuhaili,/ˈkutuˌhɑi̯li/
kuusipäre,/ˈkuːsiˌpære/
kylellää,/ˈkylelːæː/
kuveliha,/ˈkuʋeˌlihɑ/
kuvittaa,/ˈkuʋitːɑː/
kylänluku,/ˈkylænˌluku/
-kymment,/-kymːentæ/
kyntää,/ˈkyntæː/
kylmä,/ˈkylmæ/
kylmä,/ˈkylmæ/
käskytöö,/ˈkæskytøː/
kyyttö,/ˈkyːtːø/
käkö,/ˈkækø/
laa,/ˈlɑː/
kävelykeppi,/ˈkæʋelyˌkepːi/
lahantka,/ˈlɑhɑntkɑ/
kärsä,/ˈkærsæ/
lammia,/ˈlɑmiɑ/
lapsi,/ˈlɑpsi/
lahjoittaa,/ˈlɑhjoi̯tːɑː/
lammaskarja,/ˈlɑmːɑsˌkɑrjɑ/
lapsukkain,/ˈlɑpsukːɑi̯ne/
lastikka,/ˈlɑstikːɑ/
laukka,/ˈlɑu̯kːɑ/
leikattu,/ˈlei̯kɑtːu/
laulu,/ˈlɑu̯lu/
lautta,/ˈlɑu̯tːɑ/
leinata,/ˈlei̯nɑtɑ/
lentävälaps,/ˈlentæʋæˌlɑps/
lemissä,/ˈlemisːæ/
lello,/ˈlelːo/
leskimees,/ˈleskiˌmeːs/
leikko,/ˈlei̯kːo/
levätä,/ˈleʋætæ/
liivamytty,/ˈliːʋɑˌmytːy/
liitsaal,/ˈliːt͡sɑlːɑ/
liitsaal,/ˈliːt͡sɑlːɑ/
looti,/ˈloːti/
linja,/ˈlinjɑ/
linnakko,/ˈlinːɑkːo/
lounain,/ˈlou̯nɑi̯ne/
loottiissa,/ˈloːtːiːsːɑ/
liukata,/ˈliu̯kɑtɑ/
lippu,/ˈlipːu/
loukku,/ˈlou̯kːu/
loukku,/ˈlou̯kːu/
luikko,/ˈlui̯kːo/
lukija,/ˈlukijɑ/
lämmetä,/ˈlæmːetæ/
lypsää,/ˈlypsæː/
lämmitä,/ˈlæmːitæ/
lumimäki,/ˈlumiˌmæki/
maailman,/ˈmɑːˌilmɑn/
maailman,/ˈmɑːˌilmɑn/
maanpääliin,/ˈmɑːnˌpæːline/
lässiä,/ˈlæsiæ/
maakangas,/ˈmɑːˌkɑŋɡɑs/
mahtua,/ˈmɑhtuɑ/
maistaa,/ˈmɑi̯stɑː/
maistaa,/ˈmɑi̯stɑː/
mahutella,/ˈmɑhutelːɑ/
maamunakookka,/ˈmɑːˌmunɑˌkoːkːɑ/
materiala,/ˈmɑteriɑlɑ/
maitouuttu,/ˈmɑi̯toˌuːtːu/
matkut,/ˈmɑtkut/
meijet,/ˈmei̯jet/
marjapehko,/ˈmɑrjɑˌpehko/
meestä,/ˈmeːstæ/
metso,/ˈmet͡so/
merielokas,/ˈmeriˌelokɑs/
metsäkili,/ˈmet͡sæˌkili/
metsätäti,/ˈmet͡sæˌtæti/
miljona,/ˈmiljonɑ/
mitta,/ˈmitːɑ/
milläin,/ˈmilːæi̯ne/
morski,/ˈmorski/
miun,/ˈmiu̯n/
moittia,/ˈmoi̯tːiɑ/
muissuttaa,/ˈmui̯sːutːɑː/
muistavalliin,/ˈmui̯stɑʋɑlːine/
muskuli,/ˈmuskuli/
mukertaa söövvä,/ˈmukertɑː ˈsøːʋːæ/
muuzьkka,/ˈmuːzɨkːɑ/
murniin,/ˈmurniːn/
murniin,/ˈmurniːn/
muutto,/ˈmuːtːo/
mätäpää,/ˈmætæˌpæː/
mörnäksennellä,/ˈmørnæksenːelːæ/
naakka,/ˈnɑːkːɑ/
mätäs,/ˈmætæs/
-mäin,/-mæi̯ne/
nagriskapusta,/ˈnɑɡrisˌkɑpustɑ/
möötä,/ˈmøːtæ/
nakku,/ˈnɑkːu/
nahkasiippo,/ˈnɑhkɑˌsiːpːo/
neiti,/ˈnei̯ti/
nas,/ˈnɑsːɑ/
nas,/ˈnɑsːɑ/
neito,/ˈnei̯to/
nahkasiipi,/ˈnɑhkɑˌsiːpi/
nast,/ˈnɑstɑ/
nast,/ˈnɑstɑ/
njokahtaa,/ˈnʲokɑhtɑː/
niittää,/ˈniːtːæː/
niiska,/ˈniːskɑ/
notko,/ˈnotko/
notko,/ˈnotko/
noiso,/ˈnoi̯so/
nyrkki,/ˈnyrkːi/
nisu,/ˈnisu/
nännä,/ˈnænːæ/
nälkänoita,/ˈnælkæˌnoi̯tɑ/
noor,/ˈnoːr/
ohjata,/ˈohjɑtɑ/
ohotta,/ˈohotːɑ/
odra,/ˈodrɑ/
ojata,/ˈojɑtɑ/
olkimytty,/ˈolkiˌmytːy/
näät,/ˈnæːt/
näät,/ˈnæːt/
näät,/ˈnæːt/
näät,/ˈnæːt/
olt,/ˈolt/
olt,/ˈolt/
oopьtta,/ˈoːpɨtːɑ/
osata,/ˈosɑtɑ/
olimma,/ˈolimːɑ/
osittee,/ˈositːeː/
ounapuu,/ˈou̯nɑˌpuː/
pahain,/ˈpɑhɑi̯ne/
painotoin,/ˈpɑi̯notoi̯n/
paissahtaa,/ˈpɑi̯sːɑhtɑː/
Palokas,/ˈpɑlokɑs/
paltti,/ˈpɑltːi/
Oto,/ˈotoi̯/
padeža,/ˈpɑdeʒɑ/
paravoza,/ˈpɑrɑʋozɑ/
paksu,/ˈpɑksu/
pariskunta,/ˈpɑrisˌkuntɑ/
parsi,/ˈpɑrsi/
pehmitös,/ˈpehmitøs/
parahoda,/ˈpɑrɑhodɑ/
palvata,/ˈpɑlʋɑtɑ/
peremees,/ˈpereˌmeːs/
pelsimet,/ˈpelsimet/
peeniks,/ˈpeːnikse/
peräjälkiä,/ˈperæˌjælkiæ/
persikka,/ˈpersikːɑ/
pertti,/ˈpertːi/
peregnoi,/ˈpereɡnoi̯/
peukolo,/ˈpeu̯kolo/
perätystee,/ˈperætysteː/
piimä,/ˈpiːmæ/
piirakat,/ˈpiːrɑkɑt/
pettypiimä,/ˈpetːyˌpiːmæ/
petkele,/ˈpetkele/
pilluri,/ˈpilːuri/
pintamaanalus,/ˈpintɑˌmɑːnˌɑlus/
pikkaruikkuin,/ˈpikːɑrui̯kːui̯ne/
pitentää,/ˈpitentæː/
plikata,/ˈplikɑtɑ/
pohjimain,/ˈpohjimɑi̯ne/
pisse,/ˈpisːe/
plotina,/ˈplotinɑ/
pittuussteeppeni,/ˈpituːsˌsteːpːeni/
poissi,/ˈpoi̯sːi/
pohmeloittaa,/ˈpohmeloi̯tːɑː/
poikkee,/ˈpoi̯kːeː/
poolosti,/ˈpoːlosti/
pribora,/ˈpriborɑ/
poskipää,/ˈposkiˌpæː/
puinna,/ˈpui̯nːɑ/
pulmalaulu,/ˈpulmɑˌlɑu̯lu/
punain seestarain,/ˈpunɑi̯ne ˈseːstɑrɑi̯ne/
punapääopokka,/ˈpunɑˌpæːˌopokːɑ/
pritana,/ˈpritɑnɑ/
prostoi,/ˈprostoi̯/
pusertaa,/ˈpusertɑː/
pyhänpanekki,/ˈpyhænˌpɑnekːi/
puristaa,/ˈpuristɑː/
pyy,/ˈpyː/
päivälintu,/ˈpæi̯ʋæˌlintu/
punnoa,/ˈpunːoɑ/
päähiäin,/ˈpæːhijæi̯ne/
pärepuu,/ˈpæreˌpuː/
pätkä,/ˈpætkæ/
pääl,/ˈpæːlːæ/
pääl,/ˈpæːlːæ/
pääl,/ˈpæːlːæ/
pääl,/ˈpæːlːæ/
pärnä,/ˈpærnæ/
päätauti,/ˈpæːˌtɑu̯ti/
pääskylintu,/ˈpæːskyˌlintu/
päähkänäpuu,/ˈpæːhkænæˌpuː/
pörömälliin,/ˈpørømælːine/
pään,/ˈpæːn/
pään,/ˈpæːn/
rae,/ˈrɑe/
pöllyin,/ˈpølːyi̯ne/
pöllyin,/ˈpølːyi̯n/
rakentaa,/ˈrɑkentɑː/
rakentaa,/ˈrɑkentɑː/
rahakukkoro,/ˈrɑhɑˌkukːoro/
rahvas,/ˈrɑhʋɑs/
raae,/ˈrɑːe/
rantatee,/ˈrɑntɑˌteː/
rapa,/ˈrɑpɑ/
rampa,/ˈrɑmpɑ/
rasvakas,/ˈrɑsʋɑkɑs/
ravata,/ˈrɑʋɑtɑ/
Reimisaari,/ˈrei̯misɑːri/
raskas,/ˈrɑskɑs/
reteli,/ˈreteli/
reunimain,/ˈreu̯nimɑi̯ne/
riijellä,/ˈriːjelːæ/
rihmakaarto,/ˈrihmɑˌkɑːrto/
razdela,/ˈrɑzdelɑ/
rohokas,/ˈrohokɑs/
rootsi,/ˈroːt͡si/
rissimä,/ˈrisːimæ/
rove,/ˈroʋe/
ripsu,/ˈripsu/
ruhvi,/ˈruhʋi/
rooku,/ˈroːku/
rysävene,/ˈrysæˌʋene/
rystys,/ˈrystys/
rььžoi,/ˈrɨːʒoi̯/
röhkiä,/ˈrøhkiæ/
saari,/ˈsɑːri/
saauttaa,/ˈsɑːutːɑː/
sapsu,/ˈsɑpsu/
saha,/ˈsɑhɑ/
saraja,/ˈsɑrɑjɑ/
sammal,/ˈsɑmːɑl/
saraffana,/ˈsɑrɑfːɑnɑ/
saviin,/ˈsɑʋine/
satuloittaa,/ˈsɑtuloi̯tːɑː/
savvuta,/ˈsɑʋːutɑ/
seestaraisripsu,/ˈseːstɑrɑi̯sˌripsu/
selsovetti,/ˈselsoʋetːi/
sebra,/ˈsebrɑ/
seisohtaa,/ˈsei̯sohtɑː/
seisohtaa,/ˈsei̯sohtɑː/
siansorkka,/ˈsiɑnˌsorkːɑ/
seilata,/ˈsei̯lɑtɑ/
siima,/ˈsiːmɑ/
semmoin,/ˈsemːoi̯ne/
siint,/ˈsiːntæ/
siint,/ˈsiːntæ/
sisusskiletti,/ˈsisusˌskiletːi/
sisusorgana,/ˈsisusˌorɡɑnɑ/
sliivi,/ˈsliːʋi/
silta,/ˈsiltɑ/
sikuri,/ˈsikuri/
soeta,/ˈsoetɑ/
sohva,/ˈsohʋɑ/
sinis,/ˈsinis/
sokkia,/ˈsokiɑ/
sokkia,/ˈsokːijɑ/
sormenpäähiäin,/ˈsormenˌpæːhijæi̯ne/
sotamees,/ˈsotɑˌmeːs/
soittaa,/ˈsoi̯tːɑː/
sotaväki,/ˈsotɑˌʋæki/
soomi,/ˈsoːmi/
stiha,/ˈstihɑ/
-sto,/-sto/
suto,/ˈsuto/
starikka,/ˈstɑrikːɑ/
sukunimi,/ˈsukuˌnimi/
suurlukuin,/ˈsuːrˌlukui̯ne/
Suurpyhä,/ˈsuːrˌpyhæ/
sukurikukka,/ˈsukuriˌkukːɑ/
suuremp,/ˈsuːrempi/
suuto,/ˈsuːto/
suvvaamiin,/ˈsuʋɑːmine/
suvvaamiin,/ˈsuʋɑːmine/
synni,/ˈsynːi/
syvä,/ˈsyʋæ/
säkille,/ˈsækilːe/
sänki,/ˈsæŋki/
šnääkki,/ˈʃnæːkːi/
säyne,/ˈsæy̯ne/
šolkkia,/ˈʃolkːiɑ/
šolkkia,/ˈʃolkːijɑ/
šutti,/ˈʃutːi/
taale,/ˈtɑːle/
šolissa,/ˈʃolisːɑ/
söötellä,/ˈsøːtelːæ/
talja,/ˈtɑljɑ/
taas,/ˈtɑːs/
talkkuna,/ˈtɑlkːunɑ/
tammipäähkänä,/ˈtɑmːiˌpæːhkænæ/
tappimet,/ˈtɑpːimet/
tarkkaa,/ˈtɑrkːɑː/
tarkkaa,/ˈtɑrkːɑː/
talvipaljtto,/ˈtɑlʋiˌpɑlʲtːo/
tavallisest,/ˈtɑʋɑlˌlisestɑ/
tavallisest,/ˈtɑʋɑlˌlisestɑ/
terve,/ˈterʋe/
tiijustaa,/ˈtiːjustɑː/
tiippa,/ˈtiːpːɑ/
toest,/ˈtoestɑ/
toest,/ˈtoestɑ/
toest,/ˈtoestɑ/
too,/ˈtoː/
too,/ˈtoː/
too,/ˈtoː/
too,/ˈtoː/
toittaa,/ˈtoi̯tːɑː/
toohimerta,/ˈtoːhiˌmertɑ/
toittu,/ˈtoi̯tːu/
tilkuttaa,/ˈtilkutːɑː/
torgumees,/ˈtorɡuˌmeːs/
tsifra,/ˈt͡sifrɑ/
toore,/ˈtoːre/
tunnustaa,/ˈtunːustɑː/
tsirkka,/ˈt͡sirkːɑ/
tuntomerkki,/ˈtuntoˌmerkːi/
tuulla,/ˈtuːlːɑ/
tytökkäin,/ˈtytøkːæi̯ne/
tänäpäiväin,/ˈtænæˌpæi̯ʋæi̯ne/
tänäpään,/ˈtænæpæːn/
tuttava,/ˈtutːɑʋɑ/
tuttava,/ˈtutːɑʋɑ/
udarnikka,/ˈudɑrnikːɑ/
törkätä,/ˈtørkætæ/
törkätä,/ˈtørkætæ/
uijua,/ˈujuɑ/
tööreki,/ˈtøːˌreki/
törissä,/ˈtørisːæ/
uksi,/ˈuksi/
unekas,/ˈunekɑs/
Ukraina,/ˈukrɑi̯nɑ/
upotos,/ˈupoːtos/
uupakas,/ˈuːpɑkɑs/
umpikulju,/ˈumpiˌkulju/
vaadu,/ˈʋɑːdu/
vahvissella,/ˈʋɑhʋisːelːɑ/
vahvus,/ˈʋɑhʋus/
vaivakas,/ˈʋɑi̯ʋɑkɑs/
vajeta,/ˈʋɑjetɑ/
vanhentua,/ˈʋɑnentuɑ/
vai,/ˈʋɑi̯/
vanhentaa,/ˈʋɑnentɑː/
varassella,/ˈʋɑrɑsˌselːɑ/
varistaa,/ˈʋɑristɑː/
valkiaas,/ˈʋɑlkiɑsːɑ/
valkiaas,/ˈʋɑlkiɑsːɑ/
valjastaa,/ˈʋɑljɑstɑː/
varastaa,/ˈʋɑrɑstɑː/
vannepyssy,/ˈʋɑnːeˌpysːy/
vaskinyblä,/ˈʋɑskiˌnyblæ/
veetellä,/ˈʋeːtelːæ/
vemmel,/ˈʋemːel/
vassakkaisest,/ˈʋɑsːɑkːɑi̯sestɑ/
vassakkaisest,/ˈʋɑsːɑkːɑi̯sestɑ/
venästyä,/ˈʋenæstyæ/
vene,/ˈʋene/
veräjäpuu,/ˈʋeræjæˌpuː/
vesa,/ˈʋesɑ/
Vennäenmaa,/ˈʋenæːnˌmɑː/
viimevootiin,/ˈʋiːmeˌʋoːtine/
vesiheinä,/ˈʋesiˌhei̯næ/
vesimylly,/ˈʋesiˌmylːy/
viimäin,/ˈʋiːmæi̯ne/
vitsa,/ˈʋit͡sɑ/
vihmoa,/ˈʋihmoɑ/
vetelä,/ˈʋetelæ/
voimakkuussteeppeni,/ˈʋoi̯mɑkːuːsˌsteːpːeni/
viitta,/ˈʋiːtːɑ/
voljnoi,/ˈʋolʲnoi̯/
voona,/ˈʋoːnɑ/
voovvelt,/ˈʋoːʋːeltɑ/
väljä,/ˈʋæljæ/
-vvä,/-ʋːæ/
värissä,/ˈʋærisːæ/
vyyhtiä,/ˈʋyːhtiæ/
vyyhtiä,/ˈʋyːhtiæ/
väry,/ˈʋæry/
yhtperrää,/ˈyhtˌperæː/
ylemmääl,/ˈylemːælːæ/
väsyttää,/ˈʋæsytːæː/
västärö,/ˈʋæstærø/
yliripsut,/ˈyliˌripsut/
yhtäperrää,/ˈyhtæˌperæː/
ympäriil,/ˈympærilːe/
ympäriil,/ˈympærilːe/
äkkinäin,/ˈækːinæi̯ne/
äly,/ˈæly/
yliotsa,/ˈyliˌot͡sɑ/
žaalivoittaa,/ˈʒɑːliʋoi̯tːɑː/
ätälikkö,/ˈætælikːø/
äärees,/ˈæːresːæ/
äärees,/ˈæːresːæ/
äärees,/ˈæːresːæ/
zaliva,/ˈzɑliʋɑ/
emäavanto,/ˈemæˌɑʋɑnto/
boksu,/ˈboksu/
foona,/ˈfoːnɑ/
eitse,/ˈei̯t͡se/
eitse,/ˈei̯t͡se/
bumažnikka,/ˈbumɑʒnikːɑ/
ettää,/ˈetæː/
habrastava,/ˈhɑbrɑstɑʋɑ/
furažka,/ˈfurɑʒkɑ/
hiljain,/ˈhiljɑi̯ne/
heristää,/ˈheristæː/
hallihyle,/ˈhɑlːiˌhyle/
hoomus,/ˈhoːmus/
ihmata,/ˈihmɑtɑ/
Jaama,/ˈjɑːmɑ/
iso,/ˈiso/
iso,/ˈiso/
heinäkeko,/ˈhei̯næˌkeko/
jano,/ˈjɑno/
kalanmarja,/ˈkɑlɑnˌmɑrjɑ/
kambakala,/ˈkɑmbɑˌkɑlɑ/
kannut,/ˈkɑnːut/
kannut,/ˈkɑnːut/
jäärävä koivu,/ˈjæːræʋæ ˈkoi̯ʋu/
jaati,/ˈjɑːti/
jaati,/ˈjɑːti/
keertää,/ˈkeːrtæː/
kesävilla,/ˈkesæˌʋilːɑ/
hoovvata,/ˈhoːʋːɑtɑ/
kirkas,/ˈkirkɑs/
katuška,/ˈkɑtuʃkɑ/
kirjasuma,/ˈkirjɑˌsumɑ/
kletkatetretti,/ˈkletkɑˌtetretːi/
koivumetsä,/ˈkoi̯ʋuˌmet͡sæ/
kuivahua,/ˈkui̯ʋɑhuɑ/
koolleentöö,/ˈkoːlːeːnˌtøː/
kummartaa,/ˈkumːɑrtɑː/
kuuluisa,/ˈkuːlui̯sɑ/
kokkaleuka,/ˈkokːɑˌleu̯kɑ/
kyynelkuu,/ˈkyːnelˌkuː/
koomina,/ˈkoːminɑ/
kylmys,/ˈkylmys/
laisus,/ˈlɑi̯sus/
leppäseeni,/ˈlepːæˌseːni/
latinalain,/ˈlɑtinɑˌlɑi̯ne/
leekuttaa,/ˈleːkutːɑː/
lepytellä,/ˈlepytelːæ/
lupaus,/ˈlupɑ.us/
maasavi,/ˈmɑːˌsɑʋi/
meinnä,/ˈmei̯nːæ/
meglata,/ˈmeɡlɑtɑ/
mancikkain,/ˈmɑnt͡sikːɑi̯ne/
Miikkulanaatto,/ˈmiːkːulɑnˌɑːtːo/
nagrattaa,/ˈnɑɡrɑtːɑː/
noottaapaja,/ˈnoːtːɑˌɑpɑjɑ/
nyrriä,/ˈnyriæ/
metsägolubi,/ˈmet͡sæˌɡolubi/
mullattaa,/ˈmulːɑtːɑː/
oppia,/ˈopːiɑ/
oppia,/ˈopːiɑ/
odrakakku,/ˈodrɑˌkɑkːu/
pikastua,/ˈpikɑstuɑ/
olenisovhoza,/ˈoleniˌsoʋhozɑ/
pahemp,/ˈpɑhempi/
peltomaa,/ˈpeltoˌmɑː/
polucka,/ˈpolut͡ʃkɑ/
pimeneessä,/ˈpimeˌneːsːæ/
päivätähti,/ˈpæi̯ʋæˌtæhti/
polle,/ˈpolːe/
pulmaaika,/ˈpulmɑˌɑi̯kɑ/
poukkulahantka,/ˈpou̯kːuˌlɑhɑntkɑ/
päälimäin,/ˈpæːlimæi̯ne/
reukas,/ˈre.ukɑs/
runni,/ˈrunːi/
rikka,/ˈrikːɑ/
rikka,/ˈrikːɑ/
rappia,/ˈrɑpiɑ/
salvata,/ˈsɑlʋɑtɑ/
sammua,/ˈsɑmːuɑ/
ruutoässä,/ˈruːtoˌæsːæ/
sikälitse,/ˈsikælit͡se/
serppi,/ˈserpːi/
speili,/ˈspei̯li/
syksylliin,/ˈsyksylːine/
synnyttää,/ˈsynːytːæː/
seäl,/ˈseælːæ/
takalasti,/ˈtɑkɑˌlɑsti/
särpää,/ˈsærpæː/
Sofja,/ˈsofjɑ/
tappajaiset,/ˈtɑpːɑjɑi̯set/
traktorista,/ˈtrɑktoˌristɑ/
šommeltaa,/ˈʃomːeltɑː/
uhlu,/ˈuhlu/
tuima,/ˈtui̯mɑ/
uulitsasaraja,/ˈuːlit͡sɑˌsɑrɑjɑ/
varsa,/ˈʋɑrsɑ/
tyttöpää,/ˈtytːøˌpæː/
veittää,/ˈʋei̯tːæː/
vaapukkain,/ˈʋɑːpukːɑi̯ne/
viinaveerre,/ˈʋiːnɑˌʋeːrːe/
vaažnoi,/ˈʋɑːʒnoi̯/
vatsapoolosti,/ˈʋɑt͡sɑˌpoːlosti/
varraa,/ˈʋɑrɑː/
varraa,/ˈʋɑrɑː/
-yä,/-yæ/
-yä,/-yæ/
yksznacnoi,/ˈyksˌznɑt͡ʃnoi̯/
vuhissa,/ˈʋuhisːɑ/
kotain,/ˈkotɑi̯ne/
lainata,/ˈlɑi̯nɑtɑ/
lainata,/ˈlɑi̯nɑtɑ/
mustapunain,/ˈmustɑˌpunɑi̯ne/
mustapunain,/ˈmustɑˌpunɑi̯ne/
metla,/ˈmetlɑ/
lähtemä,/ˈlæhtemæ/
kukkosoittu,/ˈkukːosoi̯tːu/
onkikokka,/ˈoŋkiˌkokːɑ/
ruskia,/ˈruskiɑ/
ruskia,/ˈruskiɑ/
puuraenta,/ˈpuːˌrɑentɑ/
päätagra,/ˈpæːˌtɑɡrɑ/
saunahaltias,/ˈsɑu̯nɑˌhɑltiɑs/
toohkoin,/ˈtoːhkoi̯ne/
rautahammas,/ˈrɑu̯tɑˌhɑmːɑs/
soitto,/ˈsoi̯tːo/
tantsia,/ˈtɑnt͡siɑ/
tantsia,/ˈtɑnt͡siɑ/
